Timestamp,City,NWS High (°F),NWS Rain (%),Meteo High (°F),Meteo Rain (%),TWC High (°F),TWC Rain (%),Average High (°F),Average Rain (%)
2026-09-08 13:00:00,New York City,81.0,0.0,83.5,1.0,,,82.2,0.5
2026-09-08 13:00:00,Chicago,80.0,0.0,82.9,6.0,,,81.5,3.0
2026-09-08 13:00:00,Austin,101.0,15.0,99.5,5.0,,,100.2,10.0
2026-09-08 13:00:00,Miami,89.0,36.0,86.2,16.0,,,87.6,26.0
2026-09-08 13:00:00,Denver,87.0,25.0,85.1,15.0,,,86.0,20.0
2026-09-08 13:00:00,Philadelphia,84.0,0.0,82.7,0.0,,,83.3,0.0
2026-09-08 13:00:00,Los Angeles,95.0,15.0,101.2,3.0,,,98.1,9.0
2026-09-08 13:00:00,Las Vegas,99.0,3.0,102.1,2.0,,,100.5,2.5
2026-09-08 13:00:00,New Orleans,90.0,36.0,89.5,26.0,,,89.8,31.0
2026-09-08 13:00:00,San Francisco,82.0,1.0,,,,,82.0,1.0
2026-09-08 13:00:00,Washington DC,88.0,0.0,,,,,88.0,0.0
2026-09-08 13:00:00,Seattle,72.0,0.0,,,,,72.0,0.0
2026-09-08 13:00:00,Boston,79.0,6.0,,,,,79.0,6.0
2026-09-08 13:00:00,Phoenix,108.0,4.0,,,,,108.0,4.0
2026-09-08 13:00:00,Atlanta,89.0,0.0,89.2,2.0,,,89.1,1.0
2026-09-08 13:00:00,Minneapolis,81.0,39.0,87.0,56.0,,,84.0,47.5
2026-09-08 13:00:00,Dallas,102.0,10.0,99.8,3.0,,,100.9,6.5
2026-09-08 13:00:00,San Antonio,100.0,10.0,99.0,14.0,,,99.5,12.0
2026-09-08 13:00:00,Houston,93.0,26.0,92.4,24.0,,,92.7,25.0
2026-09-08 13:00:00,Oklahoma City,101.0,1.0,100.7,2.0,,,100.8,1.5
2026-09-08 13:00:00,Newark,83.0,0.0,83.3,1.0,,,83.2,0.5
2026-09-08 13:00:00,Trenton,83.0,0.0,82.0,1.0,,,82.5,0.5
2026-09-08 14:00:00,New York City,81.0,0.0,83.5,1.0,,,82.2,0.5
2026-09-08 14:00:00,Chicago,80.0,0.0,82.9,5.0,,,81.5,2.5
2026-09-08 14:00:00,Austin,101.0,15.0,99.5,5.0,,,100.2,10.0
2026-09-08 14:00:00,Miami,89.0,36.0,86.2,14.0,,,87.6,25.0
2026-09-08 14:00:00,Denver,87.0,25.0,85.1,15.0,,,86.0,20.0
2026-09-08 14:00:00,Philadelphia,84.0,0.0,82.7,0.0,,,83.3,0.0
2026-09-08 14:00:00,Los Angeles,95.0,15.0,101.2,3.0,,,98.1,9.0
2026-09-08 14:00:00,Las Vegas,99.0,3.0,102.1,2.0,,,100.5,2.5
2026-09-08 14:00:00,New Orleans,90.0,36.0,89.5,18.0,,,89.8,27.0
2026-09-08 14:00:00,San Francisco,82.0,1.0,,,,,82.0,1.0
2026-09-08 14:00:00,Washington DC,89.0,0.0,,,,,89.0,0.0
2026-09-08 14:00:00,Seattle,72.0,0.0,,,,,72.0,0.0
2026-09-08 14:00:00,Boston,79.0,6.0,,,,,79.0,6.0
2026-09-08 14:00:00,Phoenix,108.0,4.0,,,,,108.0,4.0
2026-09-08 14:00:00,Atlanta,89.0,0.0,,,,,89.0,0.0
2026-09-08 14:00:00,Minneapolis,81.0,35.0,,,,,81.0,35.0
2026-09-08 14:00:00,Dallas,102.0,10.0,,,,,102.0,10.0
2026-09-08 14:00:00,San Antonio,100.0,10.0,,,,,100.0,10.0
2026-09-08 14:00:00,Houston,93.0,26.0,91.5,32.0,,,92.2,29.0
2026-09-08 14:00:00,Oklahoma City,101.0,1.0,100.9,2.0,,,101.0,1.5
2026-09-08 14:00:00,Newark,83.0,0.0,83.9,1.0,,,83.5,0.5
2026-09-08 14:00:00,Trenton,83.0,0.0,82.1,1.0,,,82.5,0.5
2026-09-08 15:00:00,New York City,81.0,0.0,84.1,1.0,,,82.5,0.5
2026-09-08 15:00:00,Chicago,80.0,8.0,84.4,5.0,,,82.2,6.5
2026-09-08 15:00:00,Austin,101.0,15.0,98.9,5.0,,,100.0,10.0
2026-09-08 15:00:00,Miami,89.0,36.0,87.2,15.0,,,88.1,25.5
2026-09-08 15:00:00,Denver,87.0,25.0,85.8,16.0,,,86.4,20.5
2026-09-08 15:00:00,Philadelphia,84.0,0.0,82.8,0.0,,,83.4,0.0
2026-09-08 15:00:00,Los Angeles,95.0,26.0,99.2,3.0,,,97.1,14.5
2026-09-08 15:00:00,Las Vegas,99.0,3.0,101.3,2.0,,,100.2,2.5
2026-09-08 15:00:00,New Orleans,90.0,36.0,87.7,24.0,,,88.8,30.0
2026-09-08 15:00:00,San Francisco,82.0,1.0,89.0,1.0,,,85.5,1.0
2026-09-08 15:00:00,Washington DC,89.0,0.0,87.0,0.0,,,88.0,0.0
2026-09-08 15:00:00,Seattle,72.0,0.0,71.1,1.0,,,71.5,0.5
2026-09-08 15:00:00,Boston,79.0,6.0,,,,,79.0,6.0
2026-09-08 15:00:00,Phoenix,108.0,4.0,,,,,108.0,4.0
2026-09-08 15:00:00,Atlanta,89.0,0.0,,,,,89.0,0.0
2026-09-08 15:00:00,Minneapolis,81.0,20.0,,,,,81.0,20.0
2026-09-08 15:00:00,Dallas,102.0,10.0,,,,,102.0,10.0
2026-09-08 15:00:00,San Antonio,100.0,10.0,,,,,100.0,10.0
2026-09-08 15:00:00,Houston,93.0,26.0,,,,,93.0,26.0
2026-09-08 15:00:00,Oklahoma City,101.0,1.0,,,,,101.0,1.0
2026-09-08 15:00:00,Newark,83.0,0.0,,,,,83.0,0.0
2026-09-08 15:00:00,Trenton,83.0,0.0,82.1,0.0,,,82.5,0.0
2026-09-08 16:00:00,New York City,81.0,0.0,84.3,1.0,,,82.7,0.5
2026-09-08 16:00:00,Chicago,80.0,8.0,82.3,4.0,,,81.2,6.0
2026-09-08 16:00:00,Austin,101.0,15.0,99.5,5.0,,,100.2,10.0
2026-09-08 16:00:00,Miami,89.0,36.0,86.8,14.0,,,87.9,25.0
2026-09-08 16:00:00,Denver,87.0,25.0,86.7,16.0,,,86.8,20.5
2026-09-08 16:00:00,Philadelphia,84.0,0.0,83.4,0.0,,,83.7,0.0
2026-09-08 16:00:00,Los Angeles,95.0,26.0,96.6,5.0,,,95.8,15.5
2026-09-08 16:00:00,Las Vegas,99.0,3.0,102.1,2.0,,,100.5,2.5
2026-09-08 16:00:00,New Orleans,90.0,36.0,85.8,22.0,,,87.9,29.0
2026-09-08 16:00:00,San Francisco,82.0,1.0,,,,,82.0,1.0
2026-09-08 16:00:00,Washington DC,89.0,0.0,,,,,89.0,0.0
2026-09-08 16:00:00,Seattle,72.0,0.0,,,,,72.0,0.0
2026-09-08 16:00:00,Boston,79.0,6.0,,,,,79.0,6.0
2026-09-08 16:00:00,Phoenix,108.0,4.0,,,,,108.0,4.0
2026-09-08 16:00:00,Atlanta,89.0,0.0,,,,,89.0,0.0
2026-09-08 16:00:00,Minneapolis,81.0,20.0,,,,,81.0,20.0
2026-09-08 16:00:00,Dallas,102.0,10.0,,,,,102.0,10.0
2026-09-08 16:00:00,San Antonio,100.0,10.0,99.5,7.0,,,99.8,8.5
2026-09-08 16:00:00,Houston,93.0,26.0,91.7,22.0,,,92.3,24.0
2026-09-08 16:00:00,Oklahoma City,101.0,1.0,100.5,2.0,,,100.8,1.5
2026-09-08 16:00:00,Newark,83.0,0.0,84.5,1.0,,,83.8,0.5
2026-09-08 16:00:00,Trenton,83.0,0.0,82.7,0.0,,,82.8,0.0
2026-09-08 17:00:00,New York City,81.0,0.0,84.0,1.0,,,82.5,0.5
2026-09-08 17:00:00,Chicago,80.0,8.0,82.8,5.0,,,81.4,6.5
2026-09-08 17:00:00,Austin,101.0,15.0,99.8,3.0,,,100.4,9.0
2026-09-08 17:00:00,Miami,89.0,36.0,86.7,12.0,,,87.8,24.0
2026-09-08 17:00:00,Denver,87.0,25.0,87.7,20.0,,,87.3,22.5
2026-09-08 17:00:00,Philadelphia,84.0,0.0,83.6,0.0,,,83.8,0.0
2026-09-08 17:00:00,Los Angeles,95.0,26.0,99.2,7.0,,,97.1,16.5
2026-09-08 17:00:00,Las Vegas,99.0,3.0,101.7,2.0,,,100.3,2.5
2026-09-08 17:00:00,New Orleans,90.0,36.0,89.3,30.0,,,89.7,33.0
2026-09-08 17:00:00,San Francisco,82.0,1.0,,,,,82.0,1.0
2026-09-08 17:00:00,Washington DC,89.0,0.0,,,,,89.0,0.0
2026-09-08 17:00:00,Seattle,72.0,0.0,,,,,72.0,0.0
2026-09-08 17:00:00,Boston,79.0,6.0,,,,,79.0,6.0
2026-09-08 17:00:00,Phoenix,108.0,4.0,,,,,108.0,4.0
2026-09-08 17:00:00,Atlanta,89.0,0.0,,,,,89.0,0.0
2026-09-08 17:00:00,Minneapolis,81.0,20.0,,,,,81.0,20.0
2026-09-08 17:00:00,Dallas,102.0,10.0,,,,,102.0,10.0
2026-09-08 17:00:00,San Antonio,100.0,10.0,,,,,100.0,10.0
2026-09-08 17:00:00,Houston,93.0,26.0,89.5,16.0,,,91.2,21.0
2026-09-08 17:00:00,Oklahoma City,101.0,1.0,100.5,0.0,,,100.8,0.5
2026-09-08 17:00:00,Newark,83.0,0.0,84.3,1.0,,,83.7,0.5
2026-09-08 17:00:00,Trenton,83.0,0.0,82.8,1.0,,,82.9,0.5
2026-09-08 18:00:00,New York City,81.0,0.0,83.4,1.0,,,82.2,0.5
2026-09-08 18:00:00,Chicago,80.0,8.0,79.0,7.0,,,79.5,7.5
2026-09-08 18:00:00,Austin,101.0,15.0,100.2,3.0,,,100.6,9.0
2026-09-08 18:00:00,Miami,89.0,36.0,86.6,12.0,,,87.8,24.0
2026-09-08 18:00:00,Denver,87.0,25.0,87.4,19.0,,,87.2,22.0
2026-09-08 18:00:00,Philadelphia,84.0,0.0,83.6,0.0,,,83.8,0.0
2026-09-08 18:00:00,Los Angeles,95.0,15.0,95.1,21.0,,,95.0,18.0
2026-09-08 18:00:00,Las Vegas,99.0,3.0,102.7,2.0,,,100.8,2.5
2026-09-08 18:00:00,New Orleans,90.0,36.0,88.9,24.0,,,89.5,30.0
2026-09-08 18:00:00,San Francisco,82.0,1.0,87.5,0.0,,,84.8,0.5
2026-09-08 18:00:00,Washington DC,89.0,0.0,87.9,1.0,,,88.5,0.5
2026-09-08 18:00:00,Seattle,72.0,0.0,,,,,72.0,0.0
2026-09-08 18:00:00,Boston,79.0,6.0,,,,,79.0,6.0
2026-09-08 18:00:00,Phoenix,108.0,4.0,,,,,108.0,4.0
2026-09-08 18:00:00,Atlanta,89.0,0.0,,,,,89.0,0.0
2026-09-08 18:00:00,Minneapolis,81.0,19.0,,,,,81.0,19.0
2026-09-08 18:00:00,Dallas,102.0,10.0,,,,,102.0,10.0
2026-09-08 18:00:00,San Antonio,100.0,10.0,,,,,100.0,10.0
2026-09-08 18:00:00,Houston,93.0,26.0,,,,,93.0,26.0
2026-09-08 18:00:00,Oklahoma City,101.0,1.0,,,,,101.0,1.0
2026-09-08 18:00:00,Newark,83.0,0.0,,,,,83.0,0.0
2026-09-08 18:00:00,Trenton,83.0,0.0,82.5,1.0,,,82.8,0.5
2026-09-08 19:00:00,New York City,81.0,0.0,83.4,1.0,,,82.2,0.5
2026-09-08 19:00:00,Chicago,78.0,0.0,79.0,7.0,,,78.5,3.5
2026-09-08 19:00:00,Austin,101.0,15.0,100.2,3.0,,,100.6,9.0
2026-09-08 19:00:00,Miami,89.0,32.0,86.6,12.0,,,87.8,22.0
2026-09-08 19:00:00,Denver,87.0,25.0,87.4,19.0,,,87.2,22.0
2026-09-08 19:00:00,Philadelphia,84.0,0.0,83.6,0.0,,,83.8,0.0
2026-09-08 19:00:00,Los Angeles,95.0,26.0,95.1,21.0,,,95.0,23.5
2026-09-08 19:00:00,Las Vegas,99.0,3.0,102.7,2.0,,,100.8,2.5
2026-09-08 19:00:00,New Orleans,90.0,36.0,,,,,90.0,36.0
2026-09-08 19:00:00,San Francisco,82.0,1.0,,,,,82.0,1.0
2026-09-08 19:00:00,Washington DC,89.0,0.0,,,,,89.0,0.0
2026-09-08 19:00:00,Seattle,72.0,0.0,,,,,72.0,0.0
2026-09-08 19:00:00,Boston,79.0,2.0,,,,,79.0,2.0
2026-09-08 19:00:00,Phoenix,108.0,2.0,,,,,108.0,2.0
2026-09-08 19:00:00,Atlanta,89.0,0.0,,,,,89.0,0.0
2026-09-08 19:00:00,Minneapolis,81.0,19.0,83.7,56.0,,,82.3,37.5
2026-09-08 19:00:00,Dallas,102.0,6.0,99.9,1.0,,,101.0,3.5
2026-09-08 19:00:00,San Antonio,100.0,10.0,99.1,4.0,,,99.5,7.0
2026-09-08 19:00:00,Houston,93.0,26.0,89.3,27.0,,,91.2,26.5
2026-09-08 19:00:00,Oklahoma City,101.0,1.0,100.6,0.0,,,100.8,0.5
2026-09-08 19:00:00,Newark,83.0,0.0,83.1,1.0,,,83.0,0.5
2026-09-08 19:00:00,Trenton,83.0,0.0,82.5,1.0,,,82.8,0.5
2026-09-08 20:00:00,New York City,81.0,0.0,82.9,1.0,,,82.0,0.5
2026-09-08 20:00:00,Chicago,78.0,0.0,80.3,5.0,,,79.2,2.5
2026-09-08 20:00:00,Austin,101.0,15.0,99.8,3.0,,,100.4,9.0
2026-09-08 20:00:00,Miami,89.0,32.0,87.3,13.0,,,88.2,22.5
2026-09-08 20:00:00,Denver,86.0,25.0,87.7,18.0,,,86.8,21.5
2026-09-08 20:00:00,Philadelphia,84.0,0.0,83.9,0.0,,,84.0,0.0
2026-09-08 20:00:00,Los Angeles,95.0,26.0,100.1,33.0,,,97.5,29.5
2026-09-08 20:00:00,Las Vegas,99.0,2.0,101.7,2.0,,,100.3,2.0
2026-09-08 20:00:00,New Orleans,90.0,32.0,88.6,24.0,,,89.3,28.0
2026-09-08 20:00:00,San Francisco,82.0,0.0,87.1,0.0,,,84.5,0.0
2026-09-08 20:00:00,Washington DC,89.0,0.0,87.6,1.0,,,88.3,0.5
2026-09-08 20:00:00,Seattle,72.0,0.0,,,,,72.0,0.0
2026-09-08 20:00:00,Boston,79.0,2.0,,,,,79.0,2.0
2026-09-08 20:00:00,Phoenix,108.0,2.0,,,,,108.0,2.0
2026-09-08 20:00:00,Atlanta,89.0,0.0,,,,,89.0,0.0
2026-09-08 20:00:00,Minneapolis,81.0,19.0,,,,,81.0,19.0
2026-09-08 20:00:00,Dallas,102.0,6.0,,,,,102.0,6.0
2026-09-08 20:00:00,San Antonio,99.0,10.0,,,,,99.0,10.0
2026-09-08 20:00:00,Houston,93.0,32.0,,,,,93.0,32.0
2026-09-08 20:00:00,Oklahoma City,101.0,1.0,,,,,101.0,1.0
2026-09-08 20:00:00,Newark,83.0,0.0,,,,,83.0,0.0
2026-09-08 20:00:00,Trenton,83.0,0.0,82.3,1.0,,,82.7,0.5
2026-09-08 21:00:00,New York City,81.0,0.0,82.5,0.0,,,81.8,0.0
2026-09-08 21:00:00,Chicago,78.0,0.0,80.8,7.0,,,79.4,3.5
2026-09-08 21:00:00,Austin,101.0,15.0,99.8,3.0,,,100.4,9.0
2026-09-08 21:00:00,Miami,89.0,32.0,87.3,14.0,,,88.2,23.0
2026-09-08 21:00:00,Denver,86.0,25.0,86.8,16.0,,,86.4,20.5
2026-09-08 21:00:00,Philadelphia,85.0,0.0,83.8,0.0,,,84.4,0.0
2026-09-08 21:00:00,Los Angeles,95.0,24.0,95.9,33.0,,,95.5,28.5
2026-09-08 21:00:00,Las Vegas,99.0,2.0,101.0,2.0,,,100.0,2.0
2026-09-08 21:00:00,New Orleans,90.0,21.0,,,,,90.0,21.0
2026-09-08 21:00:00,San Francisco,82.0,0.0,,,,,82.0,0.0
2026-09-08 21:00:00,Washington DC,85.0,0.0,,,,,85.0,0.0
2026-09-08 21:00:00,Seattle,72.0,0.0,,,,,72.0,0.0
2026-09-08 21:00:00,Boston,79.0,2.0,,,,,79.0,2.0
2026-09-08 21:00:00,Phoenix,108.0,2.0,,,,,108.0,2.0
2026-09-08 21:00:00,Atlanta,89.0,0.0,,,,,89.0,0.0
2026-09-08 21:00:00,Minneapolis,81.0,19.0,,,,,81.0,19.0
2026-09-08 21:00:00,Dallas,102.0,6.0,100.6,1.0,,,101.3,3.5
2026-09-08 21:00:00,San Antonio,99.0,10.0,99.6,4.0,,,99.3,7.0
2026-09-08 21:00:00,Houston,93.0,27.0,92.8,30.0,,,92.9,28.5
2026-09-08 21:00:00,Oklahoma City,101.0,1.0,101.0,1.0,,,101.0,1.0
2026-09-08 21:00:00,Newark,83.0,0.0,82.2,0.0,,,82.6,0.0
2026-09-08 21:00:00,Trenton,85.0,0.0,82.8,0.0,,,83.9,0.0
2026-09-08 22:00:00,New York City,81.0,0.0,82.5,0.0,,,81.8,0.0
2026-09-08 22:00:00,Chicago,78.0,0.0,80.8,7.0,,,79.4,3.5
2026-09-08 22:00:00,Austin,101.0,15.0,100.3,3.0,,,100.7,9.0
2026-09-08 22:00:00,Miami,89.0,32.0,87.3,14.0,,,88.2,23.0
2026-09-08 22:00:00,Denver,86.0,25.0,86.5,16.0,,,86.2,20.5
2026-09-08 22:00:00,Philadelphia,85.0,0.0,83.8,0.0,,,84.4,0.0
2026-09-08 22:00:00,Los Angeles,95.0,24.0,96.8,33.0,,,95.9,28.5
2026-09-08 22:00:00,Las Vegas,99.0,2.0,99.9,2.0,,,99.5,2.0
2026-09-08 22:00:00,New Orleans,90.0,32.0,88.6,25.0,,,89.3,28.5
2026-09-08 22:00:00,San Francisco,82.0,0.0,88.1,0.0,,,85.0,0.0
2026-09-08 22:00:00,Washington DC,85.0,0.0,85.8,1.0,,,85.4,0.5
2026-09-08 22:00:00,Seattle,72.0,0.0,70.6,1.0,,,71.3,0.5
2026-09-08 22:00:00,Boston,79.0,2.0,79.9,4.0,,,79.5,3.0
2026-09-08 22:00:00,Phoenix,108.0,2.0,107.0,7.0,,,107.5,4.5
2026-09-08 22:00:00,Atlanta,89.0,0.0,88.1,2.0,,,88.5,1.0
2026-09-08 22:00:00,Minneapolis,81.0,19.0,83.4,56.0,,,82.2,37.5
2026-09-08 22:00:00,Dallas,102.0,6.0,100.6,1.0,,,101.3,3.5
2026-09-08 22:00:00,San Antonio,99.0,10.0,99.9,4.0,,,99.5,7.0
2026-09-08 22:00:00,Houston,93.0,32.0,92.5,30.0,,,92.8,31.0
2026-09-08 22:00:00,Oklahoma City,101.0,1.0,102.7,1.0,,,101.8,1.0
2026-09-08 22:00:00,Newark,88.0,1.0,82.2,0.0,,,85.1,0.5
2026-09-08 22:00:00,Trenton,85.0,0.0,83.5,0.0,,,84.2,0.0
2026-09-08 23:00:00,New York City,84.0,1.0,82.5,0.0,,,83.2,0.5
2026-09-08 23:00:00,Chicago,78.0,0.0,80.8,8.0,,,79.4,4.0
2026-09-08 23:00:00,Austin,101.0,15.0,100.7,3.0,,,100.8,9.0
2026-09-08 23:00:00,Miami,89.0,42.0,87.3,14.0,,,88.2,28.0
2026-09-08 23:00:00,Denver,86.0,25.0,86.3,24.0,,,86.2,24.5
2026-09-08 23:00:00,Philadelphia,87.0,1.0,83.8,0.0,,,85.4,0.5
2026-09-08 23:00:00,Los Angeles,95.0,24.0,94.1,33.0,,,94.5,28.5
2026-09-08 23:00:00,Las Vegas,99.0,2.0,99.3,2.0,,,99.2,2.0
2026-09-08 23:00:00,New Orleans,90.0,32.0,88.6,25.0,,,89.3,28.5
2026-09-08 23:00:00,San Francisco,82.0,0.0,87.7,0.0,,,84.8,0.0
2026-09-08 23:00:00,Washington DC,89.0,1.0,85.8,1.0,,,87.4,1.0
2026-09-08 23:00:00,Seattle,72.0,0.0,70.6,1.0,,,71.3,0.5
2026-09-08 23:00:00,Boston,81.0,5.0,,,,,81.0,5.0
2026-09-08 23:00:00,Phoenix,108.0,2.0,,,,,108.0,2.0
2026-09-08 23:00:00,Atlanta,91.0,1.0,,,,,91.0,1.0
2026-09-08 23:00:00,Minneapolis,81.0,19.0,,,,,81.0,19.0
2026-09-08 23:00:00,Dallas,102.0,11.0,,,,,102.0,11.0
2026-09-08 23:00:00,San Antonio,99.0,10.0,,,,,99.0,10.0
2026-09-08 23:00:00,Houston,93.0,20.0,,,,,93.0,20.0
2026-09-08 23:00:00,Oklahoma City,101.0,1.0,,,,,101.0,1.0
2026-09-08 23:00:00,Newark,88.0,1.0,82.2,0.0,,,85.1,0.5
2026-09-08 23:00:00,Trenton,87.0,1.0,83.5,0.0,,,85.2,0.5
2026-09-09 00:00:00,New York City,84.0,1.0,82.5,0.0,,,83.2,0.5
2026-09-09 00:00:00,Chicago,80.0,61.0,81.3,9.0,,,80.7,35.0
2026-09-09 00:00:00,Austin,100.0,18.0,100.7,3.0,,,100.3,10.5
2026-09-09 00:00:00,Miami,89.0,42.0,87.3,14.0,,,88.2,28.0
2026-09-09 00:00:00,Denver,86.0,25.0,87.9,24.0,,,87.0,24.5
2026-09-09 00:00:00,Philadelphia,87.0,1.0,83.8,0.0,,,85.4,0.5
2026-09-09 00:00:00,Los Angeles,95.0,24.0,91.4,33.0,,,93.2,28.5
2026-09-09 00:00:00,Las Vegas,99.0,2.0,99.2,1.0,,,99.1,1.5
2026-09-09 00:00:00,New Orleans,89.0,66.0,88.6,25.0,,,88.8,45.5
2026-09-09 00:00:00,San Francisco,82.0,0.0,,,,,82.0,0.0
2026-09-09 00:00:00,Washington DC,89.0,1.0,,,,,89.0,1.0
2026-09-09 00:00:00,Seattle,72.0,0.0,,,,,72.0,0.0
2026-09-09 00:00:00,Boston,81.0,5.0,,,,,81.0,5.0
2026-09-09 00:00:00,Phoenix,108.0,2.0,,,,,108.0,2.0
2026-09-09 00:00:00,Atlanta,91.0,1.0,,,,,91.0,1.0
2026-09-09 00:00:00,Minneapolis,79.0,0.0,,,,,79.0,0.0
2026-09-09 00:00:00,Dallas,101.0,5.0,,,,,101.0,5.0
2026-09-09 00:00:00,San Antonio,98.0,19.0,,,,,98.0,19.0
2026-09-09 00:00:00,Houston,92.0,45.0,92.5,24.0,,,92.2,34.5
2026-09-09 00:00:00,Oklahoma City,101.0,2.0,102.8,0.0,,,101.9,1.0
2026-09-09 00:00:00,Newark,88.0,1.0,82.2,0.0,,,85.1,0.5
2026-09-09 00:00:00,Trenton,87.0,1.0,83.5,0.0,,,85.2,0.5
2026-09-09 01:00:00,New York City,84.0,1.0,82.5,0.0,,,83.2,0.5
2026-09-09 01:00:00,Chicago,80.0,61.0,81.8,9.0,,,80.9,35.0
2026-09-09 01:00:00,Austin,100.0,18.0,100.7,3.0,,,100.3,10.5
2026-09-09 01:00:00,Miami,89.0,42.0,87.3,14.0,,,88.2,28.0
2026-09-09 01:00:00,Denver,83.0,0.0,87.9,24.0,,,85.5,12.0
2026-09-09 01:00:00,Philadelphia,87.0,1.0,83.8,0.0,,,85.4,0.5
2026-09-09 01:00:00,Los Angeles,100.0,5.0,91.4,33.0,,,95.7,19.0
2026-09-09 01:00:00,Las Vegas,105.0,1.0,99.0,1.0,,,102.0,1.0
2026-09-09 01:00:00,New Orleans,89.0,66.0,88.6,25.0,,,88.8,45.5
2026-09-09 01:00:00,San Francisco,82.0,0.0,87.3,0.0,,,84.7,0.0
2026-09-09 01:00:00,Washington DC,89.0,1.0,85.8,1.0,,,87.4,1.0
2026-09-09 01:00:00,Seattle,72.0,0.0,71.1,1.0,,,71.5,0.5
2026-09-09 01:00:00,Boston,81.0,5.0,79.9,4.0,,,80.5,4.5
2026-09-09 01:00:00,Phoenix,108.0,2.0,107.2,7.0,,,107.6,4.5
2026-09-09 01:00:00,Atlanta,91.0,1.0,88.1,2.0,,,89.5,1.5
2026-09-09 01:00:00,Minneapolis,79.0,0.0,80.9,56.0,,,80.0,28.0
2026-09-09 01:00:00,Dallas,101.0,5.0,101.8,1.0,,,101.4,3.0
2026-09-09 01:00:00,San Antonio,98.0,19.0,100.9,3.0,,,99.5,11.0
2026-09-09 01:00:00,Houston,92.0,45.0,,,,,92.0,45.0
2026-09-09 01:00:00,Oklahoma City,101.0,2.0,,,,,101.0,2.0
2026-09-09 01:00:00,Newark,88.0,1.0,,,,,88.0,1.0
2026-09-09 01:00:00,Trenton,87.0,1.0,,,,,87.0,1.0
2026-09-09 02:00:00,New York City,84.0,1.0,82.5,0.0,,,83.2,0.5
2026-09-09 02:00:00,Chicago,80.0,62.0,81.8,9.0,,,80.9,35.5
2026-09-09 02:00:00,Austin,100.0,18.0,100.7,3.0,,,100.3,10.5
2026-09-09 02:00:00,Miami,89.0,42.0,87.3,14.0,,,88.2,28.0
2026-09-09 02:00:00,Denver,83.0,0.0,87.9,24.0,,,85.5,12.0
2026-09-09 02:00:00,Philadelphia,87.0,1.0,83.8,0.0,,,85.4,0.5
2026-09-09 02:00:00,Los Angeles,100.0,5.0,91.4,33.0,,,95.7,19.0
2026-09-09 02:00:00,Las Vegas,105.0,1.0,100.2,1.0,,,102.6,1.0
2026-09-09 02:00:00,New Orleans,89.0,66.0,88.6,25.0,,,88.8,45.5
2026-09-09 02:00:00,San Francisco,89.0,1.0,87.3,0.0,,,88.2,0.5
2026-09-09 02:00:00,Washington DC,89.0,1.0,85.8,1.0,,,87.4,1.0
2026-09-09 02:00:00,Seattle,75.0,1.0,71.1,1.0,,,73.0,1.0
2026-09-09 02:00:00,Boston,81.0,5.0,79.9,4.0,,,80.5,4.5
2026-09-09 02:00:00,Phoenix,107.0,4.0,107.2,7.0,,,107.1,5.5
2026-09-09 02:00:00,Atlanta,91.0,1.0,88.1,2.0,,,89.5,1.5
2026-09-09 02:00:00,Minneapolis,79.0,1.0,80.9,56.0,,,80.0,28.5
2026-09-09 02:00:00,Dallas,101.0,5.0,101.8,1.0,,,101.4,3.0
2026-09-09 02:00:00,San Antonio,98.0,19.0,100.9,3.0,,,99.5,11.0
2026-09-09 02:00:00,Houston,92.0,45.0,92.5,24.0,,,92.2,34.5
2026-09-09 02:00:00,Oklahoma City,101.0,2.0,102.8,0.0,,,101.9,1.0
2026-09-09 02:00:00,Newark,88.0,1.0,82.2,0.0,,,85.1,0.5
2026-09-09 02:00:00,Trenton,87.0,1.0,83.5,0.0,,,85.2,0.5
2026-09-09 03:00:00,New York City,84.0,1.0,82.5,0.0,,,83.2,0.5
2026-09-09 03:00:00,Chicago,80.0,62.0,81.8,10.0,,,80.9,36.0
2026-09-09 03:00:00,Austin,100.0,18.0,100.7,3.0,,,100.3,10.5
2026-09-09 03:00:00,Miami,89.0,42.0,87.3,14.0,,,88.2,28.0
2026-09-09 03:00:00,Denver,83.0,0.0,87.9,24.0,,,85.5,12.0
2026-09-09 03:00:00,Philadelphia,87.0,1.0,83.8,0.0,,,85.4,0.5
2026-09-09 03:00:00,Los Angeles,100.0,5.0,91.4,33.0,,,95.7,19.0
2026-09-09 03:00:00,Las Vegas,105.0,1.0,100.2,1.0,,,102.6,1.0
2026-09-09 03:00:00,New Orleans,89.0,66.0,88.6,25.0,,,88.8,45.5
2026-09-09 03:00:00,San Francisco,89.0,1.0,87.3,0.0,,,88.2,0.5
2026-09-09 03:00:00,Washington DC,89.0,1.0,85.8,1.0,,,87.4,1.0
2026-09-09 03:00:00,Seattle,75.0,1.0,,,,,75.0,1.0
2026-09-09 03:00:00,Boston,78.0,14.0,,,,,78.0,14.0
2026-09-09 03:00:00,Phoenix,107.0,4.0,,,,,107.0,4.0
2026-09-09 03:00:00,Atlanta,91.0,1.0,,,,,91.0,1.0
2026-09-09 03:00:00,Minneapolis,79.0,1.0,,,,,79.0,1.0
2026-09-09 03:00:00,Dallas,101.0,5.0,,,,,101.0,5.0
2026-09-09 03:00:00,San Antonio,98.0,19.0,,,,,98.0,19.0
2026-09-09 03:00:00,Houston,92.0,45.0,,,,,92.0,45.0
2026-09-09 03:00:00,Oklahoma City,101.0,2.0,,,,,101.0,2.0
2026-09-09 03:00:00,Newark,88.0,1.0,,,,,88.0,1.0
2026-09-09 03:00:00,Trenton,87.0,1.0,,,,,87.0,1.0
2026-09-09 04:00:00,New York City,84.0,1.0,85.3,4.0,,,84.7,2.5
2026-09-09 04:00:00,Chicago,80.0,62.0,81.8,7.0,,,80.9,34.5
2026-09-09 04:00:00,Austin,100.0,18.0,100.7,3.0,,,100.3,10.5
2026-09-09 04:00:00,Miami,89.0,42.0,87.5,17.0,,,88.2,29.5
2026-09-09 04:00:00,Denver,83.0,0.0,87.9,24.0,,,85.5,12.0
2026-09-09 04:00:00,Philadelphia,87.0,1.0,86.6,3.0,,,86.8,2.0
2026-09-09 04:00:00,Los Angeles,100.0,5.0,91.4,33.0,,,95.7,19.0
2026-09-09 04:00:00,Las Vegas,105.0,1.0,100.2,1.0,,,102.6,1.0
2026-09-09 04:00:00,New Orleans,89.0,66.0,88.6,25.0,,,88.8,45.5
2026-09-09 04:00:00,San Francisco,89.0,1.0,87.3,0.0,,,88.2,0.5
2026-09-09 04:00:00,Washington DC,89.0,1.0,90.3,2.0,,,89.7,1.5
2026-09-09 04:00:00,Seattle,75.0,1.0,71.1,1.0,,,73.0,1.0
2026-09-09 04:00:00,Boston,78.0,14.0,79.0,19.0,,,78.5,16.5
2026-09-09 04:00:00,Phoenix,107.0,4.0,107.2,7.0,,,107.1,5.5
2026-09-09 04:00:00,Atlanta,91.0,1.0,,,,,91.0,1.0
2026-09-09 04:00:00,Minneapolis,79.0,1.0,,,,,79.0,1.0
2026-09-09 04:00:00,Dallas,101.0,5.0,,,,,101.0,5.0
2026-09-09 04:00:00,San Antonio,98.0,19.0,,,,,98.0,19.0
2026-09-09 04:00:00,Houston,92.0,45.0,,,,,92.0,45.0
2026-09-09 04:00:00,Oklahoma City,101.0,2.0,,,,,101.0,2.0
2026-09-09 04:00:00,Newark,88.0,1.0,,,,,88.0,1.0
2026-09-09 04:00:00,Trenton,87.0,1.0,,,,,87.0,1.0
2026-09-09 05:00:00,New York City,84.0,1.0,84.3,5.0,,,84.2,3.0
2026-09-09 05:00:00,Chicago,80.0,62.0,79.1,74.0,,,79.5,68.0
2026-09-09 05:00:00,Austin,100.0,18.0,98.0,10.0,,,99.0,14.0
2026-09-09 05:00:00,Miami,89.0,42.0,88.3,15.0,,,88.7,28.5
2026-09-09 05:00:00,Denver,83.0,0.0,87.9,24.0,,,85.5,12.0
2026-09-09 05:00:00,Philadelphia,87.0,1.0,86.0,3.0,,,86.5,2.0
2026-09-09 05:00:00,Los Angeles,100.0,5.0,91.4,33.0,,,95.7,19.0
2026-09-09 05:00:00,Las Vegas,105.0,1.0,100.2,1.0,,,102.6,1.0
2026-09-09 05:00:00,New Orleans,89.0,66.0,89.7,8.0,,,89.3,37.0
2026-09-09 05:00:00,San Francisco,89.0,1.0,87.3,0.0,,,88.2,0.5
2026-09-09 05:00:00,Washington DC,89.0,1.0,,,,,89.0,1.0
2026-09-09 05:00:00,Seattle,75.0,1.0,,,,,75.0,1.0
2026-09-09 05:00:00,Boston,78.0,14.0,,,,,78.0,14.0
2026-09-09 05:00:00,Phoenix,107.0,4.0,,,,,107.0,4.0
2026-09-09 05:00:00,Atlanta,91.0,1.0,,,,,91.0,1.0
2026-09-09 05:00:00,Minneapolis,79.0,1.0,,,,,79.0,1.0
2026-09-09 05:00:00,Dallas,101.0,5.0,,,,,101.0,5.0
2026-09-09 05:00:00,San Antonio,98.0,19.0,,,,,98.0,19.0
2026-09-09 05:00:00,Houston,91.0,36.0,91.1,20.0,,,91.0,28.0
2026-09-09 05:00:00,Oklahoma City,101.0,2.0,101.9,9.0,,,101.5,5.5
2026-09-09 05:00:00,Newark,88.0,1.0,86.5,5.0,,,87.2,3.0
2026-09-09 05:00:00,Trenton,87.0,1.0,85.3,5.0,,,86.2,3.0
2026-09-09 06:00:00,New York City,84.0,1.0,84.1,5.0,,,84.0,3.0
2026-09-09 06:00:00,Chicago,76.0,62.0,81.7,75.0,,,78.8,68.5
2026-09-09 06:00:00,Austin,100.0,18.0,98.2,9.0,,,99.1,13.5
2026-09-09 06:00:00,Miami,89.0,42.0,88.2,12.0,,,88.6,27.0
2026-09-09 06:00:00,Denver,83.0,0.0,83.8,2.0,,,83.4,1.0
2026-09-09 06:00:00,Philadelphia,87.0,1.0,86.8,3.0,,,86.9,2.0
2026-09-09 06:00:00,Los Angeles,100.0,5.0,91.4,33.0,,,95.7,19.0
2026-09-09 06:00:00,Las Vegas,105.0,1.0,100.2,1.0,,,102.6,1.0
2026-09-09 06:00:00,New Orleans,89.0,25.0,89.3,8.0,,,89.2,16.5
2026-09-09 06:00:00,San Francisco,89.0,1.0,,,,,89.0,1.0
2026-09-09 06:00:00,Washington DC,89.0,1.0,,,,,89.0,1.0
2026-09-09 06:00:00,Seattle,75.0,1.0,,,,,75.0,1.0
2026-09-09 06:00:00,Boston,78.0,14.0,,,,,78.0,14.0
2026-09-09 06:00:00,Phoenix,107.0,4.0,,,,,107.0,4.0
2026-09-09 06:00:00,Atlanta,91.0,1.0,,,,,91.0,1.0
2026-09-09 06:00:00,Minneapolis,79.0,1.0,,,,,79.0,1.0
2026-09-09 06:00:00,Dallas,101.0,5.0,,,,,101.0,5.0
2026-09-09 06:00:00,San Antonio,98.0,19.0,97.2,12.0,,,97.6,15.5
2026-09-09 06:00:00,Houston,91.0,36.0,90.2,21.0,,,90.6,28.5
2026-09-09 06:00:00,Oklahoma City,101.0,2.0,102.0,9.0,,,101.5,5.5
2026-09-09 06:00:00,Newark,88.0,1.0,85.2,4.0,,,86.6,2.5
2026-09-09 06:00:00,Trenton,87.0,1.0,85.9,5.0,,,86.5,3.0
2026-09-09 07:00:00,New York City,84.0,2.0,84.9,5.0,,,84.5,3.5
2026-09-09 07:00:00,Chicago,76.0,62.0,80.0,75.0,,,78.0,68.5
2026-09-09 07:00:00,Austin,101.0,13.0,97.4,9.0,,,99.2,11.0
2026-09-09 07:00:00,Miami,89.0,47.0,87.9,12.0,,,88.5,29.5
2026-09-09 07:00:00,Denver,83.0,0.0,84.3,2.0,,,83.7,1.0
2026-09-09 07:00:00,Philadelphia,87.0,1.0,86.4,3.0,,,86.7,2.0
2026-09-09 07:00:00,Los Angeles,101.0,5.0,106.2,4.0,,,103.6,4.5
2026-09-09 07:00:00,Las Vegas,105.0,1.0,106.1,3.0,,,105.5,2.0
2026-09-09 07:00:00,New Orleans,89.0,25.0,89.4,8.0,,,89.2,16.5
2026-09-09 07:00:00,San Francisco,89.0,1.0,95.8,2.0,,,92.4,1.5
2026-09-09 07:00:00,Washington DC,89.0,1.0,89.7,1.0,,,89.3,1.0
2026-09-09 07:00:00,Seattle,75.0,3.0,76.6,5.0,,,75.8,4.0
2026-09-09 07:00:00,Boston,79.0,14.0,81.4,20.0,,,80.2,17.0
2026-09-09 07:00:00,Phoenix,106.0,3.0,106.1,4.0,,,106.0,3.5
2026-09-09 07:00:00,Atlanta,91.0,1.0,90.2,0.0,,,90.6,0.5
2026-09-09 07:00:00,Minneapolis,79.0,1.0,79.0,3.0,,,79.0,2.0
2026-09-09 07:00:00,Dallas,101.0,5.0,99.1,1.0,,,100.0,3.0
2026-09-09 07:00:00,San Antonio,98.0,9.0,97.7,12.0,,,97.8,10.5
2026-09-09 07:00:00,Houston,91.0,36.0,89.9,21.0,,,90.5,28.5
2026-09-09 07:00:00,Oklahoma City,101.0,2.0,101.9,9.0,,,101.5,5.5
2026-09-09 07:00:00,Newark,88.0,1.0,86.1,4.0,,,87.0,2.5
2026-09-09 07:00:00,Trenton,87.0,1.0,85.9,5.0,,,86.5,3.0
2026-09-09 08:00:00,New York City,84.0,2.0,85.0,5.0,,,84.5,3.5
2026-09-09 08:00:00,Chicago,76.0,77.0,79.3,68.0,,,77.7,72.5
2026-09-09 08:00:00,Austin,101.0,13.0,97.5,8.0,,,99.2,10.5
2026-09-09 08:00:00,Miami,89.0,47.0,87.9,12.0,,,88.5,29.5
2026-09-09 08:00:00,Denver,83.0,0.0,83.6,2.0,,,83.3,1.0
2026-09-09 08:00:00,Philadelphia,87.0,0.0,86.1,2.0,,,86.5,1.0
2026-09-09 08:00:00,Los Angeles,101.0,5.0,106.5,4.0,,,103.8,4.5
2026-09-09 08:00:00,Las Vegas,105.0,1.0,105.8,3.0,,,105.4,2.0
2026-09-09 08:00:00,New Orleans,89.0,25.0,88.5,6.0,,,88.8,15.5
2026-09-09 08:00:00,San Francisco,88.0,2.0,94.8,2.0,,,91.4,2.0
2026-09-09 08:00:00,Washington DC,89.0,1.0,89.9,1.0,,,89.5,1.0
2026-09-09 08:00:00,Seattle,75.0,3.0,75.9,5.0,,,75.5,4.0
2026-09-09 08:00:00,Boston,79.0,14.0,79.2,20.0,,,79.1,17.0
2026-09-09 08:00:00,Phoenix,106.0,3.0,,,,,106.0,3.0
2026-09-09 08:00:00,Atlanta,91.0,0.0,,,,,91.0,0.0
2026-09-09 08:00:00,Minneapolis,79.0,1.0,,,,,79.0,1.0
2026-09-09 08:00:00,Dallas,101.0,5.0,,,,,101.0,5.0
2026-09-09 08:00:00,San Antonio,98.0,9.0,,,,,98.0,9.0
2026-09-09 08:00:00,Houston,91.0,36.0,,,,,91.0,36.0
2026-09-09 08:00:00,Oklahoma City,101.0,12.0,,,,,101.0,12.0
2026-09-09 08:00:00,Newark,87.0,2.0,,,,,87.0,2.0
2026-09-09 08:00:00,Trenton,86.0,0.0,,,,,86.0,0.0
2026-09-09 09:00:00,New York City,84.0,2.0,84.9,4.0,,,84.5,3.0
2026-09-09 09:00:00,Chicago,76.0,77.0,84.8,70.0,,,80.4,73.5
2026-09-09 09:00:00,Austin,101.0,13.0,98.0,7.0,,,99.5,10.0
2026-09-09 09:00:00,Miami,89.0,47.0,88.4,13.0,,,88.7,30.0
2026-09-09 09:00:00,Denver,83.0,0.0,84.0,3.0,,,83.5,1.5
2026-09-09 09:00:00,Philadelphia,87.0,0.0,86.4,2.0,,,86.7,1.0
2026-09-09 09:00:00,Los Angeles,101.0,5.0,107.2,5.0,,,104.1,5.0
2026-09-09 09:00:00,Las Vegas,105.0,1.0,105.9,3.0,,,105.5,2.0
2026-09-09 09:00:00,New Orleans,89.0,25.0,87.9,6.0,,,88.5,15.5
2026-09-09 09:00:00,San Francisco,88.0,2.0,96.4,3.0,,,92.2,2.5
2026-09-09 09:00:00,Washington DC,89.0,1.0,,,,,89.0,1.0
2026-09-09 09:00:00,Seattle,75.0,3.0,,,,,75.0,3.0
2026-09-09 09:00:00,Boston,79.0,14.0,,,,,79.0,14.0
2026-09-09 09:00:00,Phoenix,106.0,3.0,,,,,106.0,3.0
2026-09-09 09:00:00,Atlanta,91.0,0.0,,,,,91.0,0.0
2026-09-09 09:00:00,Minneapolis,78.0,1.0,,,,,78.0,1.0
2026-09-09 09:00:00,Dallas,101.0,5.0,,,,,101.0,5.0
2026-09-09 09:00:00,San Antonio,98.0,9.0,,,,,98.0,9.0
2026-09-09 09:00:00,Houston,91.0,36.0,89.2,21.0,,,90.1,28.5
2026-09-09 09:00:00,Oklahoma City,101.0,12.0,101.3,8.0,,,101.2,10.0
2026-09-09 09:00:00,Newark,87.0,2.0,85.2,4.0,,,86.1,3.0
2026-09-09 09:00:00,Trenton,86.0,0.0,85.7,5.0,,,85.8,2.5
2026-09-09 10:00:00,New York City,84.0,2.0,84.1,6.0,,,84.0,4.0
2026-09-09 10:00:00,Chicago,76.0,77.0,79.9,58.0,,,78.0,67.5
2026-09-09 10:00:00,Austin,101.0,13.0,97.9,7.0,,,99.5,10.0
2026-09-09 10:00:00,Miami,89.0,47.0,87.7,12.0,,,88.3,29.5
2026-09-09 10:00:00,Denver,83.0,0.0,84.0,3.0,,,83.5,1.5
2026-09-09 10:00:00,Philadelphia,87.0,0.0,86.4,3.0,,,86.7,1.5
2026-09-09 10:00:00,Los Angeles,101.0,5.0,107.4,4.0,,,104.2,4.5
2026-09-09 10:00:00,Las Vegas,105.0,1.0,105.6,3.0,,,105.3,2.0
2026-09-09 10:00:00,New Orleans,89.0,25.0,88.3,6.0,,,88.7,15.5
2026-09-09 10:00:00,San Francisco,88.0,2.0,96.5,3.0,,,92.2,2.5
2026-09-09 10:00:00,Washington DC,89.0,1.0,,,,,89.0,1.0
2026-09-09 10:00:00,Seattle,75.0,3.0,,,,,75.0,3.0
2026-09-09 10:00:00,Boston,79.0,14.0,,,,,79.0,14.0
2026-09-09 10:00:00,Phoenix,106.0,3.0,,,,,106.0,3.0
2026-09-09 10:00:00,Atlanta,91.0,0.0,,,,,91.0,0.0
2026-09-09 10:00:00,Minneapolis,78.0,1.0,,,,,78.0,1.0
2026-09-09 10:00:00,Dallas,101.0,5.0,,,,,101.0,5.0
2026-09-09 10:00:00,San Antonio,98.0,9.0,,,,,98.0,9.0
2026-09-09 10:00:00,Houston,91.0,36.0,,,,,91.0,36.0
2026-09-09 10:00:00,Oklahoma City,101.0,12.0,,,,,101.0,12.0
2026-09-09 10:00:00,Newark,87.0,2.0,86.2,7.0,,,86.6,4.5
2026-09-09 10:00:00,Trenton,86.0,0.0,85.6,5.0,,,85.8,2.5
2026-09-09 11:00:00,New York City,84.0,2.0,86.0,8.0,,,85.0,5.0
2026-09-09 11:00:00,Chicago,76.0,86.0,85.6,68.0,,,80.8,77.0
2026-09-09 11:00:00,Austin,101.0,13.0,98.5,9.0,,,99.8,11.0
2026-09-09 11:00:00,Miami,89.0,47.0,88.7,12.0,,,88.8,29.5
2026-09-09 11:00:00,Denver,83.0,0.0,83.8,2.0,,,83.4,1.0
2026-09-09 11:00:00,Philadelphia,87.0,0.0,86.8,4.0,,,86.9,2.0
2026-09-09 11:00:00,Los Angeles,101.0,5.0,106.8,3.0,,,103.9,4.0
2026-09-09 11:00:00,Las Vegas,105.0,1.0,105.6,2.0,,,105.3,1.5
2026-09-09 11:00:00,New Orleans,89.0,25.0,88.5,7.0,,,88.8,16.0
2026-09-09 11:00:00,San Francisco,88.0,2.0,96.2,3.0,,,92.1,2.5
2026-09-09 11:00:00,Washington DC,89.0,1.0,89.9,1.0,,,89.5,1.0
2026-09-09 11:00:00,Seattle,75.0,3.0,76.0,5.0,,,75.5,4.0
2026-09-09 11:00:00,Boston,79.0,14.0,81.7,24.0,,,80.3,19.0
2026-09-09 11:00:00,Phoenix,106.0,3.0,107.6,3.0,,,106.8,3.0
2026-09-09 11:00:00,Atlanta,91.0,0.0,91.0,0.0,,,91.0,0.0
2026-09-09 11:00:00,Minneapolis,78.0,1.0,,,,,78.0,1.0
2026-09-09 11:00:00,Dallas,101.0,5.0,,,,,101.0,5.0
2026-09-09 11:00:00,San Antonio,98.0,9.0,,,,,98.0,9.0
2026-09-09 11:00:00,Houston,91.0,36.0,,,,,91.0,36.0
2026-09-09 11:00:00,Oklahoma City,101.0,12.0,,,,,101.0,12.0
2026-09-09 11:00:00,Newark,87.0,2.0,,,,,87.0,2.0
2026-09-09 11:00:00,Trenton,86.0,0.0,,,,,86.0,0.0
2026-09-09 12:00:00,New York City,84.0,2.0,84.7,7.0,,,84.3,4.5
2026-09-09 12:00:00,Chicago,76.0,86.0,82.6,66.0,,,79.3,76.0
2026-09-09 12:00:00,Austin,101.0,13.0,98.9,9.0,,,100.0,11.0
2026-09-09 12:00:00,Miami,89.0,47.0,88.8,12.0,,,88.9,29.5
2026-09-09 12:00:00,Denver,83.0,0.0,83.9,2.0,,,83.5,1.0
2026-09-09 12:00:00,Philadelphia,87.0,0.0,87.1,3.0,,,87.0,1.5
2026-09-09 12:00:00,Los Angeles,101.0,5.0,106.8,3.0,,,103.9,4.0
2026-09-09 12:00:00,Las Vegas,105.0,1.0,105.4,1.0,,,105.2,1.0
2026-09-09 12:00:00,New Orleans,89.0,25.0,89.0,7.0,,,89.0,16.0
2026-09-09 12:00:00,San Francisco,88.0,2.0,93.4,3.0,,,90.7,2.5
2026-09-09 12:00:00,Washington DC,89.0,1.0,,,,,89.0,1.0
2026-09-09 12:00:00,Seattle,75.0,3.0,,,,,75.0,3.0
2026-09-09 12:00:00,Boston,79.0,14.0,,,,,79.0,14.0
2026-09-09 12:00:00,Phoenix,106.0,3.0,,,,,106.0,3.0
2026-09-09 12:00:00,Atlanta,91.0,0.0,,,,,91.0,0.0
2026-09-09 12:00:00,Minneapolis,78.0,1.0,,,,,78.0,1.0
2026-09-09 12:00:00,Dallas,101.0,5.0,,,,,101.0,5.0
2026-09-09 12:00:00,San Antonio,98.0,9.0,,,,,98.0,9.0
2026-09-09 12:00:00,Houston,91.0,36.0,,,,,91.0,36.0
2026-09-09 12:00:00,Oklahoma City,101.0,12.0,,,,,101.0,12.0
2026-09-09 12:00:00,Newark,87.0,2.0,86.1,8.0,,,86.5,5.0
2026-09-09 12:00:00,Trenton,86.0,0.0,86.3,6.0,,,86.2,3.0
2026-09-09 13:00:00,New York City,84.0,2.0,86.3,7.0,,,85.2,4.5
2026-09-09 13:00:00,Chicago,76.0,86.0,78.5,66.0,,,77.2,76.0
2026-09-09 13:00:00,Austin,101.0,13.0,99.0,9.0,,,100.0,11.0
2026-09-09 13:00:00,Miami,89.0,47.0,88.3,12.0,,,88.7,29.5
2026-09-09 13:00:00,Denver,83.0,0.0,83.8,2.0,,,83.4,1.0
2026-09-09 13:00:00,Philadelphia,87.0,0.0,87.2,3.0,,,87.1,1.5
2026-09-09 13:00:00,Los Angeles,101.0,5.0,105.9,3.0,,,103.5,4.0
2026-09-09 13:00:00,Las Vegas,105.0,1.0,105.4,1.0,,,105.2,1.0
2026-09-09 13:00:00,New Orleans,89.0,25.0,88.6,7.0,,,88.8,16.0
2026-09-09 13:00:00,San Francisco,88.0,2.0,,,,,88.0,2.0
2026-09-09 13:00:00,Washington DC,89.0,1.0,,,,,89.0,1.0
2026-09-09 13:00:00,Seattle,75.0,3.0,,,,,75.0,3.0
2026-09-09 13:00:00,Boston,79.0,14.0,,,,,79.0,14.0
2026-09-09 13:00:00,Phoenix,106.0,3.0,,,,,106.0,3.0
2026-09-09 13:00:00,Atlanta,91.0,0.0,,,,,91.0,0.0
2026-09-09 13:00:00,Minneapolis,78.0,1.0,,,,,78.0,1.0
2026-09-09 13:00:00,Dallas,101.0,5.0,,,,,101.0,5.0
2026-09-09 13:00:00,San Antonio,98.0,9.0,97.9,12.0,,,98.0,10.5
2026-09-09 13:00:00,Houston,91.0,36.0,89.7,29.0,,,90.3,32.5
2026-09-09 13:00:00,Oklahoma City,101.0,12.0,101.3,7.0,,,101.2,9.5
2026-09-09 13:00:00,Newark,87.0,2.0,86.9,8.0,,,87.0,5.0
2026-09-09 13:00:00,Trenton,86.0,0.0,86.3,6.0,,,86.2,3.0
2026-09-09 14:00:00,New York City,84.0,2.0,84.8,7.0,,,84.4,4.5
2026-09-09 14:00:00,Chicago,76.0,86.0,78.5,66.0,,,77.2,76.0
2026-09-09 14:00:00,Austin,101.0,13.0,98.9,8.0,,,100.0,10.5
2026-09-09 14:00:00,Miami,89.0,47.0,86.7,12.0,,,87.8,29.5
2026-09-09 14:00:00,Denver,83.0,0.0,83.8,1.0,,,83.4,0.5
2026-09-09 14:00:00,Philadelphia,87.0,0.0,87.1,3.0,,,87.0,1.5
2026-09-09 14:00:00,Los Angeles,101.0,5.0,104.6,5.0,,,102.8,5.0
2026-09-09 14:00:00,Las Vegas,105.0,1.0,105.5,1.0,,,105.2,1.0
2026-09-09 14:00:00,New Orleans,89.0,25.0,89.3,7.0,,,89.2,16.0
2026-09-09 14:00:00,San Francisco,88.0,2.0,,,,,88.0,2.0
2026-09-09 14:00:00,Washington DC,89.0,1.0,,,,,89.0,1.0
2026-09-09 14:00:00,Seattle,75.0,3.0,,,,,75.0,3.0
2026-09-09 14:00:00,Boston,79.0,14.0,,,,,79.0,14.0
2026-09-09 14:00:00,Phoenix,106.0,3.0,,,,,106.0,3.0
2026-09-09 14:00:00,Atlanta,91.0,0.0,,,,,91.0,0.0
2026-09-09 14:00:00,Minneapolis,78.0,1.0,,,,,78.0,1.0
2026-09-09 14:00:00,Dallas,101.0,5.0,,,,,101.0,5.0
2026-09-09 14:00:00,San Antonio,98.0,9.0,,,,,98.0,9.0
2026-09-09 14:00:00,Houston,91.0,36.0,87.9,29.0,,,89.5,32.5
2026-09-09 14:00:00,Oklahoma City,101.0,12.0,101.5,6.0,,,101.2,9.0
2026-09-09 14:00:00,Newark,87.0,2.0,86.1,7.0,,,86.5,4.5
2026-09-09 14:00:00,Trenton,86.0,0.0,86.0,5.0,,,86.0,2.5
2026-09-09 15:00:00,New York City,84.0,2.0,84.7,6.0,,,84.3,4.0
2026-09-09 15:00:00,Chicago,78.0,86.0,79.4,66.0,,,78.7,76.0
2026-09-09 15:00:00,Austin,101.0,13.0,98.0,8.0,,,99.5,10.5
2026-09-09 15:00:00,Miami,89.0,47.0,85.5,19.0,,,87.2,33.0
2026-09-09 15:00:00,Denver,83.0,0.0,83.5,1.0,,,83.2,0.5
2026-09-09 15:00:00,Philadelphia,87.0,0.0,86.7,3.0,,,86.8,1.5
2026-09-09 15:00:00,Los Angeles,101.0,5.0,104.4,2.0,,,102.7,3.5
2026-09-09 15:00:00,Las Vegas,105.0,1.0,105.4,1.0,,,105.2,1.0
2026-09-09 15:00:00,New Orleans,89.0,25.0,89.6,11.0,,,89.3,18.0
2026-09-09 15:00:00,San Francisco,88.0,2.0,,,,,88.0,2.0
2026-09-09 15:00:00,Washington DC,89.0,1.0,,,,,89.0,1.0
2026-09-09 15:00:00,Seattle,75.0,3.0,,,,,75.0,3.0
2026-09-09 15:00:00,Boston,79.0,14.0,,,,,79.0,14.0
2026-09-09 15:00:00,Phoenix,106.0,3.0,,,,,106.0,3.0
2026-09-09 15:00:00,Atlanta,91.0,0.0,,,,,91.0,0.0
2026-09-09 15:00:00,Minneapolis,78.0,1.0,,,,,78.0,1.0
2026-09-09 15:00:00,Dallas,101.0,5.0,,,,,101.0,5.0
2026-09-09 15:00:00,San Antonio,98.0,9.0,,,,,98.0,9.0
2026-09-09 15:00:00,Houston,91.0,36.0,88.8,37.0,,,89.9,36.5
2026-09-09 15:00:00,Oklahoma City,101.0,12.0,101.2,6.0,,,101.1,9.0
2026-09-09 15:00:00,Newark,87.0,2.0,86.3,7.0,,,86.7,4.5
2026-09-09 15:00:00,Trenton,86.0,0.0,85.7,6.0,,,85.8,3.0
2026-09-09 16:00:00,New York City,84.0,2.0,86.0,5.0,,,85.0,3.5
2026-09-09 16:00:00,Chicago,78.0,68.0,81.2,66.0,,,79.6,67.0
2026-09-09 16:00:00,Austin,101.0,13.0,98.0,8.0,,,99.5,10.5
2026-09-09 16:00:00,Miami,89.0,47.0,88.5,26.0,,,88.8,36.5
2026-09-09 16:00:00,Denver,83.0,0.0,83.7,1.0,,,83.3,0.5
2026-09-09 16:00:00,Philadelphia,87.0,0.0,86.8,2.0,,,86.9,1.0
2026-09-09 16:00:00,Los Angeles,101.0,5.0,103.9,2.0,,,102.5,3.5
2026-09-09 16:00:00,Las Vegas,105.0,1.0,105.4,1.0,,,105.2,1.0
2026-09-09 16:00:00,New Orleans,89.0,25.0,90.4,13.0,,,89.7,19.0
2026-09-09 16:00:00,San Francisco,88.0,2.0,92.6,2.0,,,90.3,2.0
2026-09-09 16:00:00,Washington DC,89.0,1.0,90.0,0.0,,,89.5,0.5
2026-09-09 16:00:00,Seattle,75.0,3.0,75.2,3.0,,,75.1,3.0
2026-09-09 16:00:00,Boston,79.0,14.0,79.8,18.0,,,79.4,16.0
2026-09-09 16:00:00,Phoenix,106.0,3.0,108.1,3.0,,,107.0,3.0
2026-09-09 16:00:00,Atlanta,91.0,0.0,90.8,0.0,,,90.9,0.0
2026-09-09 16:00:00,Minneapolis,78.0,1.0,79.4,2.0,,,78.7,1.5
2026-09-09 16:00:00,Dallas,101.0,5.0,99.0,1.0,,,100.0,3.0
2026-09-09 16:00:00,San Antonio,98.0,9.0,,,,,98.0,9.0
2026-09-09 16:00:00,Houston,91.0,36.0,84.0,38.0,,,87.5,37.0
2026-09-09 16:00:00,Oklahoma City,101.0,12.0,101.0,6.0,,,101.0,9.0
2026-09-09 16:00:00,Newark,87.0,2.0,,,,,87.0,2.0
2026-09-09 16:00:00,Trenton,86.0,0.0,86.0,7.0,,,86.0,3.5
2026-09-09 17:00:00,New York City,84.0,2.0,85.6,4.0,,,84.8,3.0
2026-09-09 17:00:00,Chicago,78.0,86.0,77.1,66.0,,,77.5,76.0
2026-09-09 17:00:00,Austin,101.0,13.0,99.1,4.0,,,100.0,8.5
2026-09-09 17:00:00,Miami,89.0,47.0,86.9,24.0,,,88.0,35.5
2026-09-09 17:00:00,Denver,83.0,0.0,83.1,1.0,,,83.0,0.5
2026-09-09 17:00:00,Philadelphia,87.0,0.0,87.1,1.0,,,87.0,0.5
2026-09-09 17:00:00,Los Angeles,101.0,5.0,104.1,3.0,,,102.5,4.0
2026-09-09 17:00:00,Las Vegas,105.0,1.0,105.4,2.0,,,105.2,1.5
2026-09-09 17:00:00,New Orleans,89.0,25.0,90.3,13.0,,,89.7,19.0
2026-09-09 17:00:00,San Francisco,88.0,2.0,94.6,1.0,,,91.3,1.5
2026-09-09 17:00:00,Washington DC,89.0,0.0,,,,,89.0,0.0
2026-09-09 17:00:00,Seattle,75.0,3.0,,,,,75.0,3.0
2026-09-09 17:00:00,Boston,79.0,14.0,,,,,79.0,14.0
2026-09-09 17:00:00,Phoenix,106.0,3.0,,,,,106.0,3.0
2026-09-09 17:00:00,Atlanta,91.0,0.0,,,,,91.0,0.0
2026-09-09 17:00:00,Minneapolis,78.0,0.0,,,,,78.0,0.0
2026-09-09 17:00:00,Dallas,101.0,5.0,,,,,101.0,5.0
2026-09-09 17:00:00,San Antonio,98.0,9.0,,,,,98.0,9.0
2026-09-09 17:00:00,Houston,91.0,36.0,,,,,91.0,36.0
2026-09-09 17:00:00,Oklahoma City,101.0,12.0,101.4,5.0,,,101.2,8.5
2026-09-09 17:00:00,Newark,87.0,2.0,86.7,5.0,,,86.8,3.5
2026-09-09 17:00:00,Trenton,86.0,0.0,86.3,1.0,,,86.2,0.5
2026-09-09 18:00:00,New York City,84.0,2.0,85.9,5.0,,,85.0,3.5
2026-09-09 18:00:00,Chicago,78.0,68.0,77.2,66.0,,,77.6,67.0
2026-09-09 18:00:00,Austin,101.0,13.0,98.8,4.0,,,99.9,8.5
2026-09-09 18:00:00,Miami,89.0,47.0,86.1,24.0,,,87.5,35.5
2026-09-09 18:00:00,Denver,83.0,0.0,83.4,1.0,,,83.2,0.5
2026-09-09 18:00:00,Philadelphia,87.0,1.0,87.2,1.0,,,87.1,1.0
2026-09-09 18:00:00,Los Angeles,101.0,5.0,104.6,3.0,,,102.8,4.0
2026-09-09 18:00:00,Las Vegas,105.0,1.0,105.4,2.0,,,105.2,1.5
2026-09-09 18:00:00,New Orleans,89.0,25.0,89.3,10.0,,,89.2,17.5
2026-09-09 18:00:00,San Francisco,88.0,2.0,95.0,1.0,,,91.5,1.5
2026-09-09 18:00:00,Washington DC,89.0,0.0,,,,,89.0,0.0
2026-09-09 18:00:00,Seattle,75.0,3.0,,,,,75.0,3.0
2026-09-09 18:00:00,Boston,79.0,14.0,,,,,79.0,14.0
2026-09-09 18:00:00,Phoenix,106.0,2.0,,,,,106.0,2.0
2026-09-09 18:00:00,Atlanta,91.0,0.0,,,,,91.0,0.0
2026-09-09 18:00:00,Minneapolis,78.0,0.0,80.3,2.0,,,79.2,1.0
2026-09-09 18:00:00,Dallas,101.0,1.0,99.9,2.0,,,100.5,1.5
2026-09-09 18:00:00,San Antonio,98.0,9.0,98.6,6.0,,,98.3,7.5
2026-09-09 18:00:00,Houston,91.0,36.0,83.9,43.0,,,87.5,39.5
2026-09-09 18:00:00,Oklahoma City,101.0,12.0,101.2,5.0,,,101.1,8.5
2026-09-09 18:00:00,Newark,87.0,6.0,87.5,6.0,,,87.2,6.0
2026-09-09 18:00:00,Trenton,86.0,15.0,86.7,1.0,,,86.3,8.0
2026-09-09 19:00:00,New York City,84.0,7.0,86.8,5.0,,,85.4,6.0
2026-09-09 19:00:00,Chicago,78.0,4.0,76.5,66.0,,,77.2,35.0
2026-09-09 19:00:00,Austin,100.0,11.0,99.0,4.0,,,99.5,7.5
2026-09-09 19:00:00,Miami,89.0,21.0,87.0,24.0,,,88.0,22.5
2026-09-09 19:00:00,Denver,83.0,0.0,83.6,1.0,,,83.3,0.5
2026-09-09 19:00:00,Philadelphia,87.0,1.0,87.4,1.0,,,87.2,1.0
2026-09-09 19:00:00,Los Angeles,101.0,4.0,105.7,3.0,,,103.3,3.5
2026-09-09 19:00:00,Las Vegas,105.0,1.0,105.4,2.0,,,105.2,1.5
2026-09-09 19:00:00,New Orleans,89.0,12.0,,,,,89.0,12.0
2026-09-09 19:00:00,San Francisco,88.0,1.0,,,,,88.0,1.0
2026-09-09 19:00:00,Washington DC,89.0,0.0,,,,,89.0,0.0
2026-09-09 19:00:00,Seattle,75.0,1.0,,,,,75.0,1.0
2026-09-09 19:00:00,Boston,79.0,14.0,,,,,79.0,14.0
2026-09-09 19:00:00,Phoenix,106.0,2.0,,,,,106.0,2.0
2026-09-09 19:00:00,Atlanta,91.0,0.0,,,,,91.0,0.0
2026-09-09 19:00:00,Minneapolis,78.0,0.0,,,,,78.0,0.0
2026-09-09 19:00:00,Dallas,101.0,1.0,99.7,2.0,,,100.3,1.5
2026-09-09 19:00:00,San Antonio,98.0,12.0,97.9,6.0,,,98.0,9.0
2026-09-09 19:00:00,Houston,91.0,36.0,87.2,43.0,,,89.1,39.5
2026-09-09 19:00:00,Oklahoma City,101.0,12.0,101.7,5.0,,,101.3,8.5
2026-09-09 19:00:00,Newark,87.0,6.0,86.9,6.0,,,87.0,6.0
2026-09-09 19:00:00,Trenton,86.0,15.0,86.9,1.0,,,86.5,8.0
2026-09-09 20:00:00,New York City,84.0,7.0,86.7,5.0,,,85.3,6.0
2026-09-09 20:00:00,Chicago,78.0,3.0,76.4,66.0,,,77.2,34.5
2026-09-09 20:00:00,Austin,100.0,11.0,98.6,5.0,,,99.3,8.0
2026-09-09 20:00:00,Miami,89.0,21.0,87.0,24.0,,,88.0,22.5
2026-09-09 20:00:00,Denver,83.0,0.0,83.4,1.0,,,83.2,0.5
2026-09-09 20:00:00,Philadelphia,87.0,1.0,87.4,1.0,,,87.2,1.0
2026-09-09 20:00:00,Los Angeles,101.0,4.0,105.4,3.0,,,103.2,3.5
2026-09-09 20:00:00,Las Vegas,105.0,1.0,105.0,2.0,,,105.0,1.5
2026-09-09 20:00:00,New Orleans,89.0,12.0,87.8,9.0,,,88.4,10.5
2026-09-09 20:00:00,San Francisco,88.0,1.0,,,,,88.0,1.0
2026-09-09 20:00:00,Washington DC,89.0,0.0,,,,,89.0,0.0
2026-09-09 20:00:00,Seattle,75.0,1.0,,,,,75.0,1.0
2026-09-09 20:00:00,Boston,79.0,5.0,,,,,79.0,5.0
2026-09-09 20:00:00,Phoenix,106.0,2.0,,,,,106.0,2.0
2026-09-09 20:00:00,Atlanta,91.0,0.0,,,,,91.0,0.0
2026-09-09 20:00:00,Minneapolis,78.0,0.0,,,,,78.0,0.0
2026-09-09 20:00:00,Dallas,101.0,1.0,,,,,101.0,1.0
2026-09-09 20:00:00,San Antonio,98.0,12.0,,,,,98.0,12.0
2026-09-09 20:00:00,Houston,91.0,36.0,89.1,43.0,,,90.0,39.5
2026-09-09 20:00:00,Oklahoma City,101.0,3.0,101.4,5.0,,,101.2,4.0
2026-09-09 20:00:00,Newark,87.0,6.0,87.5,5.0,,,87.2,5.5
2026-09-09 20:00:00,Trenton,86.0,15.0,87.4,1.0,,,86.7,8.0
2026-09-09 21:00:00,New York City,84.0,7.0,84.6,3.0,,,84.3,5.0
2026-09-09 21:00:00,Chicago,78.0,3.0,75.2,66.0,,,76.6,34.5
2026-09-09 21:00:00,Austin,100.0,11.0,99.2,4.0,,,99.6,7.5
2026-09-09 21:00:00,Miami,89.0,18.0,87.0,24.0,,,88.0,21.0
2026-09-09 21:00:00,Denver,83.0,0.0,83.4,0.0,,,83.2,0.0
2026-09-09 21:00:00,Philadelphia,87.0,1.0,87.8,1.0,,,87.4,1.0
2026-09-09 21:00:00,Los Angeles,101.0,4.0,106.5,4.0,,,103.8,4.0
2026-09-09 21:00:00,Las Vegas,105.0,1.0,104.9,1.0,,,105.0,1.0
2026-09-09 21:00:00,New Orleans,89.0,12.0,,,,,89.0,12.0
2026-09-09 21:00:00,San Francisco,93.0,1.0,,,,,93.0,1.0
2026-09-09 21:00:00,Washington DC,90.0,0.0,,,,,90.0,0.0
2026-09-09 21:00:00,Seattle,75.0,1.0,,,,,75.0,1.0
2026-09-09 21:00:00,Boston,79.0,5.0,,,,,79.0,5.0
2026-09-09 21:00:00,Phoenix,106.0,2.0,,,,,106.0,2.0
2026-09-09 21:00:00,Atlanta,91.0,0.0,,,,,91.0,0.0
2026-09-09 21:00:00,Minneapolis,78.0,0.0,,,,,78.0,0.0
2026-09-09 21:00:00,Dallas,101.0,1.0,98.9,2.0,,,100.0,1.5
2026-09-09 21:00:00,San Antonio,98.0,12.0,96.9,6.0,,,97.5,9.0
2026-09-09 21:00:00,Houston,91.0,36.0,88.5,43.0,,,89.8,39.5
2026-09-09 21:00:00,Oklahoma City,101.0,3.0,101.6,5.0,,,101.3,4.0
2026-09-09 21:00:00,Newark,87.0,6.0,86.0,4.0,,,86.5,5.0
2026-09-09 21:00:00,Trenton,87.0,15.0,87.4,1.0,,,87.2,8.0
2026-09-09 22:00:00,New York City,84.0,7.0,84.8,3.0,,,84.4,5.0
2026-09-09 22:00:00,Chicago,78.0,3.0,76.2,66.0,,,77.1,34.5
2026-09-09 22:00:00,Austin,100.0,18.0,98.9,8.0,,,99.5,13.0
2026-09-09 22:00:00,Miami,89.0,55.0,87.0,24.0,,,88.0,39.5
2026-09-09 22:00:00,Denver,83.0,0.0,83.6,0.0,,,83.3,0.0
2026-09-09 22:00:00,Philadelphia,87.0,16.0,87.8,0.0,,,87.4,8.0
2026-09-09 22:00:00,Los Angeles,101.0,4.0,106.9,4.0,,,104.0,4.0
2026-09-09 22:00:00,Las Vegas,105.0,1.0,104.6,1.0,,,104.8,1.0
2026-09-09 22:00:00,New Orleans,89.0,5.0,87.5,9.0,,,88.2,7.0
2026-09-09 22:00:00,San Francisco,93.0,0.0,,,,,93.0,0.0
2026-09-09 22:00:00,Washington DC,90.0,0.0,,,,,90.0,0.0
2026-09-09 22:00:00,Seattle,75.0,1.0,,,,,75.0,1.0
2026-09-09 22:00:00,Boston,85.0,39.0,,,,,85.0,39.0
2026-09-09 22:00:00,Phoenix,106.0,2.0,,,,,106.0,2.0
2026-09-09 22:00:00,Atlanta,91.0,0.0,,,,,91.0,0.0
2026-09-09 22:00:00,Minneapolis,78.0,0.0,79.6,2.0,,,78.8,1.0
2026-09-09 22:00:00,Dallas,101.0,1.0,100.0,2.0,,,100.5,1.5
2026-09-09 22:00:00,San Antonio,98.0,18.0,97.5,6.0,,,97.8,12.0
2026-09-09 22:00:00,Houston,91.0,36.0,88.5,43.0,,,89.8,39.5
2026-09-09 22:00:00,Oklahoma City,101.0,3.0,102.4,5.0,,,101.7,4.0
2026-09-09 22:00:00,Newark,87.0,20.0,86.0,4.0,,,86.5,12.0
2026-09-09 22:00:00,Trenton,87.0,15.0,87.4,1.0,,,87.2,8.0
2026-09-09 23:00:00,New York City,84.0,19.0,84.8,3.0,,,84.4,11.0
2026-09-09 23:00:00,Chicago,78.0,4.0,77.2,66.0,,,77.6,35.0
2026-09-09 23:00:00,Austin,100.0,18.0,98.8,13.0,,,99.4,15.5
2026-09-09 23:00:00,Miami,89.0,55.0,87.3,24.0,,,88.2,39.5
2026-09-09 23:00:00,Denver,83.0,0.0,83.3,0.0,,,83.2,0.0
2026-09-09 23:00:00,Philadelphia,87.0,16.0,87.8,0.0,,,87.4,8.0
2026-09-09 23:00:00,Los Angeles,101.0,4.0,108.4,3.0,,,104.7,3.5
2026-09-09 23:00:00,Las Vegas,105.0,1.0,104.3,1.0,,,104.7,1.0
2026-09-09 23:00:00,New Orleans,89.0,12.0,87.5,9.0,,,88.2,10.5
2026-09-09 23:00:00,San Francisco,93.0,0.0,92.8,1.0,,,92.9,0.5
2026-09-09 23:00:00,Washington DC,90.0,38.0,89.1,3.0,,,89.5,20.5
2026-09-09 23:00:00,Seattle,75.0,1.0,74.3,2.0,,,74.7,1.5
2026-09-09 23:00:00,Boston,85.0,39.0,76.3,46.0,,,80.7,42.5
2026-09-09 23:00:00,Phoenix,106.0,2.0,104.7,3.0,,,105.3,2.5
2026-09-09 23:00:00,Atlanta,93.0,12.0,90.1,2.0,,,91.5,7.0
2026-09-09 23:00:00,Minneapolis,78.0,0.0,79.6,2.0,,,78.8,1.0
2026-09-09 23:00:00,Dallas,101.0,30.0,100.7,2.0,,,100.8,16.0
2026-09-09 23:00:00,San Antonio,98.0,18.0,,,,,98.0,18.0
2026-09-09 23:00:00,Houston,91.0,36.0,,,,,91.0,36.0
2026-09-09 23:00:00,Oklahoma City,101.0,3.0,,,,,101.0,3.0
2026-09-09 23:00:00,Newark,87.0,20.0,,,,,87.0,20.0
2026-09-09 23:00:00,Trenton,87.0,15.0,,,,,87.0,15.0
2026-09-10 00:00:00,New York City,84.0,19.0,84.8,3.0,,,84.4,11.0
2026-09-10 00:00:00,Chicago,75.0,3.0,77.2,66.0,,,76.1,34.5
2026-09-10 00:00:00,Austin,100.0,7.0,98.8,13.0,,,99.4,10.0
2026-09-10 00:00:00,Miami,89.0,55.0,87.3,24.0,,,88.2,39.5
2026-09-10 00:00:00,Denver,83.0,0.0,82.9,0.0,,,83.0,0.0
2026-09-10 00:00:00,Philadelphia,87.0,16.0,87.8,0.0,,,87.4,8.0
2026-09-10 00:00:00,Los Angeles,101.0,4.0,108.4,3.0,,,104.7,3.5
2026-09-10 00:00:00,Las Vegas,105.0,1.0,104.4,1.0,,,104.7,1.0
2026-09-10 00:00:00,New Orleans,89.0,73.0,87.5,9.0,,,88.2,41.0
2026-09-10 00:00:00,San Francisco,93.0,0.0,,,,,93.0,0.0
2026-09-10 00:00:00,Washington DC,90.0,38.0,,,,,90.0,38.0
2026-09-10 00:00:00,Seattle,75.0,1.0,,,,,75.0,1.0
2026-09-10 00:00:00,Boston,85.0,39.0,,,,,85.0,39.0
2026-09-10 00:00:00,Phoenix,106.0,2.0,,,,,106.0,2.0
2026-09-10 00:00:00,Atlanta,93.0,12.0,,,,,93.0,12.0
2026-09-10 00:00:00,Minneapolis,80.0,0.0,,,,,80.0,0.0
2026-09-10 00:00:00,Dallas,101.0,30.0,,,,,101.0,30.0
2026-09-10 00:00:00,San Antonio,97.0,10.0,,,,,97.0,10.0
2026-09-10 00:00:00,Houston,91.0,47.0,88.5,43.0,,,89.8,45.0
2026-09-10 00:00:00,Oklahoma City,88.0,83.0,103.5,2.0,,,95.8,42.5
2026-09-10 00:00:00,Newark,87.0,20.0,86.0,4.0,,,86.5,12.0
2026-09-10 00:00:00,Trenton,87.0,15.0,87.4,1.0,,,87.2,8.0
2026-09-10 01:00:00,New York City,84.0,19.0,84.8,3.0,,,84.4,11.0
2026-09-10 01:00:00,Chicago,75.0,3.0,77.2,66.0,,,76.1,34.5
2026-09-10 01:00:00,Austin,100.0,7.0,98.8,13.0,,,99.4,10.0
2026-09-10 01:00:00,Miami,89.0,55.0,87.3,24.0,,,88.2,39.5
2026-09-10 01:00:00,Denver,87.0,0.0,82.8,0.0,,,84.9,0.0
2026-09-10 01:00:00,Philadelphia,87.0,16.0,87.8,0.0,,,87.4,8.0
2026-09-10 01:00:00,Los Angeles,101.0,4.0,108.4,3.0,,,104.7,3.5
2026-09-10 01:00:00,Las Vegas,105.0,1.0,104.8,1.0,,,104.9,1.0
2026-09-10 01:00:00,New Orleans,89.0,73.0,87.5,9.0,,,88.2,41.0
2026-09-10 01:00:00,San Francisco,93.0,0.0,93.6,1.0,,,93.3,0.5
2026-09-10 01:00:00,Washington DC,90.0,38.0,,,,,90.0,38.0
2026-09-10 01:00:00,Seattle,75.0,1.0,,,,,75.0,1.0
2026-09-10 01:00:00,Boston,85.0,39.0,,,,,85.0,39.0
2026-09-10 01:00:00,Phoenix,106.0,2.0,,,,,106.0,2.0
2026-09-10 01:00:00,Atlanta,93.0,12.0,,,,,93.0,12.0
2026-09-10 01:00:00,Minneapolis,80.0,0.0,,,,,80.0,0.0
2026-09-10 01:00:00,Dallas,101.0,30.0,,,,,101.0,30.0
2026-09-10 01:00:00,San Antonio,97.0,10.0,,,,,97.0,10.0
2026-09-10 01:00:00,Houston,91.0,47.0,,,,,91.0,47.0
2026-09-10 01:00:00,Oklahoma City,88.0,83.0,103.5,2.0,,,95.8,42.5
2026-09-10 01:00:00,Newark,87.0,20.0,86.0,4.0,,,86.5,12.0
2026-09-10 01:00:00,Trenton,87.0,15.0,87.4,1.0,,,87.2,8.0
2026-09-10 02:00:00,New York City,84.0,19.0,84.8,3.0,,,84.4,11.0
2026-09-10 02:00:00,Chicago,75.0,3.0,77.2,66.0,,,76.1,34.5
2026-09-10 02:00:00,Austin,100.0,7.0,98.8,13.0,,,99.4,10.0
2026-09-10 02:00:00,Miami,89.0,55.0,87.3,24.0,,,88.2,39.5
2026-09-10 02:00:00,Denver,87.0,0.0,82.8,0.0,,,84.9,0.0
2026-09-10 02:00:00,Philadelphia,87.0,16.0,87.8,0.0,,,87.4,8.0
2026-09-10 02:00:00,Los Angeles,95.0,2.0,108.4,2.0,,,101.7,2.0
2026-09-10 02:00:00,Las Vegas,107.0,2.0,104.8,1.0,,,105.9,1.5
2026-09-10 02:00:00,New Orleans,89.0,73.0,87.5,9.0,,,88.2,41.0
2026-09-10 02:00:00,San Francisco,75.0,5.0,93.6,1.0,,,84.3,3.0
2026-09-10 02:00:00,Washington DC,90.0,38.0,89.1,2.0,,,89.5,20.0
2026-09-10 02:00:00,Seattle,70.0,6.0,72.6,2.0,,,71.3,4.0
2026-09-10 02:00:00,Boston,87.0,49.0,,,,,87.0,49.0
2026-09-10 02:00:00,Phoenix,108.0,2.0,,,,,108.0,2.0
2026-09-10 02:00:00,Atlanta,93.0,12.0,,,,,93.0,12.0
2026-09-10 02:00:00,Minneapolis,80.0,0.0,,,,,80.0,0.0
2026-09-10 02:00:00,Dallas,101.0,30.0,,,,,101.0,30.0
2026-09-10 02:00:00,San Antonio,97.0,10.0,97.5,13.0,,,97.2,11.5
2026-09-10 02:00:00,Houston,91.0,47.0,88.5,43.0,,,89.8,45.0
2026-09-10 02:00:00,Oklahoma City,88.0,83.0,,,,,88.0,83.0
2026-09-10 02:00:00,Newark,87.0,20.0,,,,,87.0,20.0
2026-09-10 02:00:00,Trenton,87.0,15.0,,,,,87.0,15.0
2026-09-10 03:00:00,New York City,84.0,19.0,84.8,3.0,,,84.4,11.0
2026-09-10 03:00:00,Chicago,75.0,3.0,77.2,66.0,,,76.1,34.5
2026-09-10 03:00:00,Austin,100.0,7.0,98.8,13.0,,,99.4,10.0
2026-09-10 03:00:00,Miami,89.0,55.0,87.3,24.0,,,88.2,39.5
2026-09-10 03:00:00,Denver,87.0,0.0,82.8,0.0,,,84.9,0.0
2026-09-10 03:00:00,Philadelphia,87.0,16.0,87.8,0.0,,,87.4,8.0
2026-09-10 03:00:00,Los Angeles,95.0,2.0,108.4,2.0,,,101.7,2.0
2026-09-10 03:00:00,Las Vegas,107.0,2.0,104.8,1.0,,,105.9,1.5
2026-09-10 03:00:00,New Orleans,89.0,73.0,87.5,9.0,,,88.2,41.0
2026-09-10 03:00:00,San Francisco,75.0,5.0,93.6,1.0,,,84.3,3.0
2026-09-10 03:00:00,Washington DC,90.0,38.0,89.1,2.0,,,89.5,20.0
2026-09-10 03:00:00,Seattle,70.0,6.0,72.7,2.0,,,71.3,4.0
2026-09-10 03:00:00,Boston,87.0,49.0,76.3,47.0,,,81.7,48.0
2026-09-10 03:00:00,Phoenix,108.0,2.0,105.7,3.0,,,106.8,2.5
2026-09-10 03:00:00,Atlanta,93.0,12.0,90.1,2.0,,,91.5,7.0
2026-09-10 03:00:00,Minneapolis,80.0,0.0,79.6,2.0,,,79.8,1.0
2026-09-10 03:00:00,Dallas,101.0,30.0,100.7,2.0,,,100.8,16.0
2026-09-10 03:00:00,San Antonio,97.0,10.0,97.5,13.0,,,97.2,11.5
2026-09-10 03:00:00,Houston,91.0,47.0,88.5,43.0,,,89.8,45.0
2026-09-10 03:00:00,Oklahoma City,88.0,83.0,103.5,2.0,,,95.8,42.5
2026-09-10 03:00:00,Newark,87.0,20.0,86.0,4.0,,,86.5,12.0
2026-09-10 03:00:00,Trenton,87.0,15.0,87.4,1.0,,,87.2,8.0
2026-09-10 04:00:00,New York City,84.0,19.0,89.6,18.0,,,86.8,18.5
2026-09-10 04:00:00,Chicago,75.0,3.0,77.2,66.0,,,76.1,34.5
2026-09-10 04:00:00,Austin,100.0,7.0,98.8,13.0,,,99.4,10.0
2026-09-10 04:00:00,Miami,89.0,55.0,88.0,21.0,,,88.5,38.0
2026-09-10 04:00:00,Denver,87.0,0.0,82.8,0.0,,,84.9,0.0
2026-09-10 04:00:00,Philadelphia,87.0,16.0,89.3,11.0,,,88.2,13.5
2026-09-10 04:00:00,Los Angeles,95.0,2.0,108.4,2.0,,,101.7,2.0
2026-09-10 04:00:00,Las Vegas,107.0,2.0,104.8,1.0,,,105.9,1.5
2026-09-10 04:00:00,New Orleans,89.0,73.0,87.5,9.0,,,88.2,41.0
2026-09-10 04:00:00,San Francisco,75.0,5.0,93.6,1.0,,,84.3,3.0
2026-09-10 04:00:00,Washington DC,90.0,38.0,93.6,25.0,,,91.8,31.5
2026-09-10 04:00:00,Seattle,70.0,6.0,72.7,2.0,,,71.3,4.0
2026-09-10 04:00:00,Boston,87.0,49.0,87.1,45.0,,,87.0,47.0
2026-09-10 04:00:00,Phoenix,108.0,2.0,105.7,3.0,,,106.8,2.5
2026-09-10 04:00:00,Atlanta,93.0,12.0,91.9,4.0,,,92.5,8.0
2026-09-10 04:00:00,Minneapolis,80.0,0.0,79.6,2.0,,,79.8,1.0
2026-09-10 04:00:00,Dallas,101.0,30.0,100.7,2.0,,,100.8,16.0
2026-09-10 04:00:00,San Antonio,97.0,10.0,97.5,13.0,,,97.2,11.5
2026-09-10 04:00:00,Houston,91.0,47.0,88.5,43.0,,,89.8,45.0
2026-09-10 04:00:00,Oklahoma City,88.0,83.0,103.5,2.0,,,95.8,42.5
2026-09-10 04:00:00,Newark,87.0,20.0,89.3,17.0,,,88.2,18.5
2026-09-10 04:00:00,Trenton,87.0,15.0,89.0,17.0,,,88.0,16.0
2026-09-10 05:00:00,New York City,84.0,19.0,90.3,17.0,,,87.2,18.0
2026-09-10 05:00:00,Chicago,75.0,3.0,75.5,1.0,,,75.2,2.0
2026-09-10 05:00:00,Austin,100.0,7.0,97.1,10.0,,,98.5,8.5
2026-09-10 05:00:00,Miami,89.0,55.0,88.5,22.0,,,88.8,38.5
2026-09-10 05:00:00,Denver,87.0,0.0,82.8,0.0,,,84.9,0.0
2026-09-10 05:00:00,Philadelphia,87.0,16.0,89.5,13.0,,,88.2,14.5
2026-09-10 05:00:00,Los Angeles,95.0,2.0,108.4,2.0,,,101.7,2.0
2026-09-10 05:00:00,Las Vegas,107.0,2.0,104.8,1.0,,,105.9,1.5
2026-09-10 05:00:00,New Orleans,89.0,73.0,,,,,89.0,73.0
2026-09-10 05:00:00,San Francisco,77.0,2.0,,,,,77.0,2.0
2026-09-10 05:00:00,Washington DC,90.0,38.0,,,,,90.0,38.0
2026-09-10 05:00:00,Seattle,70.0,6.0,,,,,70.0,6.0
2026-09-10 05:00:00,Boston,87.0,49.0,,,,,87.0,49.0
2026-09-10 05:00:00,Phoenix,108.0,1.0,,,,,108.0,1.0
2026-09-10 05:00:00,Atlanta,93.0,12.0,,,,,93.0,12.0
2026-09-10 05:00:00,Minneapolis,80.0,0.0,,,,,80.0,0.0
2026-09-10 05:00:00,Dallas,101.0,30.0,98.4,16.0,,,99.7,23.0
2026-09-10 05:00:00,San Antonio,97.0,10.0,97.5,12.0,,,97.2,11.0
2026-09-10 05:00:00,Houston,90.0,45.0,90.5,33.0,,,90.2,39.0
2026-09-10 05:00:00,Oklahoma City,88.0,83.0,88.7,40.0,,,88.3,61.5
2026-09-10 05:00:00,Newark,87.0,20.0,90.1,23.0,,,88.5,21.5
2026-09-10 05:00:00,Trenton,87.0,15.0,89.4,15.0,,,88.2,15.0
2026-09-10 06:00:00,New York City,84.0,19.0,90.2,15.0,,,87.1,17.0
2026-09-10 06:00:00,Chicago,75.0,3.0,75.3,1.0,,,75.2,2.0
2026-09-10 06:00:00,Austin,100.0,7.0,95.6,11.0,,,97.8,9.0
2026-09-10 06:00:00,Miami,89.0,55.0,87.5,21.0,,,88.2,38.0
2026-09-10 06:00:00,Denver,87.0,0.0,89.1,0.0,,,88.0,0.0
2026-09-10 06:00:00,Philadelphia,87.0,16.0,89.3,14.0,,,88.2,15.0
2026-09-10 06:00:00,Los Angeles,95.0,2.0,108.4,2.0,,,101.7,2.0
2026-09-10 06:00:00,Las Vegas,107.0,2.0,104.8,1.0,,,105.9,1.5
2026-09-10 06:00:00,New Orleans,89.0,65.0,,,,,89.0,65.0
2026-09-10 06:00:00,San Francisco,77.0,2.0,,,,,77.0,2.0
2026-09-10 06:00:00,Washington DC,90.0,38.0,,,,,90.0,38.0
2026-09-10 06:00:00,Seattle,70.0,6.0,,,,,70.0,6.0
2026-09-10 06:00:00,Boston,87.0,49.0,,,,,87.0,49.0
2026-09-10 06:00:00,Phoenix,108.0,1.0,,,,,108.0,1.0
2026-09-10 06:00:00,Atlanta,93.0,12.0,,,,,93.0,12.0
2026-09-10 06:00:00,Minneapolis,80.0,0.0,,,,,80.0,0.0
2026-09-10 06:00:00,Dallas,101.0,30.0,98.5,18.0,,,99.8,24.0
2026-09-10 06:00:00,San Antonio,97.0,10.0,96.2,10.0,,,96.6,10.0
2026-09-10 06:00:00,Houston,90.0,45.0,89.8,31.0,,,89.9,38.0
2026-09-10 06:00:00,Oklahoma City,88.0,83.0,89.3,38.0,,,88.7,60.5
2026-09-10 06:00:00,Newark,87.0,20.0,89.9,21.0,,,88.5,20.5
2026-09-10 06:00:00,Trenton,87.0,15.0,89.3,17.0,,,88.2,16.0
2026-09-10 07:00:00,New York City,84.0,19.0,90.3,15.0,,,87.2,17.0
2026-09-10 07:00:00,Chicago,75.0,3.0,74.7,1.0,,,74.8,2.0
2026-09-10 07:00:00,Austin,100.0,13.0,98.0,11.0,,,99.0,12.0
2026-09-10 07:00:00,Miami,89.0,48.0,87.4,21.0,,,88.2,34.5
2026-09-10 07:00:00,Denver,87.0,0.0,89.1,0.0,,,88.0,0.0
2026-09-10 07:00:00,Philadelphia,87.0,16.0,89.3,14.0,,,88.2,15.0
2026-09-10 07:00:00,Los Angeles,95.0,2.0,98.4,3.0,,,96.7,2.5
2026-09-10 07:00:00,Las Vegas,107.0,2.0,108.0,3.0,,,107.5,2.5
2026-09-10 07:00:00,New Orleans,89.0,65.0,86.2,48.0,,,87.6,56.5
2026-09-10 07:00:00,San Francisco,77.0,2.0,,,,,77.0,2.0
2026-09-10 07:00:00,Washington DC,90.0,38.0,,,,,90.0,38.0
2026-09-10 07:00:00,Seattle,70.0,6.0,,,,,70.0,6.0
2026-09-10 07:00:00,Boston,87.0,49.0,,,,,87.0,49.0
2026-09-10 07:00:00,Phoenix,108.0,1.0,,,,,108.0,1.0
2026-09-10 07:00:00,Atlanta,93.0,7.0,,,,,93.0,7.0
2026-09-10 07:00:00,Minneapolis,80.0,0.0,,,,,80.0,0.0
2026-09-10 07:00:00,Dallas,101.0,30.0,,,,,101.0,30.0
2026-09-10 07:00:00,San Antonio,97.0,10.0,,,,,97.0,10.0
2026-09-10 07:00:00,Houston,90.0,45.0,90.3,31.0,,,90.2,38.0
2026-09-10 07:00:00,Oklahoma City,88.0,83.0,94.7,38.0,,,91.3,60.5
2026-09-10 07:00:00,Newark,87.0,20.0,90.2,21.0,,,88.6,20.5
2026-09-10 07:00:00,Trenton,87.0,15.0,89.2,17.0,,,88.1,16.0
2026-09-10 08:00:00,New York City,85.0,16.0,90.3,17.0,,,87.7,16.5
2026-09-10 08:00:00,Chicago,75.0,2.0,74.7,1.0,,,74.8,1.5
2026-09-10 08:00:00,Austin,100.0,13.0,98.0,11.0,,,99.0,12.0
2026-09-10 08:00:00,Miami,89.0,48.0,87.4,21.0,,,88.2,34.5
2026-09-10 08:00:00,Denver,89.0,0.0,89.1,0.0,,,89.0,0.0
2026-09-10 08:00:00,Philadelphia,88.0,5.0,89.3,16.0,,,88.7,10.5
2026-09-10 08:00:00,Los Angeles,96.0,3.0,98.4,3.0,,,97.2,3.0
2026-09-10 08:00:00,Las Vegas,106.0,2.0,108.0,3.0,,,107.0,2.5
2026-09-10 08:00:00,New Orleans,89.0,65.0,86.2,43.0,,,87.6,54.0
2026-09-10 08:00:00,San Francisco,77.0,2.0,78.8,1.0,,,77.9,1.5
2026-09-10 08:00:00,Washington DC,89.0,19.0,91.7,19.0,,,90.3,19.0
2026-09-10 08:00:00,Seattle,70.0,5.0,70.0,4.0,,,70.0,4.5
2026-09-10 08:00:00,Boston,87.0,49.0,,,,,87.0,49.0
2026-09-10 08:00:00,Phoenix,108.0,1.0,,,,,108.0,1.0
2026-09-10 08:00:00,Atlanta,93.0,7.0,,,,,93.0,7.0
2026-09-10 08:00:00,Minneapolis,80.0,0.0,,,,,80.0,0.0
2026-09-10 08:00:00,Dallas,100.0,14.0,,,,,100.0,14.0
2026-09-10 08:00:00,San Antonio,97.0,8.0,,,,,97.0,8.0
2026-09-10 08:00:00,Houston,90.0,45.0,,,,,90.0,45.0
2026-09-10 08:00:00,Oklahoma City,82.0,82.0,,,,,82.0,82.0
2026-09-10 08:00:00,Newark,88.0,13.0,,,,,88.0,13.0
2026-09-10 08:00:00,Trenton,88.0,6.0,,,,,88.0,6.0
2026-09-10 09:00:00,New York City,85.0,16.0,89.8,27.0,,,87.4,21.5
2026-09-10 09:00:00,Chicago,75.0,2.0,74.4,1.0,,,74.7,1.5
2026-09-10 09:00:00,Austin,100.0,13.0,96.7,13.0,,,98.3,13.0
2026-09-10 09:00:00,Miami,89.0,48.0,88.2,23.0,,,88.6,35.5
2026-09-10 09:00:00,Denver,89.0,0.0,88.8,0.0,,,88.9,0.0
2026-09-10 09:00:00,Philadelphia,88.0,5.0,89.1,18.0,,,88.5,11.5
2026-09-10 09:00:00,Los Angeles,96.0,3.0,97.7,3.0,,,96.8,3.0
2026-09-10 09:00:00,Las Vegas,106.0,2.0,107.9,4.0,,,107.0,3.0
2026-09-10 09:00:00,New Orleans,89.0,65.0,83.7,40.0,,,86.3,52.5
2026-09-10 09:00:00,San Francisco,77.0,2.0,79.0,1.0,,,78.0,1.5
2026-09-10 09:00:00,Washington DC,89.0,19.0,90.4,29.0,,,89.7,24.0
2026-09-10 09:00:00,Seattle,70.0,5.0,69.6,2.0,,,69.8,3.5
2026-09-10 09:00:00,Boston,87.0,49.0,87.2,39.0,,,87.1,44.0
2026-09-10 09:00:00,Phoenix,108.0,1.0,,,,,108.0,1.0
2026-09-10 09:00:00,Atlanta,93.0,7.0,,,,,93.0,7.0
2026-09-10 09:00:00,Minneapolis,80.0,0.0,,,,,80.0,0.0
2026-09-10 09:00:00,Dallas,100.0,14.0,,,,,100.0,14.0
2026-09-10 09:00:00,San Antonio,97.0,8.0,,,,,97.0,8.0
2026-09-10 09:00:00,Houston,90.0,45.0,,,,,90.0,45.0
2026-09-10 09:00:00,Oklahoma City,82.0,82.0,,,,,82.0,82.0
2026-09-10 09:00:00,Newark,88.0,13.0,,,,,88.0,13.0
2026-09-10 09:00:00,Trenton,88.0,6.0,,,,,88.0,6.0
2026-09-10 10:00:00,New York City,85.0,16.0,90.1,24.0,,,87.5,20.0
2026-09-10 10:00:00,Chicago,75.0,2.0,74.4,1.0,,,74.7,1.5
2026-09-10 10:00:00,Austin,100.0,13.0,97.6,13.0,,,98.8,13.0
2026-09-10 10:00:00,Miami,89.0,48.0,88.6,19.0,,,88.8,33.5
2026-09-10 10:00:00,Denver,89.0,0.0,88.8,0.0,,,88.9,0.0
2026-09-10 10:00:00,Philadelphia,88.0,5.0,89.3,19.0,,,88.7,12.0
2026-09-10 10:00:00,Los Angeles,96.0,3.0,98.1,3.0,,,97.0,3.0
2026-09-10 10:00:00,Las Vegas,106.0,2.0,108.5,4.0,,,107.2,3.0
2026-09-10 10:00:00,New Orleans,89.0,65.0,85.7,52.0,,,87.3,58.5
2026-09-10 10:00:00,San Francisco,77.0,2.0,,,,,77.0,2.0
2026-09-10 10:00:00,Washington DC,89.0,19.0,,,,,89.0,19.0
2026-09-10 10:00:00,Seattle,70.0,5.0,,,,,70.0,5.0
2026-09-10 10:00:00,Boston,87.0,49.0,,,,,87.0,49.0
2026-09-10 10:00:00,Phoenix,108.0,1.0,,,,,108.0,1.0
2026-09-10 10:00:00,Atlanta,93.0,7.0,,,,,93.0,7.0
2026-09-10 10:00:00,Minneapolis,80.0,0.0,,,,,80.0,0.0
2026-09-10 10:00:00,Dallas,100.0,14.0,,,,,100.0,14.0
2026-09-10 10:00:00,San Antonio,97.0,8.0,,,,,97.0,8.0
2026-09-10 10:00:00,Houston,90.0,45.0,88.8,28.0,,,89.4,36.5
2026-09-10 10:00:00,Oklahoma City,86.0,82.0,92.2,33.0,,,89.1,57.5
2026-09-10 10:00:00,Newark,88.0,13.0,89.9,24.0,,,89.0,18.5
2026-09-10 10:00:00,Trenton,88.0,6.0,88.8,18.0,,,88.4,12.0
2026-09-10 11:00:00,New York City,85.0,16.0,90.0,24.0,,,87.5,20.0
2026-09-10 11:00:00,Chicago,75.0,2.0,74.2,1.0,,,74.6,1.5
2026-09-10 11:00:00,Austin,100.0,13.0,97.8,12.0,,,98.9,12.5
2026-09-10 11:00:00,Miami,89.0,48.0,88.4,17.0,,,88.7,32.5
2026-09-10 11:00:00,Denver,89.0,0.0,88.7,0.0,,,88.8,0.0
2026-09-10 11:00:00,Philadelphia,88.0,5.0,88.9,18.0,,,88.5,11.5
2026-09-10 11:00:00,Los Angeles,96.0,3.0,98.2,3.0,,,97.1,3.0
2026-09-10 11:00:00,Las Vegas,106.0,2.0,108.7,3.0,,,107.3,2.5
2026-09-10 11:00:00,New Orleans,89.0,65.0,84.4,40.0,,,86.7,52.5
2026-09-10 11:00:00,San Francisco,77.0,2.0,,,,,77.0,2.0
2026-09-10 11:00:00,Washington DC,89.0,19.0,,,,,89.0,19.0
2026-09-10 11:00:00,Seattle,70.0,5.0,,,,,70.0,5.0
2026-09-10 11:00:00,Boston,86.0,32.0,,,,,86.0,32.0
2026-09-10 11:00:00,Phoenix,108.0,1.0,,,,,108.0,1.0
2026-09-10 11:00:00,Atlanta,93.0,7.0,92.1,6.0,,,92.5,6.5
2026-09-10 11:00:00,Minneapolis,80.0,0.0,81.4,1.0,,,80.7,0.5
2026-09-10 11:00:00,Dallas,100.0,14.0,98.8,12.0,,,99.4,13.0
2026-09-10 11:00:00,San Antonio,97.0,8.0,96.5,7.0,,,96.8,7.5
2026-09-10 11:00:00,Houston,90.0,45.0,90.9,29.0,,,90.5,37.0
2026-09-10 11:00:00,Oklahoma City,86.0,82.0,94.2,30.0,,,90.1,56.0
2026-09-10 11:00:00,Newark,88.0,13.0,89.8,24.0,,,88.9,18.5
2026-09-10 11:00:00,Trenton,88.0,6.0,88.2,35.0,,,88.1,20.5
2026-09-10 12:00:00,New York City,85.0,16.0,89.5,20.0,,,87.2,18.0
2026-09-10 12:00:00,Chicago,75.0,2.0,74.2,0.0,,,74.6,1.0
2026-09-10 12:00:00,Austin,100.0,13.0,97.8,11.0,,,98.9,12.0
2026-09-10 12:00:00,Miami,89.0,48.0,88.2,18.0,,,88.6,33.0
2026-09-10 12:00:00,Denver,89.0,0.0,88.6,0.0,,,88.8,0.0
2026-09-10 12:00:00,Philadelphia,88.0,5.0,88.8,18.0,,,88.4,11.5
2026-09-10 12:00:00,Los Angeles,96.0,3.0,98.4,2.0,,,97.2,2.5
2026-09-10 12:00:00,Las Vegas,106.0,2.0,108.0,4.0,,,107.0,3.0
2026-09-10 12:00:00,New Orleans,89.0,65.0,,,,,89.0,65.0
2026-09-10 12:00:00,San Francisco,77.0,2.0,,,,,77.0,2.0
2026-09-10 12:00:00,Washington DC,89.0,19.0,,,,,89.0,19.0
2026-09-10 12:00:00,Seattle,70.0,5.0,,,,,70.0,5.0
2026-09-10 12:00:00,Boston,86.0,32.0,,,,,86.0,32.0
2026-09-10 12:00:00,Phoenix,108.0,1.0,,,,,108.0,1.0
2026-09-10 12:00:00,Atlanta,93.0,7.0,,,,,93.0,7.0
2026-09-10 12:00:00,Minneapolis,80.0,0.0,81.2,1.0,,,80.6,0.5
2026-09-10 12:00:00,Dallas,100.0,14.0,98.5,13.0,,,99.2,13.5
2026-09-10 12:00:00,San Antonio,97.0,8.0,97.0,7.0,,,97.0,7.5
2026-09-10 12:00:00,Houston,90.0,45.0,91.6,30.0,,,90.8,37.5
2026-09-10 12:00:00,Oklahoma City,86.0,82.0,94.9,26.0,,,90.5,54.0
2026-09-10 12:00:00,Newark,88.0,13.0,88.9,24.0,,,88.5,18.5
2026-09-10 12:00:00,Trenton,88.0,6.0,88.5,35.0,,,88.2,20.5
2026-09-10 13:00:00,New York City,85.0,3.0,90.0,20.0,,,87.5,11.5
2026-09-10 13:00:00,Chicago,75.0,2.0,74.1,0.0,,,74.5,1.0
2026-09-10 13:00:00,Austin,100.0,13.0,98.2,11.0,,,99.1,12.0
2026-09-10 13:00:00,Miami,89.0,48.0,89.1,18.0,,,89.0,33.0
2026-09-10 13:00:00,Denver,89.0,0.0,88.9,0.0,,,89.0,0.0
2026-09-10 13:00:00,Philadelphia,88.0,5.0,88.0,18.0,,,88.0,11.5
2026-09-10 13:00:00,Los Angeles,96.0,3.0,100.5,2.0,,,98.2,2.5
2026-09-10 13:00:00,Las Vegas,106.0,2.0,107.6,4.0,,,106.8,3.0
2026-09-10 13:00:00,New Orleans,89.0,65.0,87.6,50.0,,,88.3,57.5
2026-09-10 13:00:00,San Francisco,77.0,2.0,,,,,77.0,2.0
2026-09-10 13:00:00,Washington DC,89.0,15.0,,,,,89.0,15.0
2026-09-10 13:00:00,Seattle,70.0,5.0,,,,,70.0,5.0
2026-09-10 13:00:00,Boston,86.0,32.0,,,,,86.0,32.0
2026-09-10 13:00:00,Phoenix,108.0,1.0,,,,,108.0,1.0
2026-09-10 13:00:00,Atlanta,93.0,7.0,,,,,93.0,7.0
2026-09-10 13:00:00,Minneapolis,80.0,0.0,,,,,80.0,0.0
2026-09-10 13:00:00,Dallas,100.0,14.0,,,,,100.0,14.0
2026-09-10 13:00:00,San Antonio,97.0,8.0,98.0,7.0,,,97.5,7.5
2026-09-10 13:00:00,Houston,90.0,45.0,83.3,30.0,,,86.7,37.5
2026-09-10 13:00:00,Oklahoma City,86.0,82.0,92.0,26.0,,,89.0,54.0
2026-09-10 13:00:00,Newark,88.0,3.0,89.8,24.0,,,88.9,13.5
2026-09-10 13:00:00,Trenton,88.0,3.0,88.7,35.0,,,88.3,19.0
2026-09-10 14:00:00,New York City,85.0,3.0,89.8,20.0,,,87.4,11.5
2026-09-10 14:00:00,Chicago,75.0,2.0,75.0,1.0,,,75.0,1.5
2026-09-10 14:00:00,Austin,100.0,13.0,97.3,11.0,,,98.7,12.0
2026-09-10 14:00:00,Miami,89.0,48.0,87.2,17.0,,,88.1,32.5
2026-09-10 14:00:00,Denver,89.0,0.0,88.9,0.0,,,89.0,0.0
2026-09-10 14:00:00,Philadelphia,88.0,3.0,88.7,18.0,,,88.3,10.5
2026-09-10 14:00:00,Los Angeles,96.0,3.0,100.3,2.0,,,98.2,2.5
2026-09-10 14:00:00,Las Vegas,106.0,2.0,108.0,4.0,,,107.0,3.0
2026-09-10 14:00:00,New Orleans,89.0,65.0,85.1,57.0,,,87.0,61.0
2026-09-10 14:00:00,San Francisco,77.0,2.0,79.4,1.0,,,78.2,1.5
2026-09-10 14:00:00,Washington DC,89.0,19.0,,,,,89.0,19.0
2026-09-10 14:00:00,Seattle,70.0,5.0,,,,,70.0,5.0
2026-09-10 14:00:00,Boston,86.0,32.0,,,,,86.0,32.0
2026-09-10 14:00:00,Phoenix,108.0,1.0,,,,,108.0,1.0
2026-09-10 14:00:00,Atlanta,93.0,7.0,,,,,93.0,7.0
2026-09-10 14:00:00,Minneapolis,80.0,0.0,,,,,80.0,0.0
2026-09-10 14:00:00,Dallas,100.0,14.0,,,,,100.0,14.0
2026-09-10 14:00:00,San Antonio,97.0,8.0,,,,,97.0,8.0
2026-09-10 14:00:00,Houston,90.0,45.0,87.1,29.0,,,88.5,37.0
2026-09-10 14:00:00,Oklahoma City,86.0,82.0,92.5,26.0,,,89.2,54.0
2026-09-10 14:00:00,Newark,88.0,3.0,89.8,24.0,,,88.9,13.5
2026-09-10 14:00:00,Trenton,88.0,6.0,88.7,35.0,,,88.3,20.5
2026-09-10 15:00:00,New York City,85.0,3.0,89.7,20.0,,,87.3,11.5
2026-09-10 15:00:00,Chicago,75.0,2.0,74.1,1.0,,,74.5,1.5
2026-09-10 15:00:00,Austin,100.0,13.0,98.0,10.0,,,99.0,11.5
2026-09-10 15:00:00,Miami,89.0,48.0,86.9,20.0,,,88.0,34.0
2026-09-10 15:00:00,Denver,89.0,0.0,89.2,0.0,,,89.1,0.0
2026-09-10 15:00:00,Philadelphia,88.0,5.0,88.8,18.0,,,88.4,11.5
2026-09-10 15:00:00,Los Angeles,96.0,3.0,100.5,2.0,,,98.2,2.5
2026-09-10 15:00:00,Las Vegas,106.0,2.0,108.4,4.0,,,107.2,3.0
2026-09-10 15:00:00,New Orleans,89.0,65.0,83.2,57.0,,,86.1,61.0
2026-09-10 15:00:00,San Francisco,77.0,2.0,77.6,1.0,,,77.3,1.5
2026-09-10 15:00:00,Washington DC,89.0,19.0,,,,,89.0,19.0
2026-09-10 15:00:00,Seattle,70.0,5.0,,,,,70.0,5.0
2026-09-10 15:00:00,Boston,86.0,32.0,,,,,86.0,32.0
2026-09-10 15:00:00,Phoenix,108.0,1.0,,,,,108.0,1.0
2026-09-10 15:00:00,Atlanta,93.0,7.0,,,,,93.0,7.0
2026-09-10 15:00:00,Minneapolis,80.0,0.0,,,,,80.0,0.0
2026-09-10 15:00:00,Dallas,100.0,14.0,,,,,100.0,14.0
2026-09-10 15:00:00,San Antonio,97.0,8.0,97.8,5.0,,,97.4,6.5
2026-09-10 15:00:00,Houston,90.0,45.0,88.1,33.0,,,89.0,39.0
2026-09-10 15:00:00,Oklahoma City,86.0,82.0,91.1,40.0,,,88.5,61.0
2026-09-10 15:00:00,Newark,88.0,3.0,89.6,24.0,,,88.8,13.5
2026-09-10 15:00:00,Trenton,88.0,3.0,88.7,35.0,,,88.3,19.0
2026-09-10 16:00:00,New York City,85.0,2.0,90.1,20.0,,,87.5,11.0
2026-09-10 16:00:00,Chicago,75.0,2.0,74.7,1.0,,,74.8,1.5
2026-09-10 16:00:00,Austin,100.0,13.0,97.7,10.0,,,98.8,11.5
2026-09-10 16:00:00,Miami,89.0,48.0,87.5,20.0,,,88.2,34.0
2026-09-10 16:00:00,Denver,89.0,0.0,89.3,0.0,,,89.2,0.0
2026-09-10 16:00:00,Philadelphia,88.0,5.0,88.7,18.0,,,88.3,11.5
2026-09-10 16:00:00,Los Angeles,96.0,3.0,100.1,2.0,,,98.0,2.5
2026-09-10 16:00:00,Las Vegas,106.0,2.0,107.8,4.0,,,106.9,3.0
2026-09-10 16:00:00,New Orleans,89.0,58.0,83.3,57.0,,,86.2,57.5
2026-09-10 16:00:00,San Francisco,77.0,2.0,76.5,1.0,,,76.8,1.5
2026-09-10 16:00:00,Washington DC,89.0,13.0,90.9,15.0,,,90.0,14.0
2026-09-10 16:00:00,Seattle,70.0,5.0,70.8,2.0,,,70.4,3.5
2026-09-10 16:00:00,Boston,86.0,0.0,,,,,86.0,0.0
2026-09-10 16:00:00,Phoenix,108.0,1.0,,,,,108.0,1.0
2026-09-10 16:00:00,Atlanta,93.0,7.0,,,,,93.0,7.0
2026-09-10 16:00:00,Minneapolis,80.0,0.0,,,,,80.0,0.0
2026-09-10 16:00:00,Dallas,100.0,14.0,,,,,100.0,14.0
2026-09-10 16:00:00,San Antonio,97.0,8.0,,,,,97.0,8.0
2026-09-10 16:00:00,Houston,90.0,45.0,,,,,90.0,45.0
2026-09-10 16:00:00,Oklahoma City,86.0,82.0,,,,,86.0,82.0
2026-09-10 16:00:00,Newark,88.0,3.0,,,,,88.0,3.0
2026-09-10 16:00:00,Trenton,88.0,6.0,,,,,88.0,6.0
2026-09-10 17:00:00,New York City,85.0,2.0,90.0,20.0,,,87.5,11.0
2026-09-10 17:00:00,Chicago,75.0,2.0,74.8,0.0,,,74.9,1.0
2026-09-10 17:00:00,Austin,100.0,13.0,96.9,10.0,,,98.5,11.5
2026-09-10 17:00:00,Miami,89.0,48.0,87.4,24.0,,,88.2,36.0
2026-09-10 17:00:00,Denver,89.0,0.0,88.8,0.0,,,88.9,0.0
2026-09-10 17:00:00,Philadelphia,88.0,5.0,88.8,18.0,,,88.4,11.5
2026-09-10 17:00:00,Los Angeles,96.0,3.0,99.5,2.0,,,97.8,2.5
2026-09-10 17:00:00,Las Vegas,106.0,2.0,108.8,4.0,,,107.4,3.0
2026-09-10 17:00:00,New Orleans,89.0,65.0,83.4,57.0,,,86.2,61.0
2026-09-10 17:00:00,San Francisco,77.0,2.0,78.5,2.0,,,77.8,2.0
2026-09-10 17:00:00,Washington DC,89.0,13.0,90.1,17.0,,,89.5,15.0
2026-09-10 17:00:00,Seattle,70.0,5.0,69.9,2.0,,,70.0,3.5
2026-09-10 17:00:00,Boston,86.0,0.0,86.7,35.0,,,86.3,17.5
2026-09-10 17:00:00,Phoenix,108.0,1.0,107.4,2.0,,,107.7,1.5
2026-09-10 17:00:00,Atlanta,93.0,6.0,91.7,5.0,,,92.3,5.5
2026-09-10 17:00:00,Minneapolis,80.0,0.0,80.9,0.0,,,80.5,0.0
2026-09-10 17:00:00,Dallas,100.0,14.0,,,,,100.0,14.0
2026-09-10 17:00:00,San Antonio,97.0,8.0,,,,,97.0,8.0
2026-09-10 17:00:00,Houston,90.0,45.0,,,,,90.0,45.0
2026-09-10 17:00:00,Oklahoma City,86.0,82.0,,,,,86.0,82.0
2026-09-10 17:00:00,Newark,88.0,3.0,,,,,88.0,3.0
2026-09-10 17:00:00,Trenton,88.0,6.0,,,,,88.0,6.0
2026-09-10 18:00:00,New York City,85.0,2.0,89.2,20.0,,,87.1,11.0
2026-09-10 18:00:00,Chicago,75.0,2.0,74.0,0.0,,,74.5,1.0
2026-09-10 18:00:00,Austin,100.0,13.0,96.5,4.0,,,98.2,8.5
2026-09-10 18:00:00,Miami,89.0,48.0,87.8,34.0,,,88.4,41.0
2026-09-10 18:00:00,Denver,89.0,0.0,89.6,0.0,,,89.3,0.0
2026-09-10 18:00:00,Philadelphia,88.0,3.0,88.9,18.0,,,88.5,10.5
2026-09-10 18:00:00,Los Angeles,96.0,3.0,98.6,2.0,,,97.3,2.5
2026-09-10 18:00:00,Las Vegas,106.0,4.0,108.6,3.0,,,107.3,3.5
2026-09-10 18:00:00,New Orleans,89.0,65.0,,,,,89.0,65.0
2026-09-10 18:00:00,San Francisco,77.0,2.0,,,,,77.0,2.0
2026-09-10 18:00:00,Washington DC,89.0,13.0,,,,,89.0,13.0
2026-09-10 18:00:00,Seattle,70.0,5.0,,,,,70.0,5.0
2026-09-10 18:00:00,Boston,86.0,0.0,,,,,86.0,0.0
2026-09-10 18:00:00,Phoenix,108.0,1.0,,,,,108.0,1.0
2026-09-10 18:00:00,Atlanta,93.0,6.0,,,,,93.0,6.0
2026-09-10 18:00:00,Minneapolis,80.0,0.0,80.8,0.0,,,80.4,0.0
2026-09-10 18:00:00,Dallas,100.0,14.0,98.3,26.0,,,99.2,20.0
2026-09-10 18:00:00,San Antonio,97.0,8.0,98.8,2.0,,,97.9,5.0
2026-09-10 18:00:00,Houston,90.0,58.0,87.4,27.0,,,88.7,42.5
2026-09-10 18:00:00,Oklahoma City,86.0,82.0,89.7,38.0,,,87.8,60.0
2026-09-10 18:00:00,Newark,88.0,3.0,89.0,24.0,,,88.5,13.5
2026-09-10 18:00:00,Trenton,88.0,6.0,88.3,35.0,,,88.2,20.5
2026-09-10 19:00:00,New York City,85.0,1.0,89.2,20.0,,,87.1,10.5
2026-09-10 19:00:00,Chicago,74.0,0.0,72.8,0.0,,,73.4,0.0
2026-09-10 19:00:00,Austin,99.0,12.0,98.2,4.0,,,98.6,8.0
2026-09-10 19:00:00,Miami,89.0,29.0,87.8,34.0,,,88.4,31.5
2026-09-10 19:00:00,Denver,89.0,0.0,89.7,0.0,,,89.3,0.0
2026-09-10 19:00:00,Philadelphia,88.0,5.0,88.7,18.0,,,88.3,11.5
2026-09-10 19:00:00,Los Angeles,99.0,2.0,99.2,2.0,,,99.1,2.0
2026-09-10 19:00:00,Las Vegas,106.0,4.0,108.5,3.0,,,107.2,3.5
2026-09-10 19:00:00,New Orleans,84.0,43.0,82.4,57.0,,,83.2,50.0
2026-09-10 19:00:00,San Francisco,76.0,1.0,79.4,2.0,,,77.7,1.5
2026-09-10 19:00:00,Washington DC,89.0,7.0,89.3,17.0,,,89.2,12.0
2026-09-10 19:00:00,Seattle,70.0,5.0,68.5,2.0,,,69.2,3.5
2026-09-10 19:00:00,Boston,86.0,0.0,,,,,86.0,0.0
2026-09-10 19:00:00,Phoenix,108.0,1.0,,,,,108.0,1.0
2026-09-10 19:00:00,Atlanta,93.0,6.0,,,,,93.0,6.0
2026-09-10 19:00:00,Minneapolis,80.0,0.0,,,,,80.0,0.0
2026-09-10 19:00:00,Dallas,100.0,14.0,,,,,100.0,14.0
2026-09-10 19:00:00,San Antonio,97.0,5.0,,,,,97.0,5.0
2026-09-10 19:00:00,Houston,90.0,75.0,,,,,90.0,75.0
2026-09-10 19:00:00,Oklahoma City,83.0,72.0,,,,,83.0,72.0
2026-09-10 19:00:00,Newark,88.0,1.0,,,,,88.0,1.0
2026-09-10 19:00:00,Trenton,88.0,6.0,,,,,88.0,6.0
2026-09-10 20:00:00,New York City,85.0,1.0,88.3,20.0,,,86.7,10.5
2026-09-10 20:00:00,Chicago,74.0,0.0,72.5,0.0,,,73.2,0.0
2026-09-10 20:00:00,Austin,99.0,12.0,97.8,4.0,,,98.4,8.0
2026-09-10 20:00:00,Miami,89.0,30.0,87.8,34.0,,,88.4,32.0
2026-09-10 20:00:00,Denver,89.0,0.0,89.5,0.0,,,89.2,0.0
2026-09-10 20:00:00,Philadelphia,88.0,5.0,88.3,18.0,,,88.2,11.5
2026-09-10 20:00:00,Los Angeles,99.0,2.0,99.2,2.0,,,99.1,2.0
2026-09-10 20:00:00,Las Vegas,106.0,4.0,107.9,3.0,,,107.0,3.5
2026-09-10 20:00:00,New Orleans,84.0,43.0,82.5,62.0,,,83.2,52.5
2026-09-10 20:00:00,San Francisco,76.0,1.0,,,,,76.0,1.0
2026-09-10 20:00:00,Washington DC,89.0,7.0,,,,,89.0,7.0
2026-09-10 20:00:00,Seattle,70.0,0.0,,,,,70.0,0.0
2026-09-10 20:00:00,Boston,86.0,0.0,,,,,86.0,0.0
2026-09-10 20:00:00,Phoenix,108.0,2.0,,,,,108.0,2.0
2026-09-10 20:00:00,Atlanta,93.0,6.0,,,,,93.0,6.0
2026-09-10 20:00:00,Minneapolis,80.0,0.0,,,,,80.0,0.0
2026-09-10 20:00:00,Dallas,100.0,27.0,,,,,100.0,27.0
2026-09-10 20:00:00,San Antonio,97.0,5.0,,,,,97.0,5.0
2026-09-10 20:00:00,Houston,90.0,75.0,88.4,36.0,,,89.2,55.5
2026-09-10 20:00:00,Oklahoma City,83.0,72.0,89.7,38.0,,,86.3,55.0
2026-09-10 20:00:00,Newark,88.0,1.0,87.8,24.0,,,87.9,12.5
2026-09-10 20:00:00,Trenton,88.0,3.0,88.0,35.0,,,88.0,19.0
2026-09-10 21:00:00,New York City,85.0,1.0,88.5,20.0,,,86.8,10.5
2026-09-10 21:00:00,Chicago,74.0,0.0,72.5,0.0,,,73.2,0.0
2026-09-10 21:00:00,Austin,99.0,12.0,97.2,4.0,,,98.1,8.0
2026-09-10 21:00:00,Miami,89.0,29.0,87.8,34.0,,,88.4,31.5
2026-09-10 21:00:00,Denver,89.0,0.0,89.6,0.0,,,89.3,0.0
2026-09-10 21:00:00,Philadelphia,88.0,1.0,88.9,18.0,,,88.5,9.5
2026-09-10 21:00:00,Los Angeles,99.0,2.0,98.3,2.0,,,98.7,2.0
2026-09-10 21:00:00,Las Vegas,106.0,4.0,107.2,3.0,,,106.6,3.5
2026-09-10 21:00:00,New Orleans,84.0,41.0,82.5,69.0,,,83.2,55.0
2026-09-10 21:00:00,San Francisco,76.0,1.0,,,,,76.0,1.0
2026-09-10 21:00:00,Washington DC,89.0,6.0,,,,,89.0,6.0
2026-09-10 21:00:00,Seattle,70.0,0.0,,,,,70.0,0.0
2026-09-10 21:00:00,Boston,86.0,0.0,,,,,86.0,0.0
2026-09-10 21:00:00,Phoenix,108.0,2.0,,,,,108.0,2.0
2026-09-10 21:00:00,Atlanta,93.0,6.0,,,,,93.0,6.0
2026-09-10 21:00:00,Minneapolis,80.0,0.0,,,,,80.0,0.0
2026-09-10 21:00:00,Dallas,100.0,27.0,,,,,100.0,27.0
2026-09-10 21:00:00,San Antonio,97.0,5.0,,,,,97.0,5.0
2026-09-10 21:00:00,Houston,90.0,59.0,88.4,45.0,,,89.2,52.0
2026-09-10 21:00:00,Oklahoma City,83.0,72.0,89.7,44.0,,,86.3,58.0
2026-09-10 21:00:00,Newark,88.0,1.0,88.5,24.0,,,88.2,12.5
2026-09-10 21:00:00,Trenton,88.0,0.0,88.1,35.0,,,88.0,17.5
2026-09-10 22:00:00,New York City,85.0,1.0,88.5,20.0,,,86.8,10.5
2026-09-10 22:00:00,Chicago,74.0,0.0,72.5,0.0,,,73.2,0.0
2026-09-10 22:00:00,Austin,99.0,12.0,96.9,5.0,,,98.0,8.5
2026-09-10 22:00:00,Miami,89.0,29.0,87.8,34.0,,,88.4,31.5
2026-09-10 22:00:00,Denver,89.0,0.0,89.8,0.0,,,89.4,0.0
2026-09-10 22:00:00,Philadelphia,88.0,1.0,88.7,18.0,,,88.3,9.5
2026-09-10 22:00:00,Los Angeles,99.0,2.0,99.4,2.0,,,99.2,2.0
2026-09-10 22:00:00,Las Vegas,106.0,4.0,107.2,3.0,,,106.6,3.5
2026-09-10 22:00:00,New Orleans,84.0,43.0,82.5,69.0,,,83.2,56.0
2026-09-10 22:00:00,San Francisco,76.0,1.0,81.1,1.0,,,78.5,1.0
2026-09-10 22:00:00,Washington DC,89.0,6.0,,,,,89.0,6.0
2026-09-10 22:00:00,Seattle,70.0,0.0,,,,,70.0,0.0
2026-09-10 22:00:00,Boston,77.0,0.0,,,,,77.0,0.0
2026-09-10 22:00:00,Phoenix,108.0,2.0,,,,,108.0,2.0
2026-09-10 22:00:00,Atlanta,93.0,6.0,,,,,93.0,6.0
2026-09-10 22:00:00,Minneapolis,80.0,0.0,,,,,80.0,0.0
2026-09-10 22:00:00,Dallas,100.0,27.0,,,,,100.0,27.0
2026-09-10 22:00:00,San Antonio,97.0,5.0,,,,,97.0,5.0
2026-09-10 22:00:00,Houston,90.0,59.0,,,,,90.0,59.0
2026-09-10 22:00:00,Oklahoma City,83.0,72.0,,,,,83.0,72.0
2026-09-10 22:00:00,Newark,88.0,1.0,88.5,24.0,,,88.2,12.5
2026-09-10 22:00:00,Trenton,88.0,0.0,89.0,35.0,,,88.5,17.5
2026-09-10 23:00:00,New York City,80.0,7.0,88.5,20.0,,,84.2,13.5
2026-09-10 23:00:00,Chicago,73.0,0.0,72.5,0.0,,,72.8,0.0
2026-09-10 23:00:00,Austin,100.0,17.0,101.2,6.0,,,100.6,11.5
2026-09-10 23:00:00,Miami,89.0,65.0,87.8,34.0,,,88.4,49.5
2026-09-10 23:00:00,Denver,89.0,0.0,90.4,0.0,,,89.7,0.0
2026-09-10 23:00:00,Philadelphia,83.0,24.0,88.7,18.0,,,85.8,21.0
2026-09-10 23:00:00,Los Angeles,99.0,2.0,99.2,2.0,,,99.1,2.0
2026-09-10 23:00:00,Las Vegas,106.0,4.0,106.8,3.0,,,106.4,3.5
2026-09-10 23:00:00,New Orleans,84.0,34.0,82.5,69.0,,,83.2,51.5
2026-09-10 23:00:00,San Francisco,76.0,1.0,,,,,76.0,1.0
2026-09-10 23:00:00,Washington DC,82.0,43.0,,,,,82.0,43.0
2026-09-10 23:00:00,Seattle,70.0,0.0,,,,,70.0,0.0
2026-09-10 23:00:00,Boston,77.0,0.0,,,,,77.0,0.0
2026-09-10 23:00:00,Phoenix,108.0,2.0,,,,,108.0,2.0
2026-09-10 23:00:00,Atlanta,93.0,28.0,,,,,93.0,28.0
2026-09-10 23:00:00,Minneapolis,80.0,0.0,,,,,80.0,0.0
2026-09-10 23:00:00,Dallas,99.0,28.0,,,,,99.0,28.0
2026-09-10 23:00:00,San Antonio,97.0,17.0,,,,,97.0,17.0
2026-09-10 23:00:00,Houston,90.0,59.0,88.4,45.0,,,89.2,52.0
2026-09-10 23:00:00,Oklahoma City,83.0,11.0,89.7,51.0,,,86.3,31.0
2026-09-10 23:00:00,Newark,81.0,7.0,88.5,24.0,,,84.8,15.5
2026-09-10 23:00:00,Trenton,83.0,15.0,89.0,35.0,,,86.0,25.0
2026-09-11 00:00:00,New York City,80.0,7.0,88.5,20.0,,,84.2,13.5
2026-09-11 00:00:00,Chicago,75.0,0.0,72.7,0.0,,,73.8,0.0
2026-09-11 00:00:00,Austin,101.0,12.0,101.2,5.0,,,101.1,8.5
2026-09-11 00:00:00,Miami,89.0,65.0,87.8,34.0,,,88.4,49.5
2026-09-11 00:00:00,Denver,89.0,0.0,90.7,0.0,,,89.8,0.0
2026-09-11 00:00:00,Philadelphia,83.0,24.0,88.7,18.0,,,85.8,21.0
2026-09-11 00:00:00,Los Angeles,99.0,2.0,100.4,2.0,,,99.7,2.0
2026-09-11 00:00:00,Las Vegas,106.0,4.0,106.3,3.0,,,106.2,3.5
2026-09-11 00:00:00,New Orleans,89.0,71.0,82.5,69.0,,,85.8,70.0
2026-09-11 00:00:00,San Francisco,76.0,1.0,81.4,1.0,,,78.7,1.0
2026-09-11 00:00:00,Washington DC,82.0,43.0,,,,,82.0,43.0
2026-09-11 00:00:00,Seattle,70.0,0.0,,,,,70.0,0.0
2026-09-11 00:00:00,Boston,77.0,0.0,,,,,77.0,0.0
2026-09-11 00:00:00,Phoenix,108.0,2.0,,,,,108.0,2.0
2026-09-11 00:00:00,Atlanta,93.0,28.0,,,,,93.0,28.0
2026-09-11 00:00:00,Minneapolis,85.0,2.0,,,,,85.0,2.0
2026-09-11 00:00:00,Dallas,99.0,28.0,,,,,99.0,28.0
2026-09-11 00:00:00,San Antonio,100.0,8.0,,,,,100.0,8.0
2026-09-11 00:00:00,Houston,91.0,45.0,,,,,91.0,45.0
2026-09-11 00:00:00,Oklahoma City,93.0,13.0,,,,,93.0,13.0
2026-09-11 00:00:00,Newark,81.0,7.0,88.5,24.0,,,84.8,15.5
2026-09-11 00:00:00,Trenton,83.0,15.0,89.0,35.0,,,86.0,25.0
2026-09-11 01:00:00,New York City,80.0,7.0,88.5,20.0,,,84.2,13.5
2026-09-11 01:00:00,Chicago,75.0,0.0,72.7,0.0,,,73.8,0.0
2026-09-11 01:00:00,Austin,101.0,12.0,101.2,5.0,,,101.1,8.5
2026-09-11 01:00:00,Miami,89.0,65.0,87.8,34.0,,,88.4,49.5
2026-09-11 01:00:00,Denver,92.0,1.0,90.7,0.0,,,91.3,0.5
2026-09-11 01:00:00,Philadelphia,83.0,24.0,88.7,18.0,,,85.8,21.0
2026-09-11 01:00:00,Los Angeles,99.0,2.0,100.4,2.0,,,99.7,2.0
2026-09-11 01:00:00,Las Vegas,106.0,4.0,106.6,3.0,,,106.3,3.5
2026-09-11 01:00:00,New Orleans,89.0,71.0,82.5,69.0,,,85.8,70.0
2026-09-11 01:00:00,San Francisco,76.0,1.0,81.4,1.0,,,78.7,1.0
2026-09-11 01:00:00,Washington DC,82.0,55.0,88.7,17.0,,,85.3,36.0
2026-09-11 01:00:00,Seattle,70.0,0.0,67.2,6.0,,,68.6,3.0
2026-09-11 01:00:00,Boston,77.0,0.0,86.1,35.0,,,81.5,17.5
2026-09-11 01:00:00,Phoenix,108.0,2.0,,,,,108.0,2.0
2026-09-11 01:00:00,Atlanta,93.0,28.0,,,,,93.0,28.0
2026-09-11 01:00:00,Minneapolis,85.0,2.0,,,,,85.0,2.0
2026-09-11 01:00:00,Dallas,99.0,28.0,,,,,99.0,28.0
2026-09-11 01:00:00,San Antonio,100.0,8.0,,,,,100.0,8.0
2026-09-11 01:00:00,Houston,91.0,45.0,,,,,91.0,45.0
2026-09-11 01:00:00,Oklahoma City,93.0,13.0,,,,,93.0,13.0
2026-09-11 01:00:00,Newark,81.0,7.0,,,,,81.0,7.0
2026-09-11 01:00:00,Trenton,83.0,15.0,,,,,83.0,15.0
2026-09-11 02:00:00,New York City,80.0,7.0,88.5,20.0,,,84.2,13.5
2026-09-11 02:00:00,Chicago,75.0,0.0,72.7,0.0,,,73.8,0.0
2026-09-11 02:00:00,Austin,101.0,12.0,101.2,4.0,,,101.1,8.0
2026-09-11 02:00:00,Miami,89.0,65.0,87.8,34.0,,,88.4,49.5
2026-09-11 02:00:00,Denver,92.0,1.0,90.7,0.0,,,91.3,0.5
2026-09-11 02:00:00,Philadelphia,83.0,24.0,88.7,18.0,,,85.8,21.0
2026-09-11 02:00:00,Los Angeles,92.0,1.0,100.4,2.0,,,96.2,1.5
2026-09-11 02:00:00,Las Vegas,106.0,3.0,106.6,3.0,,,106.3,3.0
2026-09-11 02:00:00,New Orleans,89.0,71.0,,,,,89.0,71.0
2026-09-11 02:00:00,San Francisco,71.0,3.0,,,,,71.0,3.0
2026-09-11 02:00:00,Washington DC,82.0,55.0,,,,,82.0,55.0
2026-09-11 02:00:00,Seattle,68.0,4.0,,,,,68.0,4.0
2026-09-11 02:00:00,Boston,77.0,0.0,,,,,77.0,0.0
2026-09-11 02:00:00,Phoenix,106.0,5.0,106.8,2.0,,,106.4,3.5
2026-09-11 02:00:00,Atlanta,93.0,28.0,89.8,6.0,,,91.4,17.0
2026-09-11 02:00:00,Minneapolis,85.0,2.0,80.5,0.0,,,82.8,1.0
2026-09-11 02:00:00,Dallas,99.0,28.0,102.4,37.0,,,100.7,32.5
2026-09-11 02:00:00,San Antonio,100.0,8.0,100.5,2.0,,,100.2,5.0
2026-09-11 02:00:00,Houston,91.0,45.0,88.4,45.0,,,89.7,45.0
2026-09-11 02:00:00,Oklahoma City,93.0,13.0,89.7,51.0,,,91.3,32.0
2026-09-11 02:00:00,Newark,81.0,7.0,88.5,24.0,,,84.8,15.5
2026-09-11 02:00:00,Trenton,83.0,15.0,89.0,35.0,,,86.0,25.0
2026-09-11 03:00:00,New York City,80.0,7.0,88.5,20.0,,,84.2,13.5
2026-09-11 03:00:00,Chicago,75.0,0.0,72.7,0.0,,,73.8,0.0
2026-09-11 03:00:00,Austin,101.0,12.0,101.2,4.0,,,101.1,8.0
2026-09-11 03:00:00,Miami,89.0,65.0,87.8,34.0,,,88.4,49.5
2026-09-11 03:00:00,Denver,92.0,1.0,90.7,0.0,,,91.3,0.5
2026-09-11 03:00:00,Philadelphia,83.0,24.0,88.7,18.0,,,85.8,21.0
2026-09-11 03:00:00,Los Angeles,92.0,1.0,100.4,2.0,,,96.2,1.5
2026-09-11 03:00:00,Las Vegas,106.0,3.0,106.6,3.0,,,106.3,3.0
2026-09-11 03:00:00,New Orleans,89.0,71.0,82.5,69.0,,,85.8,70.0
2026-09-11 03:00:00,San Francisco,71.0,3.0,,,,,71.0,3.0
2026-09-11 03:00:00,Washington DC,82.0,55.0,,,,,82.0,55.0
2026-09-11 03:00:00,Seattle,68.0,4.0,,,,,68.0,4.0
2026-09-11 03:00:00,Boston,78.0,0.0,,,,,78.0,0.0
2026-09-11 03:00:00,Phoenix,106.0,5.0,,,,,106.0,5.0
2026-09-11 03:00:00,Atlanta,93.0,28.0,,,,,93.0,28.0
2026-09-11 03:00:00,Minneapolis,88.0,2.0,80.5,0.0,,,84.2,1.0
2026-09-11 03:00:00,Dallas,99.0,28.0,102.4,37.0,,,100.7,32.5
2026-09-11 03:00:00,San Antonio,100.0,8.0,100.5,2.0,,,100.2,5.0
2026-09-11 03:00:00,Houston,91.0,45.0,88.4,45.0,,,89.7,45.0
2026-09-11 03:00:00,Oklahoma City,93.0,13.0,89.7,51.0,,,91.3,32.0
2026-09-11 03:00:00,Newark,81.0,7.0,88.5,24.0,,,84.8,15.5
2026-09-11 03:00:00,Trenton,83.0,15.0,89.0,35.0,,,86.0,25.0
2026-09-11 04:00:00,New York City,80.0,7.0,83.2,3.0,,,81.6,5.0
2026-09-11 04:00:00,Chicago,75.0,0.0,72.7,0.0,,,73.8,0.0
2026-09-11 04:00:00,Austin,101.0,12.0,101.2,4.0,,,101.1,8.0
2026-09-11 04:00:00,Miami,89.0,65.0,87.6,19.0,,,88.3,42.0
2026-09-11 04:00:00,Denver,92.0,1.0,90.7,0.0,,,91.3,0.5
2026-09-11 04:00:00,Philadelphia,83.0,24.0,84.5,12.0,,,83.8,18.0
2026-09-11 04:00:00,Los Angeles,92.0,1.0,100.4,2.0,,,96.2,1.5
2026-09-11 04:00:00,Las Vegas,106.0,3.0,106.6,2.0,,,106.3,2.5
2026-09-11 04:00:00,New Orleans,89.0,71.0,82.5,69.0,,,85.8,70.0
2026-09-11 04:00:00,San Francisco,71.0,3.0,81.4,1.0,,,76.2,2.0
2026-09-11 04:00:00,Washington DC,82.0,55.0,,,,,82.0,55.0
2026-09-11 04:00:00,Seattle,68.0,4.0,,,,,68.0,4.0
2026-09-11 04:00:00,Boston,78.0,0.0,,,,,78.0,0.0
2026-09-11 04:00:00,Phoenix,106.0,5.0,,,,,106.0,5.0
2026-09-11 04:00:00,Atlanta,93.0,28.0,,,,,93.0,28.0
2026-09-11 04:00:00,Minneapolis,88.0,2.0,,,,,88.0,2.0
2026-09-11 04:00:00,Dallas,99.0,28.0,,,,,99.0,28.0
2026-09-11 04:00:00,San Antonio,100.0,8.0,,,,,100.0,8.0
2026-09-11 04:00:00,Houston,91.0,45.0,,,,,91.0,45.0
2026-09-11 04:00:00,Oklahoma City,93.0,13.0,,,,,93.0,13.0
2026-09-11 04:00:00,Newark,81.0,7.0,82.8,3.0,,,81.9,5.0
2026-09-11 04:00:00,Trenton,83.0,15.0,82.9,9.0,,,83.0,12.0
2026-09-11 05:00:00,New York City,80.0,7.0,83.3,4.0,,,81.7,5.5
2026-09-11 05:00:00,Chicago,75.0,0.0,76.7,0.0,,,75.8,0.0
2026-09-11 05:00:00,Austin,101.0,18.0,99.8,15.0,,,100.4,16.5
2026-09-11 05:00:00,Miami,89.0,65.0,88.1,19.0,,,88.5,42.0
2026-09-11 05:00:00,Denver,92.0,1.0,90.7,0.0,,,91.3,0.5
2026-09-11 05:00:00,Philadelphia,83.0,24.0,85.0,11.0,,,84.0,17.5
2026-09-11 05:00:00,Los Angeles,92.0,1.0,100.4,2.0,,,96.2,1.5
2026-09-11 05:00:00,Las Vegas,106.0,3.0,106.6,2.0,,,106.3,2.5
2026-09-11 05:00:00,New Orleans,89.0,71.0,87.4,19.0,,,88.2,45.0
2026-09-11 05:00:00,San Francisco,71.0,3.0,81.4,1.0,,,76.2,2.0
2026-09-11 05:00:00,Washington DC,82.0,55.0,84.6,35.0,,,83.3,45.0
2026-09-11 05:00:00,Seattle,68.0,4.0,,,,,68.0,4.0
2026-09-11 05:00:00,Boston,78.0,0.0,,,,,78.0,0.0
2026-09-11 05:00:00,Phoenix,106.0,5.0,,,,,106.0,5.0
2026-09-11 05:00:00,Atlanta,93.0,28.0,,,,,93.0,28.0
2026-09-11 05:00:00,Minneapolis,88.0,2.0,,,,,88.0,2.0
2026-09-11 05:00:00,Dallas,99.0,22.0,,,,,99.0,22.0
2026-09-11 05:00:00,San Antonio,100.0,8.0,,,,,100.0,8.0
2026-09-11 05:00:00,Houston,92.0,60.0,,,,,92.0,60.0
2026-09-11 05:00:00,Oklahoma City,93.0,13.0,,,,,93.0,13.0
2026-09-11 05:00:00,Newark,81.0,7.0,,,,,81.0,7.0
2026-09-11 05:00:00,Trenton,83.0,15.0,83.2,14.0,,,83.1,14.5
2026-09-11 06:00:00,New York City,80.0,7.0,83.2,5.0,,,81.6,6.0
2026-09-11 06:00:00,Chicago,75.0,0.0,76.3,0.0,,,75.7,0.0
2026-09-11 06:00:00,Austin,101.0,18.0,99.8,15.0,,,100.4,16.5
2026-09-11 06:00:00,Miami,89.0,65.0,88.6,17.0,,,88.8,41.0
2026-09-11 06:00:00,Denver,92.0,1.0,91.0,5.0,,,91.5,3.0
2026-09-11 06:00:00,Philadelphia,83.0,24.0,83.8,12.0,,,83.4,18.0
2026-09-11 06:00:00,Los Angeles,92.0,1.0,100.4,2.0,,,96.2,1.5
2026-09-11 06:00:00,Las Vegas,106.0,3.0,106.6,2.0,,,106.3,2.5
2026-09-11 06:00:00,New Orleans,89.0,71.0,86.8,19.0,,,87.9,45.0
2026-09-11 06:00:00,San Francisco,71.0,3.0,,,,,71.0,3.0
2026-09-11 06:00:00,Washington DC,82.0,55.0,,,,,82.0,55.0
2026-09-11 06:00:00,Seattle,68.0,4.0,67.2,2.0,,,67.6,3.0
2026-09-11 06:00:00,Boston,78.0,0.0,,,,,78.0,0.0
2026-09-11 06:00:00,Phoenix,106.0,5.0,,,,,106.0,5.0
2026-09-11 06:00:00,Atlanta,93.0,56.0,,,,,93.0,56.0
2026-09-11 06:00:00,Minneapolis,86.0,2.0,84.4,16.0,,,85.2,9.0
2026-09-11 06:00:00,Dallas,99.0,22.0,98.7,9.0,,,98.8,15.5
2026-09-11 06:00:00,San Antonio,100.0,8.0,100.9,8.0,,,100.5,8.0
2026-09-11 06:00:00,Houston,92.0,60.0,91.4,29.0,,,91.7,44.5
2026-09-11 06:00:00,Oklahoma City,93.0,13.0,94.6,2.0,,,93.8,7.5
2026-09-11 06:00:00,Newark,81.0,7.0,82.9,5.0,,,82.0,6.0
2026-09-11 06:00:00,Trenton,83.0,15.0,83.3,14.0,,,83.2,14.5
2026-09-11 07:00:00,New York City,81.0,12.0,83.3,5.0,,,82.2,8.5
2026-09-11 07:00:00,Chicago,76.0,0.0,76.3,0.0,,,76.2,0.0
2026-09-11 07:00:00,Austin,101.0,18.0,99.7,15.0,,,100.3,16.5
2026-09-11 07:00:00,Miami,89.0,56.0,87.6,17.0,,,88.3,36.5
2026-09-11 07:00:00,Denver,92.0,1.0,91.9,5.0,,,92.0,3.0
2026-09-11 07:00:00,Philadelphia,83.0,24.0,84.7,12.0,,,83.8,18.0
2026-09-11 07:00:00,Los Angeles,92.0,1.0,93.0,1.0,,,92.5,1.0
2026-09-11 07:00:00,Las Vegas,106.0,2.0,107.2,3.0,,,106.6,2.5
2026-09-11 07:00:00,New Orleans,89.0,42.0,86.8,19.0,,,87.9,30.5
2026-09-11 07:00:00,San Francisco,70.0,4.0,67.4,2.0,,,68.7,3.0
2026-09-11 07:00:00,Washington DC,82.0,55.0,82.7,36.0,,,82.3,45.5
2026-09-11 07:00:00,Seattle,68.0,2.0,67.0,3.0,,,67.5,2.5
2026-09-11 07:00:00,Boston,78.0,0.0,,,,,78.0,0.0
2026-09-11 07:00:00,Phoenix,105.0,8.0,,,,,105.0,8.0
2026-09-11 07:00:00,Atlanta,91.0,56.0,,,,,91.0,56.0
2026-09-11 07:00:00,Minneapolis,86.0,2.0,,,,,86.0,2.0
2026-09-11 07:00:00,Dallas,99.0,22.0,,,,,99.0,22.0
2026-09-11 07:00:00,San Antonio,100.0,8.0,,,,,100.0,8.0
2026-09-11 07:00:00,Houston,92.0,60.0,,,,,92.0,60.0
2026-09-11 07:00:00,Oklahoma City,93.0,13.0,,,,,93.0,13.0
2026-09-11 07:00:00,Newark,81.0,12.0,,,,,81.0,12.0
2026-09-11 07:00:00,Trenton,83.0,15.0,,,,,83.0,15.0
2026-09-11 08:00:00,New York City,81.0,12.0,83.3,5.0,,,82.2,8.5
2026-09-11 08:00:00,Chicago,76.0,0.0,76.3,0.0,,,76.2,0.0
2026-09-11 08:00:00,Austin,101.0,18.0,100.1,16.0,,,100.5,17.0
2026-09-11 08:00:00,Miami,89.0,56.0,89.5,16.0,,,89.2,36.0
2026-09-11 08:00:00,Denver,92.0,4.0,91.5,4.0,,,91.8,4.0
2026-09-11 08:00:00,Philadelphia,83.0,24.0,84.5,20.0,,,83.8,22.0
2026-09-11 08:00:00,Los Angeles,92.0,1.0,92.5,1.0,,,92.2,1.0
2026-09-11 08:00:00,Las Vegas,106.0,2.0,107.1,4.0,,,106.5,3.0
2026-09-11 08:00:00,New Orleans,89.0,42.0,87.8,18.0,,,88.4,30.0
2026-09-11 08:00:00,San Francisco,70.0,4.0,66.8,2.0,,,68.4,3.0
2026-09-11 08:00:00,Washington DC,82.0,55.0,,,,,82.0,55.0
2026-09-11 08:00:00,Seattle,68.0,2.0,,,,,68.0,2.0
2026-09-11 08:00:00,Boston,78.0,0.0,,,,,78.0,0.0
2026-09-11 08:00:00,Phoenix,105.0,8.0,,,,,105.0,8.0
2026-09-11 08:00:00,Atlanta,91.0,56.0,,,,,91.0,56.0
2026-09-11 08:00:00,Minneapolis,86.0,2.0,,,,,86.0,2.0
2026-09-11 08:00:00,Dallas,99.0,22.0,,,,,99.0,22.0
2026-09-11 08:00:00,San Antonio,100.0,8.0,100.8,9.0,,,100.4,8.5
2026-09-11 08:00:00,Houston,92.0,60.0,88.3,19.0,,,90.2,39.5
2026-09-11 08:00:00,Oklahoma City,92.0,4.0,94.0,2.0,,,93.0,3.0
2026-09-11 08:00:00,Newark,81.0,12.0,83.0,5.0,,,82.0,8.5
2026-09-11 08:00:00,Trenton,83.0,15.0,83.1,15.0,,,83.0,15.0
2026-09-11 09:00:00,New York City,81.0,12.0,83.1,3.0,,,82.0,7.5
2026-09-11 09:00:00,Chicago,76.0,0.0,76.1,0.0,,,76.0,0.0
2026-09-11 09:00:00,Austin,101.0,18.0,98.6,16.0,,,99.8,17.0
2026-09-11 09:00:00,Miami,89.0,56.0,88.8,16.0,,,88.9,36.0
2026-09-11 09:00:00,Denver,92.0,4.0,90.9,4.0,,,91.5,4.0
2026-09-11 09:00:00,Philadelphia,82.0,18.0,83.7,20.0,,,82.8,19.0
2026-09-11 09:00:00,Los Angeles,92.0,1.0,93.1,1.0,,,92.5,1.0
2026-09-11 09:00:00,Las Vegas,106.0,3.0,107.1,3.0,,,106.5,3.0
2026-09-11 09:00:00,New Orleans,89.0,42.0,88.0,19.0,,,88.5,30.5
2026-09-11 09:00:00,San Francisco,70.0,4.0,66.7,2.0,,,68.3,3.0
2026-09-11 09:00:00,Washington DC,82.0,55.0,79.7,40.0,,,80.8,47.5
2026-09-11 09:00:00,Seattle,68.0,2.0,66.7,3.0,,,67.3,2.5
2026-09-11 09:00:00,Boston,78.0,0.0,,,,,78.0,0.0
2026-09-11 09:00:00,Phoenix,105.0,8.0,,,,,105.0,8.0
2026-09-11 09:00:00,Atlanta,91.0,56.0,,,,,91.0,56.0
2026-09-11 09:00:00,Minneapolis,86.0,2.0,,,,,86.0,2.0
2026-09-11 09:00:00,Dallas,99.0,22.0,,,,,99.0,22.0
2026-09-11 09:00:00,San Antonio,100.0,8.0,,,,,100.0,8.0
2026-09-11 09:00:00,Houston,92.0,60.0,,,,,92.0,60.0
2026-09-11 09:00:00,Oklahoma City,92.0,4.0,,,,,92.0,4.0
2026-09-11 09:00:00,Newark,81.0,12.0,,,,,81.0,12.0
2026-09-11 09:00:00,Trenton,82.0,10.0,,,,,82.0,10.0
2026-09-11 10:00:00,New York City,81.0,12.0,83.5,4.0,,,82.2,8.0
2026-09-11 10:00:00,Chicago,76.0,0.0,75.6,0.0,,,75.8,0.0
2026-09-11 10:00:00,Austin,101.0,18.0,98.9,17.0,,,100.0,17.5
2026-09-11 10:00:00,Miami,89.0,56.0,88.9,19.0,,,89.0,37.5
2026-09-11 10:00:00,Denver,92.0,4.0,91.9,3.0,,,92.0,3.5
2026-09-11 10:00:00,Philadelphia,82.0,18.0,85.0,20.0,,,83.5,19.0
2026-09-11 10:00:00,Los Angeles,92.0,1.0,92.8,1.0,,,92.4,1.0
2026-09-11 10:00:00,Las Vegas,106.0,3.0,107.9,3.0,,,107.0,3.0
2026-09-11 10:00:00,New Orleans,89.0,42.0,88.4,26.0,,,88.7,34.0
2026-09-11 10:00:00,San Francisco,70.0,4.0,,,,,70.0,4.0
2026-09-11 10:00:00,Washington DC,82.0,55.0,,,,,82.0,55.0
2026-09-11 10:00:00,Seattle,68.0,2.0,,,,,68.0,2.0
2026-09-11 10:00:00,Boston,78.0,0.0,,,,,78.0,0.0
2026-09-11 10:00:00,Phoenix,105.0,8.0,,,,,105.0,8.0
2026-09-11 10:00:00,Atlanta,91.0,56.0,,,,,91.0,56.0
2026-09-11 10:00:00,Minneapolis,86.0,2.0,84.8,18.0,,,85.4,10.0
2026-09-11 10:00:00,Dallas,99.0,22.0,96.6,5.0,,,97.8,13.5
2026-09-11 10:00:00,San Antonio,100.0,8.0,100.4,9.0,,,100.2,8.5
2026-09-11 10:00:00,Houston,92.0,60.0,83.7,29.0,,,87.8,44.5
2026-09-11 10:00:00,Oklahoma City,92.0,4.0,93.9,0.0,,,93.0,2.0
2026-09-11 10:00:00,Newark,81.0,12.0,83.3,3.0,,,82.2,7.5
2026-09-11 10:00:00,Trenton,82.0,10.0,83.3,15.0,,,82.7,12.5
2026-09-11 11:00:00,New York City,81.0,12.0,83.7,4.0,,,82.3,8.0
2026-09-11 11:00:00,Chicago,76.0,0.0,75.5,0.0,,,75.8,0.0
2026-09-11 11:00:00,Austin,101.0,18.0,99.2,17.0,,,100.1,17.5
2026-09-11 11:00:00,Miami,89.0,56.0,88.4,13.0,,,88.7,34.5
2026-09-11 11:00:00,Denver,92.0,4.0,91.3,5.0,,,91.7,4.5
2026-09-11 11:00:00,Philadelphia,82.0,18.0,85.3,20.0,,,83.7,19.0
2026-09-11 11:00:00,Los Angeles,92.0,1.0,93.1,1.0,,,92.5,1.0
2026-09-11 11:00:00,Las Vegas,106.0,3.0,107.7,3.0,,,106.8,3.0
2026-09-11 11:00:00,New Orleans,89.0,42.0,87.8,25.0,,,88.4,33.5
2026-09-11 11:00:00,San Francisco,70.0,4.0,66.5,2.0,,,68.2,3.0
2026-09-11 11:00:00,Washington DC,82.0,55.0,79.7,55.0,,,80.8,55.0
2026-09-11 11:00:00,Seattle,68.0,2.0,66.7,3.0,,,67.3,2.5
2026-09-11 11:00:00,Boston,78.0,0.0,79.2,0.0,,,78.6,0.0
2026-09-11 11:00:00,Phoenix,105.0,8.0,,,,,105.0,8.0
2026-09-11 11:00:00,Atlanta,91.0,48.0,,,,,91.0,48.0
2026-09-11 11:00:00,Minneapolis,86.0,2.0,,,,,86.0,2.0
2026-09-11 11:00:00,Dallas,99.0,22.0,,,,,99.0,22.0
2026-09-11 11:00:00,San Antonio,100.0,8.0,,,,,100.0,8.0
2026-09-11 11:00:00,Houston,92.0,60.0,,,,,92.0,60.0
2026-09-11 11:00:00,Oklahoma City,92.0,4.0,,,,,92.0,4.0
2026-09-11 11:00:00,Newark,81.0,12.0,,,,,81.0,12.0
2026-09-11 11:00:00,Trenton,82.0,10.0,,,,,82.0,10.0
2026-09-11 12:00:00,New York City,81.0,12.0,83.4,2.0,,,82.2,7.0
2026-09-11 12:00:00,Chicago,76.0,0.0,75.8,0.0,,,75.9,0.0
2026-09-11 12:00:00,Austin,101.0,18.0,100.6,15.0,,,100.8,16.5
2026-09-11 12:00:00,Miami,89.0,56.0,88.5,34.0,,,88.8,45.0
2026-09-11 12:00:00,Denver,92.0,4.0,91.4,7.0,,,91.7,5.5
2026-09-11 12:00:00,Philadelphia,82.0,18.0,85.0,20.0,,,83.5,19.0
2026-09-11 12:00:00,Los Angeles,92.0,1.0,92.9,1.0,,,92.5,1.0
2026-09-11 12:00:00,Las Vegas,106.0,3.0,107.2,4.0,,,106.6,3.5
2026-09-11 12:00:00,New Orleans,89.0,42.0,88.3,24.0,,,88.7,33.0
2026-09-11 12:00:00,San Francisco,70.0,4.0,66.8,2.0,,,68.4,3.0
2026-09-11 12:00:00,Washington DC,82.0,55.0,79.7,55.0,,,80.8,55.0
2026-09-11 12:00:00,Seattle,68.0,2.0,,,,,68.0,2.0
2026-09-11 12:00:00,Boston,78.0,0.0,,,,,78.0,0.0
2026-09-11 12:00:00,Phoenix,105.0,8.0,,,,,105.0,8.0
2026-09-11 12:00:00,Atlanta,91.0,48.0,,,,,91.0,48.0
2026-09-11 12:00:00,Minneapolis,86.0,2.0,,,,,86.0,2.0
2026-09-11 12:00:00,Dallas,99.0,22.0,,,,,99.0,22.0
2026-09-11 12:00:00,San Antonio,100.0,8.0,,,,,100.0,8.0
2026-09-11 12:00:00,Houston,92.0,60.0,,,,,92.0,60.0
2026-09-11 12:00:00,Oklahoma City,92.0,4.0,,,,,92.0,4.0
2026-09-11 12:00:00,Newark,81.0,12.0,,,,,81.0,12.0
2026-09-11 12:00:00,Trenton,82.0,10.0,,,,,82.0,10.0
2026-09-11 13:00:00,New York City,81.0,12.0,82.6,2.0,,,81.8,7.0
2026-09-11 13:00:00,Chicago,76.0,0.0,76.0,0.0,,,76.0,0.0
2026-09-11 13:00:00,Austin,101.0,18.0,100.7,15.0,,,100.8,16.5
2026-09-11 13:00:00,Miami,89.0,56.0,86.9,34.0,,,88.0,45.0
2026-09-11 13:00:00,Denver,92.0,4.0,91.3,7.0,,,91.7,5.5
2026-09-11 13:00:00,Philadelphia,82.0,6.0,84.2,20.0,,,83.1,13.0
2026-09-11 13:00:00,Los Angeles,92.0,1.0,92.7,1.0,,,92.3,1.0
2026-09-11 13:00:00,Las Vegas,106.0,3.0,107.6,4.0,,,106.8,3.5
2026-09-11 13:00:00,New Orleans,89.0,42.0,89.1,24.0,,,89.0,33.0
2026-09-11 13:00:00,San Francisco,70.0,4.0,67.2,2.0,,,68.6,3.0
2026-09-11 13:00:00,Washington DC,82.0,29.0,80.6,55.0,,,81.3,42.0
2026-09-11 13:00:00,Seattle,68.0,2.0,65.8,3.0,,,66.9,2.5
2026-09-11 13:00:00,Boston,78.0,0.0,,,,,78.0,0.0
2026-09-11 13:00:00,Phoenix,105.0,8.0,,,,,105.0,8.0
2026-09-11 13:00:00,Atlanta,91.0,48.0,,,,,91.0,48.0
2026-09-11 13:00:00,Minneapolis,86.0,2.0,,,,,86.0,2.0
2026-09-11 13:00:00,Dallas,99.0,22.0,,,,,99.0,22.0
2026-09-11 13:00:00,San Antonio,100.0,8.0,,,,,100.0,8.0
2026-09-11 13:00:00,Houston,92.0,60.0,,,,,92.0,60.0
2026-09-11 13:00:00,Oklahoma City,92.0,4.0,,,,,92.0,4.0
2026-09-11 13:00:00,Newark,81.0,12.0,,,,,81.0,12.0
2026-09-11 13:00:00,Trenton,82.0,6.0,,,,,82.0,6.0
2026-09-11 14:00:00,New York City,81.0,12.0,82.5,2.0,,,81.8,7.0
2026-09-11 14:00:00,Chicago,76.0,0.0,75.8,0.0,,,75.9,0.0
2026-09-11 14:00:00,Austin,101.0,18.0,100.0,12.0,,,100.5,15.0
2026-09-11 14:00:00,Miami,89.0,56.0,85.5,34.0,,,87.2,45.0
2026-09-11 14:00:00,Denver,92.0,4.0,90.7,8.0,,,91.3,6.0
2026-09-11 14:00:00,Philadelphia,82.0,4.0,84.1,20.0,,,83.0,12.0
2026-09-11 14:00:00,Los Angeles,92.0,1.0,92.9,1.0,,,92.5,1.0
2026-09-11 14:00:00,Las Vegas,106.0,3.0,107.8,4.0,,,106.9,3.5
2026-09-11 14:00:00,New Orleans,89.0,42.0,87.7,21.0,,,88.3,31.5
2026-09-11 14:00:00,San Francisco,70.0,4.0,,,,,70.0,4.0
2026-09-11 14:00:00,Washington DC,82.0,28.0,,,,,82.0,28.0
2026-09-11 14:00:00,Seattle,68.0,2.0,,,,,68.0,2.0
2026-09-11 14:00:00,Boston,78.0,0.0,,,,,78.0,0.0
2026-09-11 14:00:00,Phoenix,105.0,8.0,,,,,105.0,8.0
2026-09-11 14:00:00,Atlanta,91.0,48.0,,,,,91.0,48.0
2026-09-11 14:00:00,Minneapolis,86.0,1.0,,,,,86.0,1.0
2026-09-11 14:00:00,Dallas,97.0,14.0,,,,,97.0,14.0
2026-09-11 14:00:00,San Antonio,100.0,8.0,,,,,100.0,8.0
2026-09-11 14:00:00,Houston,92.0,60.0,87.4,24.0,,,89.7,42.0
2026-09-11 14:00:00,Oklahoma City,92.0,4.0,95.7,0.0,,,93.8,2.0
2026-09-11 14:00:00,Newark,81.0,12.0,82.0,2.0,,,81.5,7.0
2026-09-11 14:00:00,Trenton,82.0,2.0,82.5,15.0,,,82.2,8.5
2026-09-11 15:00:00,New York City,81.0,0.0,82.8,2.0,,,81.9,1.0
2026-09-11 15:00:00,Chicago,76.0,0.0,75.8,0.0,,,75.9,0.0
2026-09-11 15:00:00,Austin,101.0,18.0,99.8,11.0,,,100.4,14.5
2026-09-11 15:00:00,Miami,89.0,56.0,86.5,34.0,,,87.8,45.0
2026-09-11 15:00:00,Denver,92.0,4.0,90.6,8.0,,,91.3,6.0
2026-09-11 15:00:00,Philadelphia,82.0,3.0,84.2,20.0,,,83.1,11.5
2026-09-11 15:00:00,Los Angeles,92.0,1.0,93.1,1.0,,,92.5,1.0
2026-09-11 15:00:00,Las Vegas,106.0,3.0,107.7,4.0,,,106.8,3.5
2026-09-11 15:00:00,New Orleans,89.0,42.0,88.7,21.0,,,88.8,31.5
2026-09-11 15:00:00,San Francisco,70.0,3.0,,,,,70.0,3.0
2026-09-11 15:00:00,Washington DC,82.0,17.0,,,,,82.0,17.0
2026-09-11 15:00:00,Seattle,68.0,2.0,,,,,68.0,2.0
2026-09-11 15:00:00,Boston,78.0,0.0,,,,,78.0,0.0
2026-09-11 15:00:00,Phoenix,105.0,8.0,,,,,105.0,8.0
2026-09-11 15:00:00,Atlanta,91.0,48.0,,,,,91.0,48.0
2026-09-11 15:00:00,Minneapolis,86.0,0.0,,,,,86.0,0.0
2026-09-11 15:00:00,Dallas,97.0,14.0,,,,,97.0,14.0
2026-09-11 15:00:00,San Antonio,100.0,8.0,100.7,7.0,,,100.3,7.5
2026-09-11 15:00:00,Houston,92.0,60.0,87.9,24.0,,,90.0,42.0
2026-09-11 15:00:00,Oklahoma City,92.0,4.0,95.5,0.0,,,93.8,2.0
2026-09-11 15:00:00,Newark,81.0,12.0,82.3,2.0,,,81.7,7.0
2026-09-11 15:00:00,Trenton,82.0,2.0,82.5,15.0,,,82.2,8.5
2026-09-11 16:00:00,New York City,81.0,12.0,83.0,2.0,,,82.0,7.0
2026-09-11 16:00:00,Chicago,76.0,0.0,76.4,0.0,,,76.2,0.0
2026-09-11 16:00:00,Austin,101.0,18.0,100.3,11.0,,,100.7,14.5
2026-09-11 16:00:00,Miami,89.0,56.0,88.0,39.0,,,88.5,47.5
2026-09-11 16:00:00,Denver,92.0,4.0,91.0,8.0,,,91.5,6.0
2026-09-11 16:00:00,Philadelphia,82.0,4.0,84.5,20.0,,,83.2,12.0
2026-09-11 16:00:00,Los Angeles,92.0,1.0,93.3,1.0,,,92.7,1.0
2026-09-11 16:00:00,Las Vegas,106.0,3.0,107.6,4.0,,,106.8,3.5
2026-09-11 16:00:00,New Orleans,89.0,42.0,88.8,20.0,,,88.9,31.0
2026-09-11 16:00:00,San Francisco,70.0,2.0,67.9,2.0,,,69.0,2.0
2026-09-11 16:00:00,Washington DC,82.0,17.0,,,,,82.0,17.0
2026-09-11 16:00:00,Seattle,68.0,2.0,,,,,68.0,2.0
2026-09-11 16:00:00,Boston,78.0,0.0,,,,,78.0,0.0
2026-09-11 16:00:00,Phoenix,105.0,8.0,,,,,105.0,8.0
2026-09-11 16:00:00,Atlanta,91.0,48.0,,,,,91.0,48.0
2026-09-11 16:00:00,Minneapolis,86.0,1.0,,,,,86.0,1.0
2026-09-11 16:00:00,Dallas,97.0,14.0,,,,,97.0,14.0
2026-09-11 16:00:00,San Antonio,100.0,8.0,,,,,100.0,8.0
2026-09-11 16:00:00,Houston,92.0,60.0,,,,,92.0,60.0
2026-09-11 16:00:00,Oklahoma City,92.0,3.0,95.1,0.0,,,93.5,1.5
2026-09-11 16:00:00,Newark,81.0,12.0,82.4,2.0,,,81.7,7.0
2026-09-11 16:00:00,Trenton,82.0,3.0,82.9,15.0,,,82.5,9.0
2026-09-11 17:00:00,New York City,81.0,12.0,82.2,2.0,,,81.6,7.0
2026-09-11 17:00:00,Chicago,76.0,0.0,76.6,0.0,,,76.3,0.0
2026-09-11 17:00:00,Austin,101.0,18.0,100.7,11.0,,,100.8,14.5
2026-09-11 17:00:00,Miami,89.0,56.0,88.3,39.0,,,88.7,47.5
2026-09-11 17:00:00,Denver,92.0,4.0,92.5,8.0,,,92.2,6.0
2026-09-11 17:00:00,Philadelphia,82.0,1.0,82.8,20.0,,,82.4,10.5
2026-09-11 17:00:00,Los Angeles,92.0,1.0,92.3,1.0,,,92.2,1.0
2026-09-11 17:00:00,Las Vegas,106.0,3.0,107.4,4.0,,,106.7,3.5
2026-09-11 17:00:00,New Orleans,89.0,42.0,88.1,20.0,,,88.5,31.0
2026-09-11 17:00:00,San Francisco,70.0,2.0,67.1,2.0,,,68.5,2.0
2026-09-11 17:00:00,Washington DC,82.0,17.0,,,,,82.0,17.0
2026-09-11 17:00:00,Seattle,68.0,2.0,,,,,68.0,2.0
2026-09-11 17:00:00,Boston,78.0,0.0,,,,,78.0,0.0
2026-09-11 17:00:00,Phoenix,105.0,8.0,,,,,105.0,8.0
2026-09-11 17:00:00,Atlanta,91.0,48.0,,,,,91.0,48.0
2026-09-11 17:00:00,Minneapolis,85.0,2.0,,,,,85.0,2.0
2026-09-11 17:00:00,Dallas,97.0,14.0,,,,,97.0,14.0
2026-09-11 17:00:00,San Antonio,100.0,8.0,100.8,7.0,,,100.4,7.5
2026-09-11 17:00:00,Houston,92.0,43.0,89.0,26.0,,,90.5,34.5
2026-09-11 17:00:00,Oklahoma City,92.0,1.0,95.6,0.0,,,93.8,0.5
2026-09-11 17:00:00,Newark,81.0,0.0,82.0,2.0,,,81.5,1.0
2026-09-11 17:00:00,Trenton,82.0,3.0,81.8,15.0,,,81.9,9.0
2026-09-11 18:00:00,New York City,81.0,12.0,82.1,2.0,,,81.5,7.0
2026-09-11 18:00:00,Chicago,76.0,0.0,76.9,0.0,,,76.5,0.0
2026-09-11 18:00:00,Austin,101.0,18.0,100.9,7.0,,,101.0,12.5
2026-09-11 18:00:00,Miami,89.0,56.0,86.7,35.0,,,87.8,45.5
2026-09-11 18:00:00,Denver,92.0,4.0,92.2,8.0,,,92.1,6.0
2026-09-11 18:00:00,Philadelphia,82.0,0.0,82.6,20.0,,,82.3,10.0
2026-09-11 18:00:00,Los Angeles,92.0,1.0,93.3,1.0,,,92.7,1.0
2026-09-11 18:00:00,Las Vegas,106.0,3.0,107.6,4.0,,,106.8,3.5
2026-09-11 18:00:00,New Orleans,89.0,42.0,,,,,89.0,42.0
2026-09-11 18:00:00,San Francisco,70.0,1.0,,,,,70.0,1.0
2026-09-11 18:00:00,Washington DC,82.0,6.0,,,,,82.0,6.0
2026-09-11 18:00:00,Seattle,68.0,2.0,,,,,68.0,2.0
2026-09-11 18:00:00,Boston,77.0,0.0,,,,,77.0,0.0
2026-09-11 18:00:00,Phoenix,105.0,8.0,,,,,105.0,8.0
2026-09-11 18:00:00,Atlanta,91.0,48.0,88.7,39.0,,,89.8,43.5
2026-09-11 18:00:00,Minneapolis,85.0,2.0,85.3,21.0,,,85.2,11.5
2026-09-11 18:00:00,Dallas,97.0,14.0,99.5,5.0,,,98.2,9.5
2026-09-11 18:00:00,San Antonio,100.0,7.0,101.1,6.0,,,100.5,6.5
2026-09-11 18:00:00,Houston,92.0,43.0,89.0,32.0,,,90.5,37.5
2026-09-11 18:00:00,Oklahoma City,92.0,4.0,95.8,0.0,,,93.9,2.0
2026-09-11 18:00:00,Newark,81.0,12.0,81.7,2.0,,,81.3,7.0
2026-09-11 18:00:00,Trenton,82.0,0.0,82.2,15.0,,,82.1,7.5
2026-09-11 19:00:00,New York City,81.0,0.0,82.1,2.0,,,81.5,1.0
2026-09-11 19:00:00,Chicago,77.0,0.0,76.9,0.0,,,77.0,0.0
2026-09-11 19:00:00,Austin,101.0,18.0,100.9,6.0,,,101.0,12.0
2026-09-11 19:00:00,Miami,89.0,32.0,86.7,35.0,,,87.8,33.5
2026-09-11 19:00:00,Denver,92.0,4.0,92.2,4.0,,,92.1,4.0
2026-09-11 19:00:00,Philadelphia,82.0,0.0,82.6,20.0,,,82.3,10.0
2026-09-11 19:00:00,Los Angeles,92.0,1.0,93.3,1.0,,,92.7,1.0
2026-09-11 19:00:00,Las Vegas,106.0,1.0,107.6,4.0,,,106.8,2.5
2026-09-11 19:00:00,New Orleans,89.0,42.0,86.0,14.0,,,87.5,28.0
2026-09-11 19:00:00,San Francisco,70.0,1.0,67.5,2.0,,,68.8,1.5
2026-09-11 19:00:00,Washington DC,82.0,17.0,79.7,55.0,,,80.8,36.0
2026-09-11 19:00:00,Seattle,68.0,1.0,,,,,68.0,1.0
2026-09-11 19:00:00,Boston,77.0,0.0,,,,,77.0,0.0
2026-09-11 19:00:00,Phoenix,105.0,8.0,,,,,105.0,8.0
2026-09-11 19:00:00,Atlanta,91.0,48.0,,,,,91.0,48.0
2026-09-11 19:00:00,Minneapolis,85.0,2.0,,,,,85.0,2.0
2026-09-11 19:00:00,Dallas,97.0,14.0,,,,,97.0,14.0
2026-09-11 19:00:00,San Antonio,100.0,7.0,,,,,100.0,7.0
2026-09-11 19:00:00,Houston,92.0,43.0,,,,,92.0,43.0
2026-09-11 19:00:00,Oklahoma City,92.0,4.0,,,,,92.0,4.0
2026-09-11 19:00:00,Newark,81.0,0.0,,,,,81.0,0.0
2026-09-11 19:00:00,Trenton,82.0,0.0,,,,,82.0,0.0
2026-09-11 20:00:00,New York City,81.0,0.0,81.9,2.0,,,81.5,1.0
2026-09-11 20:00:00,Chicago,77.0,0.0,76.7,0.0,,,76.8,0.0
2026-09-11 20:00:00,Austin,101.0,18.0,101.1,8.0,,,101.0,13.0
2026-09-11 20:00:00,Miami,89.0,32.0,86.9,37.0,,,88.0,34.5
2026-09-11 20:00:00,Denver,92.0,4.0,92.0,4.0,,,92.0,4.0
2026-09-11 20:00:00,Philadelphia,82.0,0.0,82.3,20.0,,,82.2,10.0
2026-09-11 20:00:00,Los Angeles,94.0,0.0,92.7,1.0,,,93.3,0.5
2026-09-11 20:00:00,Las Vegas,106.0,1.0,107.7,4.0,,,106.8,2.5
2026-09-11 20:00:00,New Orleans,89.0,45.0,,,,,89.0,45.0
2026-09-11 20:00:00,San Francisco,70.0,1.0,,,,,70.0,1.0
2026-09-11 20:00:00,Washington DC,82.0,6.0,,,,,82.0,6.0
2026-09-11 20:00:00,Seattle,68.0,1.0,,,,,68.0,1.0
2026-09-11 20:00:00,Boston,77.0,0.0,,,,,77.0,0.0
2026-09-11 20:00:00,Phoenix,105.0,4.0,,,,,105.0,4.0
2026-09-11 20:00:00,Atlanta,91.0,48.0,,,,,91.0,48.0
2026-09-11 20:00:00,Minneapolis,85.0,2.0,85.3,21.0,,,85.2,11.5
2026-09-11 20:00:00,Dallas,97.0,20.0,99.1,6.0,,,98.0,13.0
2026-09-11 20:00:00,San Antonio,100.0,7.0,99.9,7.0,,,100.0,7.0
2026-09-11 20:00:00,Houston,92.0,43.0,90.1,31.0,,,91.0,37.0
2026-09-11 20:00:00,Oklahoma City,92.0,0.0,95.9,0.0,,,94.0,0.0
2026-09-11 20:00:00,Newark,81.0,0.0,82.1,2.0,,,81.5,1.0
2026-09-11 20:00:00,Trenton,82.0,0.0,81.8,15.0,,,81.9,7.5
2026-09-11 21:00:00,New York City,81.0,0.0,81.9,2.0,,,81.5,1.0
2026-09-11 21:00:00,Chicago,77.0,0.0,76.7,0.0,,,76.8,0.0
2026-09-11 21:00:00,Austin,101.0,18.0,100.7,8.0,,,100.8,13.0
2026-09-11 21:00:00,Miami,89.0,32.0,87.2,35.0,,,88.1,33.5
2026-09-11 21:00:00,Denver,92.0,4.0,91.4,2.0,,,91.7,3.0
2026-09-11 21:00:00,Philadelphia,82.0,0.0,80.5,20.0,,,81.2,10.0
2026-09-11 21:00:00,Los Angeles,94.0,0.0,92.0,1.0,,,93.0,0.5
2026-09-11 21:00:00,Las Vegas,106.0,1.0,106.8,4.0,,,106.4,2.5
2026-09-11 21:00:00,New Orleans,89.0,45.0,87.9,30.0,,,88.5,37.5
2026-09-11 21:00:00,San Francisco,70.0,1.0,66.8,2.0,,,68.4,1.5
2026-09-11 21:00:00,Washington DC,82.0,6.0,80.0,55.0,,,81.0,30.5
2026-09-11 21:00:00,Seattle,68.0,1.0,64.5,2.0,,,66.2,1.5
2026-09-11 21:00:00,Boston,77.0,0.0,78.9,0.0,,,78.0,0.0
2026-09-11 21:00:00,Phoenix,105.0,4.0,,,,,105.0,4.0
2026-09-11 21:00:00,Atlanta,91.0,48.0,,,,,91.0,48.0
2026-09-11 21:00:00,Minneapolis,85.0,2.0,,,,,85.0,2.0
2026-09-11 21:00:00,Dallas,97.0,20.0,,,,,97.0,20.0
2026-09-11 21:00:00,San Antonio,100.0,7.0,,,,,100.0,7.0
2026-09-11 21:00:00,Houston,92.0,43.0,,,,,92.0,43.0
2026-09-11 21:00:00,Oklahoma City,92.0,0.0,,,,,92.0,0.0
2026-09-11 21:00:00,Newark,81.0,0.0,,,,,81.0,0.0
2026-09-11 21:00:00,Trenton,82.0,0.0,,,,,82.0,0.0
2026-09-11 22:00:00,New York City,81.0,0.0,82.1,2.0,,,81.5,1.0
2026-09-11 22:00:00,Chicago,77.0,0.0,76.7,1.0,,,76.8,0.5
2026-09-11 22:00:00,Austin,104.0,20.0,101.1,13.0,,,102.5,16.5
2026-09-11 22:00:00,Miami,89.0,32.0,87.1,35.0,,,88.0,33.5
2026-09-11 22:00:00,Denver,92.0,4.0,91.3,1.0,,,91.7,2.5
2026-09-11 22:00:00,Philadelphia,82.0,0.0,81.1,20.0,,,81.5,10.0
2026-09-11 22:00:00,Los Angeles,94.0,0.0,91.8,1.0,,,92.9,0.5
2026-09-11 22:00:00,Las Vegas,106.0,1.0,106.8,4.0,,,106.4,2.5
2026-09-11 22:00:00,New Orleans,89.0,45.0,87.9,30.0,,,88.5,37.5
2026-09-11 22:00:00,San Francisco,70.0,1.0,,,,,70.0,1.0
2026-09-11 22:00:00,Washington DC,81.0,2.0,,,,,81.0,2.0
2026-09-11 22:00:00,Seattle,68.0,1.0,,,,,68.0,1.0
2026-09-11 22:00:00,Boston,77.0,0.0,,,,,77.0,0.0
2026-09-11 22:00:00,Phoenix,105.0,4.0,,,,,105.0,4.0
2026-09-11 22:00:00,Atlanta,91.0,48.0,,,,,91.0,48.0
2026-09-11 22:00:00,Minneapolis,85.0,2.0,,,,,85.0,2.0
2026-09-11 22:00:00,Dallas,97.0,11.0,,,,,97.0,11.0
2026-09-11 22:00:00,San Antonio,100.0,6.0,,,,,100.0,6.0
2026-09-11 22:00:00,Houston,92.0,43.0,90.4,31.0,,,91.2,37.0
2026-09-11 22:00:00,Oklahoma City,92.0,0.0,96.5,0.0,,,94.2,0.0
2026-09-11 22:00:00,Newark,81.0,0.0,82.5,2.0,,,81.8,1.0
2026-09-11 22:00:00,Trenton,82.0,2.0,80.4,15.0,,,81.2,8.5
2026-09-11 23:00:00,New York City,78.0,1.0,82.1,2.0,,,80.0,1.5
2026-09-11 23:00:00,Chicago,85.0,9.0,76.7,1.0,,,80.8,5.0
2026-09-11 23:00:00,Austin,104.0,10.0,101.2,21.0,,,102.6,15.5
2026-09-11 23:00:00,Miami,89.0,62.0,87.1,35.0,,,88.0,48.5
2026-09-11 23:00:00,Denver,92.0,4.0,91.0,3.0,,,91.5,3.5
2026-09-11 23:00:00,Philadelphia,82.0,6.0,81.7,20.0,,,81.8,13.0
2026-09-11 23:00:00,Los Angeles,94.0,0.0,91.7,1.0,,,92.8,0.5
2026-09-11 23:00:00,Las Vegas,106.0,1.0,107.3,4.0,,,106.7,2.5
2026-09-11 23:00:00,New Orleans,90.0,67.0,,,,,90.0,67.0
2026-09-11 23:00:00,San Francisco,70.0,1.0,,,,,70.0,1.0
2026-09-11 23:00:00,Washington DC,84.0,42.0,,,,,84.0,42.0
2026-09-11 23:00:00,Seattle,68.0,1.0,,,,,68.0,1.0
2026-09-11 23:00:00,Boston,75.0,0.0,,,,,75.0,0.0
2026-09-11 23:00:00,Phoenix,105.0,4.0,,,,,105.0,4.0
2026-09-11 23:00:00,Atlanta,87.0,69.0,87.7,58.0,,,87.3,63.5
2026-09-11 23:00:00,Minneapolis,85.0,2.0,85.6,19.0,,,85.3,10.5
2026-09-11 23:00:00,Dallas,97.0,11.0,100.6,12.0,,,98.8,11.5
2026-09-11 23:00:00,San Antonio,101.0,10.0,101.3,14.0,,,101.2,12.0
2026-09-11 23:00:00,Houston,92.0,43.0,90.4,31.0,,,91.2,37.0
2026-09-11 23:00:00,Oklahoma City,92.0,0.0,96.8,0.0,,,94.4,0.0
2026-09-11 23:00:00,Newark,80.0,1.0,82.5,2.0,,,81.2,1.5
2026-09-11 23:00:00,Trenton,82.0,2.0,80.4,15.0,,,81.2,8.5
2026-09-12 00:00:00,New York City,78.0,1.0,82.1,2.0,,,80.0,1.5
2026-09-12 00:00:00,Chicago,85.0,9.0,76.7,1.0,,,80.8,5.0
2026-09-12 00:00:00,Austin,104.0,10.0,101.2,21.0,,,102.6,15.5
2026-09-12 00:00:00,Miami,89.0,62.0,87.1,35.0,,,88.0,48.5
2026-09-12 00:00:00,Denver,92.0,4.0,90.4,3.0,,,91.2,3.5
2026-09-12 00:00:00,Philadelphia,82.0,6.0,81.7,20.0,,,81.8,13.0
2026-09-12 00:00:00,Los Angeles,94.0,0.0,92.7,1.0,,,93.3,0.5
2026-09-12 00:00:00,Las Vegas,106.0,1.0,107.3,4.0,,,106.7,2.5
2026-09-12 00:00:00,New Orleans,90.0,67.0,87.9,30.0,,,89.0,48.5
2026-09-12 00:00:00,San Francisco,70.0,1.0,69.2,2.0,,,69.6,1.5
2026-09-12 00:00:00,Washington DC,84.0,42.0,79.9,55.0,,,82.0,48.5
2026-09-12 00:00:00,Seattle,68.0,1.0,,,,,68.0,1.0
2026-09-12 00:00:00,Boston,75.0,0.0,,,,,75.0,0.0
2026-09-12 00:00:00,Phoenix,105.0,4.0,,,,,105.0,4.0
2026-09-12 00:00:00,Atlanta,87.0,69.0,,,,,87.0,69.0
2026-09-12 00:00:00,Minneapolis,75.0,1.0,,,,,75.0,1.0
2026-09-12 00:00:00,Dallas,102.0,1.0,,,,,102.0,1.0
2026-09-12 00:00:00,San Antonio,101.0,10.0,,,,,101.0,10.0
2026-09-12 00:00:00,Houston,94.0,21.0,,,,,94.0,21.0
2026-09-12 00:00:00,Oklahoma City,98.0,21.0,,,,,98.0,21.0
2026-09-12 00:00:00,Newark,80.0,1.0,,,,,80.0,1.0
2026-09-12 00:00:00,Trenton,82.0,2.0,80.4,15.0,,,81.2,8.5
2026-09-12 01:00:00,New York City,78.0,1.0,82.1,2.0,,,80.0,1.5
2026-09-12 01:00:00,Chicago,85.0,9.0,76.7,1.0,,,80.8,5.0
2026-09-12 01:00:00,Austin,104.0,10.0,101.2,25.0,,,102.6,17.5
2026-09-12 01:00:00,Miami,89.0,62.0,87.1,35.0,,,88.0,48.5
2026-09-12 01:00:00,Denver,85.0,20.0,90.4,4.0,,,87.7,12.0
2026-09-12 01:00:00,Philadelphia,82.0,6.0,81.7,20.0,,,81.8,13.0
2026-09-12 01:00:00,Los Angeles,89.0,0.0,92.7,1.0,,,90.8,0.5
2026-09-12 01:00:00,Las Vegas,106.0,1.0,107.3,4.0,,,106.7,2.5
2026-09-12 01:00:00,New Orleans,90.0,67.0,87.9,30.0,,,89.0,48.5
2026-09-12 01:00:00,San Francisco,70.0,1.0,69.2,2.0,,,69.6,1.5
2026-09-12 01:00:00,Washington DC,84.0,42.0,79.9,55.0,,,82.0,48.5
2026-09-12 01:00:00,Seattle,68.0,1.0,65.2,2.0,,,66.6,1.5
2026-09-12 01:00:00,Boston,75.0,0.0,,,,,75.0,0.0
2026-09-12 01:00:00,Phoenix,105.0,4.0,,,,,105.0,4.0
2026-09-12 01:00:00,Atlanta,87.0,69.0,,,,,87.0,69.0
2026-09-12 01:00:00,Minneapolis,75.0,1.0,,,,,75.0,1.0
2026-09-12 01:00:00,Dallas,102.0,1.0,,,,,102.0,1.0
2026-09-12 01:00:00,San Antonio,101.0,10.0,,,,,101.0,10.0
2026-09-12 01:00:00,Houston,94.0,21.0,,,,,94.0,21.0
2026-09-12 01:00:00,Oklahoma City,98.0,21.0,97.4,0.0,,,97.7,10.5
2026-09-12 01:00:00,Newark,80.0,1.0,,,,,80.0,1.0
2026-09-12 01:00:00,Trenton,82.0,2.0,,,,,82.0,2.0
2026-09-12 02:00:00,New York City,78.0,1.0,82.1,2.0,,,80.0,1.5
2026-09-12 02:00:00,Chicago,85.0,9.0,76.7,1.0,,,80.8,5.0
2026-09-12 02:00:00,Austin,104.0,10.0,101.2,25.0,,,102.6,17.5
2026-09-12 02:00:00,Miami,89.0,62.0,87.1,35.0,,,88.0,48.5
2026-09-12 02:00:00,Denver,85.0,20.0,90.4,1.0,,,87.7,10.5
2026-09-12 02:00:00,Philadelphia,82.0,6.0,81.7,20.0,,,81.8,13.0
2026-09-12 02:00:00,Los Angeles,89.0,0.0,92.7,1.0,,,90.8,0.5
2026-09-12 02:00:00,Las Vegas,103.0,1.0,107.3,4.0,,,105.2,2.5
2026-09-12 02:00:00,New Orleans,90.0,67.0,87.9,30.0,,,89.0,48.5
2026-09-12 02:00:00,San Francisco,69.0,3.0,,,,,69.0,3.0
2026-09-12 02:00:00,Washington DC,84.0,42.0,,,,,84.0,42.0
2026-09-12 02:00:00,Seattle,70.0,43.0,,,,,70.0,43.0
2026-09-12 02:00:00,Boston,74.0,0.0,,,,,74.0,0.0
2026-09-12 02:00:00,Phoenix,103.0,4.0,,,,,103.0,4.0
2026-09-12 02:00:00,Atlanta,87.0,69.0,,,,,87.0,69.0
2026-09-12 02:00:00,Minneapolis,75.0,1.0,,,,,75.0,1.0
2026-09-12 02:00:00,Dallas,102.0,1.0,,,,,102.0,1.0
2026-09-12 02:00:00,San Antonio,101.0,10.0,101.3,7.0,,,101.2,8.5
2026-09-12 02:00:00,Houston,94.0,21.0,90.4,31.0,,,92.2,26.0
2026-09-12 02:00:00,Oklahoma City,98.0,21.0,97.4,0.0,,,97.7,10.5
2026-09-12 02:00:00,Newark,80.0,1.0,82.5,2.0,,,81.2,1.5
2026-09-12 02:00:00,Trenton,82.0,2.0,80.4,15.0,,,81.2,8.5
2026-09-12 03:00:00,New York City,78.0,1.0,82.1,2.0,,,80.0,1.5
2026-09-12 03:00:00,Chicago,85.0,9.0,76.7,1.0,,,80.8,5.0
2026-09-12 03:00:00,Austin,104.0,10.0,101.2,25.0,,,102.6,17.5
2026-09-12 03:00:00,Miami,89.0,62.0,87.1,35.0,,,88.0,48.5
2026-09-12 03:00:00,Denver,85.0,20.0,90.4,1.0,,,87.7,10.5
2026-09-12 03:00:00,Philadelphia,82.0,6.0,81.7,20.0,,,81.8,13.0
2026-09-12 03:00:00,Los Angeles,89.0,0.0,92.7,1.0,,,90.8,0.5
2026-09-12 03:00:00,Las Vegas,103.0,1.0,107.3,4.0,,,105.2,2.5
2026-09-12 03:00:00,New Orleans,90.0,67.0,87.9,30.0,,,89.0,48.5
2026-09-12 03:00:00,San Francisco,69.0,3.0,,,,,69.0,3.0
2026-09-12 03:00:00,Washington DC,84.0,42.0,,,,,84.0,42.0
2026-09-12 03:00:00,Seattle,70.0,43.0,,,,,70.0,43.0
2026-09-12 03:00:00,Boston,74.0,0.0,,,,,74.0,0.0
2026-09-12 03:00:00,Phoenix,103.0,4.0,,,,,103.0,4.0
2026-09-12 03:00:00,Atlanta,87.0,69.0,,,,,87.0,69.0
2026-09-12 03:00:00,Minneapolis,75.0,1.0,,,,,75.0,1.0
2026-09-12 03:00:00,Dallas,102.0,1.0,,,,,102.0,1.0
2026-09-12 03:00:00,San Antonio,101.0,10.0,101.3,8.0,,,101.2,9.0
2026-09-12 03:00:00,Houston,94.0,21.0,90.4,31.0,,,92.2,26.0
2026-09-12 03:00:00,Oklahoma City,98.0,21.0,97.4,0.0,,,97.7,10.5
2026-09-12 03:00:00,Newark,80.0,1.0,82.5,2.0,,,81.2,1.5
2026-09-12 03:00:00,Trenton,82.0,2.0,80.4,15.0,,,81.2,8.5
2026-09-12 04:00:00,New York City,78.0,1.0,78.6,3.0,,,78.3,2.0
2026-09-12 04:00:00,Chicago,85.0,9.0,76.7,0.0,,,80.8,4.5
2026-09-12 04:00:00,Austin,104.0,10.0,101.2,25.0,,,102.6,17.5
2026-09-12 04:00:00,Miami,89.0,62.0,88.4,21.0,,,88.7,41.5
2026-09-12 04:00:00,Denver,85.0,20.0,90.4,1.0,,,87.7,10.5
2026-09-12 04:00:00,Philadelphia,82.0,6.0,81.7,12.0,,,81.8,9.0
2026-09-12 04:00:00,Los Angeles,89.0,0.0,92.7,1.0,,,90.8,0.5
2026-09-12 04:00:00,Las Vegas,103.0,1.0,107.3,4.0,,,105.2,2.5
2026-09-12 04:00:00,New Orleans,90.0,67.0,87.9,30.0,,,89.0,48.5
2026-09-12 04:00:00,San Francisco,69.0,3.0,,,,,69.0,3.0
2026-09-12 04:00:00,Washington DC,84.0,42.0,,,,,84.0,42.0
2026-09-12 04:00:00,Seattle,70.0,43.0,,,,,70.0,43.0
2026-09-12 04:00:00,Boston,74.0,0.0,,,,,74.0,0.0
2026-09-12 04:00:00,Phoenix,103.0,4.0,,,,,103.0,4.0
2026-09-12 04:00:00,Atlanta,87.0,75.0,,,,,87.0,75.0
2026-09-12 04:00:00,Minneapolis,75.0,1.0,,,,,75.0,1.0
2026-09-12 04:00:00,Dallas,102.0,1.0,,,,,102.0,1.0
2026-09-12 04:00:00,San Antonio,101.0,10.0,,,,,101.0,10.0
2026-09-12 04:00:00,Houston,94.0,21.0,90.4,31.0,,,92.2,26.0
2026-09-12 04:00:00,Oklahoma City,98.0,21.0,97.4,0.0,,,97.7,10.5
2026-09-12 04:00:00,Newark,80.0,1.0,79.2,3.0,,,79.6,2.0
2026-09-12 04:00:00,Trenton,82.0,2.0,82.6,11.0,,,82.3,6.5
2026-09-12 05:00:00,New York City,78.0,1.0,78.3,3.0,,,78.2,2.0
2026-09-12 05:00:00,Chicago,85.0,9.0,87.4,6.0,,,86.2,7.5
2026-09-12 05:00:00,Austin,105.0,3.0,100.1,7.0,,,102.5,5.0
2026-09-12 05:00:00,Miami,89.0,62.0,88.4,23.0,,,88.7,42.5
2026-09-12 05:00:00,Denver,85.0,20.0,90.4,1.0,,,87.7,10.5
2026-09-12 05:00:00,Philadelphia,82.0,6.0,81.4,8.0,,,81.7,7.0
2026-09-12 05:00:00,Los Angeles,89.0,0.0,92.7,1.0,,,90.8,0.5
2026-09-12 05:00:00,Las Vegas,103.0,0.0,107.3,4.0,,,105.2,2.0
2026-09-12 05:00:00,New Orleans,90.0,67.0,90.5,26.0,,,90.2,46.5
2026-09-12 05:00:00,San Francisco,70.0,1.0,69.2,2.0,,,69.6,1.5
2026-09-12 05:00:00,Washington DC,84.0,42.0,,,,,84.0,42.0
2026-09-12 05:00:00,Seattle,70.0,43.0,,,,,70.0,43.0
2026-09-12 05:00:00,Boston,74.0,0.0,,,,,74.0,0.0
2026-09-12 05:00:00,Phoenix,103.0,4.0,,,,,103.0,4.0
2026-09-12 05:00:00,Atlanta,87.0,75.0,,,,,87.0,75.0
2026-09-12 05:00:00,Minneapolis,75.0,1.0,,,,,75.0,1.0
2026-09-12 05:00:00,Dallas,102.0,1.0,,,,,102.0,1.0
2026-09-12 05:00:00,San Antonio,102.0,2.0,,,,,102.0,2.0
2026-09-12 05:00:00,Houston,94.0,21.0,,,,,94.0,21.0
2026-09-12 05:00:00,Oklahoma City,98.0,21.0,,,,,98.0,21.0
2026-09-12 05:00:00,Newark,80.0,1.0,79.3,3.0,,,79.7,2.0
2026-09-12 05:00:00,Trenton,82.0,2.0,82.5,4.0,,,82.2,3.0
2026-09-12 06:00:00,New York City,78.0,1.0,78.9,3.0,,,78.5,2.0
2026-09-12 06:00:00,Chicago,85.0,9.0,87.2,6.0,,,86.1,7.5
2026-09-12 06:00:00,Austin,105.0,3.0,100.2,7.0,,,102.6,5.0
2026-09-12 06:00:00,Miami,89.0,62.0,88.0,23.0,,,88.5,42.5
2026-09-12 06:00:00,Denver,85.0,20.0,88.4,11.0,,,86.7,15.5
2026-09-12 06:00:00,Philadelphia,82.0,6.0,81.6,8.0,,,81.8,7.0
2026-09-12 06:00:00,Los Angeles,89.0,0.0,92.7,1.0,,,90.8,0.5
2026-09-12 06:00:00,Las Vegas,103.0,0.0,107.3,4.0,,,105.2,2.0
2026-09-12 06:00:00,New Orleans,90.0,45.0,90.3,26.0,,,90.2,35.5
2026-09-12 06:00:00,San Francisco,70.0,1.0,69.2,2.0,,,69.6,1.5
2026-09-12 06:00:00,Washington DC,84.0,42.0,82.9,24.0,,,83.5,33.0
2026-09-12 06:00:00,Seattle,70.0,43.0,65.2,1.0,,,67.6,22.0
2026-09-12 06:00:00,Boston,74.0,0.0,73.6,0.0,,,73.8,0.0
2026-09-12 06:00:00,Phoenix,103.0,4.0,104.2,6.0,,,103.6,5.0
2026-09-12 06:00:00,Atlanta,87.0,75.0,80.2,68.0,,,83.6,71.5
2026-09-12 06:00:00,Minneapolis,73.0,0.0,74.6,36.0,,,73.8,18.0
2026-09-12 06:00:00,Dallas,102.0,1.0,98.7,0.0,,,100.3,0.5
2026-09-12 06:00:00,San Antonio,102.0,2.0,100.5,16.0,,,101.2,9.0
2026-09-12 06:00:00,Houston,94.0,51.0,95.1,20.0,,,94.5,35.5
2026-09-12 06:00:00,Oklahoma City,98.0,21.0,102.6,11.0,,,100.3,16.0
2026-09-12 06:00:00,Newark,80.0,1.0,80.2,3.0,,,80.1,2.0
2026-09-12 06:00:00,Trenton,82.0,2.0,82.5,4.0,,,82.2,3.0
2026-09-12 07:00:00,New York City,78.0,0.0,78.0,3.0,,,78.0,1.5
2026-09-12 07:00:00,Chicago,87.0,1.0,87.1,6.0,,,87.0,3.5
2026-09-12 07:00:00,Austin,105.0,3.0,100.5,7.0,,,102.8,5.0
2026-09-12 07:00:00,Miami,89.0,56.0,87.7,23.0,,,88.3,39.5
2026-09-12 07:00:00,Denver,85.0,20.0,86.7,10.0,,,85.8,15.0
2026-09-12 07:00:00,Philadelphia,82.0,6.0,81.7,8.0,,,81.8,7.0
2026-09-12 07:00:00,Los Angeles,89.0,0.0,90.4,0.0,,,89.7,0.0
2026-09-12 07:00:00,Las Vegas,103.0,0.0,103.3,0.0,,,103.2,0.0
2026-09-12 07:00:00,New Orleans,90.0,45.0,91.3,20.0,,,90.7,32.5
2026-09-12 07:00:00,San Francisco,70.0,1.0,67.5,2.0,,,68.8,1.5
2026-09-12 07:00:00,Washington DC,83.0,27.0,83.9,21.0,,,83.5,24.0
2026-09-12 07:00:00,Seattle,70.0,33.0,69.3,43.0,,,69.7,38.0
2026-09-12 07:00:00,Boston,74.0,0.0,74.4,0.0,,,74.2,0.0
2026-09-12 07:00:00,Phoenix,102.0,10.0,,,,,102.0,10.0
2026-09-12 07:00:00,Atlanta,86.0,75.0,,,,,86.0,75.0
2026-09-12 07:00:00,Minneapolis,73.0,0.0,,,,,73.0,0.0
2026-09-12 07:00:00,Dallas,102.0,1.0,,,,,102.0,1.0
2026-09-12 07:00:00,San Antonio,102.0,2.0,,,,,102.0,2.0
2026-09-12 07:00:00,Houston,94.0,51.0,,,,,94.0,51.0
2026-09-12 07:00:00,Oklahoma City,99.0,26.0,,,,,99.0,26.0
2026-09-12 07:00:00,Newark,80.0,0.0,,,,,80.0,0.0
2026-09-12 07:00:00,Trenton,82.0,2.0,,,,,82.0,2.0
2026-09-12 08:00:00,New York City,78.0,0.0,77.7,3.0,,,77.8,1.5
2026-09-12 08:00:00,Chicago,87.0,1.0,86.7,5.0,,,86.8,3.0
2026-09-12 08:00:00,Austin,105.0,3.0,100.4,7.0,,,102.7,5.0
2026-09-12 08:00:00,Miami,89.0,56.0,89.0,24.0,,,89.0,40.0
2026-09-12 08:00:00,Denver,85.0,20.0,88.6,10.0,,,86.8,15.0
2026-09-12 08:00:00,Philadelphia,82.0,4.0,81.7,6.0,,,81.8,5.0
2026-09-12 08:00:00,Los Angeles,89.0,0.0,89.8,0.0,,,89.4,0.0
2026-09-12 08:00:00,Las Vegas,103.0,0.0,103.5,0.0,,,103.2,0.0
2026-09-12 08:00:00,New Orleans,90.0,45.0,91.3,17.0,,,90.7,31.0
2026-09-12 08:00:00,San Francisco,70.0,1.0,67.4,2.0,,,68.7,1.5
2026-09-12 08:00:00,Washington DC,83.0,27.0,,,,,83.0,27.0
2026-09-12 08:00:00,Seattle,70.0,33.0,,,,,70.0,33.0
2026-09-12 08:00:00,Boston,74.0,0.0,,,,,74.0,0.0
2026-09-12 08:00:00,Phoenix,102.0,11.0,,,,,102.0,11.0
2026-09-12 08:00:00,Atlanta,86.0,75.0,,,,,86.0,75.0
2026-09-12 08:00:00,Minneapolis,73.0,0.0,,,,,73.0,0.0
2026-09-12 08:00:00,Dallas,102.0,1.0,,,,,102.0,1.0
2026-09-12 08:00:00,San Antonio,102.0,2.0,,,,,102.0,2.0
2026-09-12 08:00:00,Houston,94.0,51.0,,,,,94.0,51.0
2026-09-12 08:00:00,Oklahoma City,99.0,26.0,,,,,99.0,26.0
2026-09-12 08:00:00,Newark,80.0,0.0,78.2,3.0,,,79.1,1.5
2026-09-12 08:00:00,Trenton,82.0,2.0,82.4,4.0,,,82.2,3.0
2026-09-12 09:00:00,New York City,78.0,0.0,78.0,3.0,,,78.0,1.5
2026-09-12 09:00:00,Chicago,87.0,1.0,86.7,5.0,,,86.8,3.0
2026-09-12 09:00:00,Austin,105.0,3.0,100.1,8.0,,,102.5,5.5
2026-09-12 09:00:00,Miami,89.0,56.0,88.8,23.0,,,88.9,39.5
2026-09-12 09:00:00,Denver,85.0,20.0,88.4,11.0,,,86.7,15.5
2026-09-12 09:00:00,Philadelphia,82.0,4.0,81.8,6.0,,,81.9,5.0
2026-09-12 09:00:00,Los Angeles,89.0,0.0,89.9,0.0,,,89.5,0.0
2026-09-12 09:00:00,Las Vegas,103.0,0.0,103.2,1.0,,,103.1,0.5
2026-09-12 09:00:00,New Orleans,90.0,45.0,91.3,15.0,,,90.7,30.0
2026-09-12 09:00:00,San Francisco,70.0,1.0,67.5,1.0,,,68.8,1.0
2026-09-12 09:00:00,Washington DC,83.0,27.0,,,,,83.0,27.0
2026-09-12 09:00:00,Seattle,70.0,33.0,,,,,70.0,33.0
2026-09-12 09:00:00,Boston,74.0,0.0,,,,,74.0,0.0
2026-09-12 09:00:00,Phoenix,102.0,11.0,,,,,102.0,11.0
2026-09-12 09:00:00,Atlanta,86.0,75.0,,,,,86.0,75.0
2026-09-12 09:00:00,Minneapolis,73.0,0.0,,,,,73.0,0.0
2026-09-12 09:00:00,Dallas,102.0,1.0,,,,,102.0,1.0
2026-09-12 09:00:00,San Antonio,102.0,2.0,,,,,102.0,2.0
2026-09-12 09:00:00,Houston,94.0,51.0,,,,,94.0,51.0
2026-09-12 09:00:00,Oklahoma City,99.0,26.0,,,,,99.0,26.0
2026-09-12 09:00:00,Newark,80.0,0.0,78.4,3.0,,,79.2,1.5
2026-09-12 09:00:00,Trenton,82.0,2.0,82.7,3.0,,,82.3,2.5
2026-09-12 10:00:00,New York City,78.0,0.0,77.4,2.0,,,77.7,1.0
2026-09-12 10:00:00,Chicago,87.0,1.0,85.9,4.0,,,86.5,2.5
2026-09-12 10:00:00,Austin,105.0,3.0,100.4,8.0,,,102.7,5.5
2026-09-12 10:00:00,Miami,89.0,56.0,88.6,21.0,,,88.8,38.5
2026-09-12 10:00:00,Denver,85.0,20.0,88.1,11.0,,,86.5,15.5
2026-09-12 10:00:00,Philadelphia,82.0,4.0,81.6,5.0,,,81.8,4.5
2026-09-12 10:00:00,Los Angeles,89.0,0.0,90.5,0.0,,,89.8,0.0
2026-09-12 10:00:00,Las Vegas,103.0,0.0,102.9,1.0,,,103.0,0.5
2026-09-12 10:00:00,New Orleans,90.0,45.0,91.3,15.0,,,90.7,30.0
2026-09-12 10:00:00,San Francisco,70.0,1.0,,,,,70.0,1.0
2026-09-12 10:00:00,Washington DC,83.0,27.0,,,,,83.0,27.0
2026-09-12 10:00:00,Seattle,70.0,33.0,,,,,70.0,33.0
2026-09-12 10:00:00,Boston,74.0,0.0,,,,,74.0,0.0
2026-09-12 10:00:00,Phoenix,102.0,11.0,,,,,102.0,11.0
2026-09-12 10:00:00,Atlanta,86.0,75.0,,,,,86.0,75.0
2026-09-12 10:00:00,Minneapolis,73.0,0.0,,,,,73.0,0.0
2026-09-12 10:00:00,Dallas,102.0,1.0,,,,,102.0,1.0
2026-09-12 10:00:00,San Antonio,102.0,2.0,100.3,16.0,,,101.2,9.0
2026-09-12 10:00:00,Houston,94.0,51.0,93.3,25.0,,,93.7,38.0
2026-09-12 10:00:00,Oklahoma City,99.0,26.0,102.6,11.0,,,100.8,18.5
2026-09-12 10:00:00,Newark,80.0,0.0,78.1,2.0,,,79.0,1.0
2026-09-12 10:00:00,Trenton,82.0,2.0,82.4,3.0,,,82.2,2.5
2026-09-12 11:00:00,New York City,78.0,0.0,77.2,2.0,,,77.6,1.0
2026-09-12 11:00:00,Chicago,87.0,1.0,86.9,4.0,,,87.0,2.5
2026-09-12 11:00:00,Austin,105.0,3.0,100.2,8.0,,,102.6,5.5
2026-09-12 11:00:00,Miami,89.0,56.0,88.7,21.0,,,88.8,38.5
2026-09-12 11:00:00,Denver,85.0,20.0,87.7,11.0,,,86.3,15.5
2026-09-12 11:00:00,Philadelphia,82.0,4.0,81.7,5.0,,,81.8,4.5
2026-09-12 11:00:00,Los Angeles,89.0,0.0,90.4,0.0,,,89.7,0.0
2026-09-12 11:00:00,Las Vegas,103.0,0.0,102.9,1.0,,,103.0,0.5
2026-09-12 11:00:00,New Orleans,90.0,45.0,91.2,15.0,,,90.6,30.0
2026-09-12 11:00:00,San Francisco,70.0,1.0,67.4,2.0,,,68.7,1.5
2026-09-12 11:00:00,Washington DC,83.0,27.0,83.5,29.0,,,83.2,28.0
2026-09-12 11:00:00,Seattle,70.0,33.0,69.1,51.0,,,69.5,42.0
2026-09-12 11:00:00,Boston,74.0,0.0,73.0,0.0,,,73.5,0.0
2026-09-12 11:00:00,Phoenix,102.0,11.0,104.5,15.0,,,103.2,13.0
2026-09-12 11:00:00,Atlanta,86.0,75.0,81.1,60.0,,,83.5,67.5
2026-09-12 11:00:00,Minneapolis,73.0,0.0,74.0,36.0,,,73.5,18.0
2026-09-12 11:00:00,Dallas,102.0,1.0,99.1,1.0,,,100.5,1.0
2026-09-12 11:00:00,San Antonio,102.0,2.0,100.4,16.0,,,101.2,9.0
2026-09-12 11:00:00,Houston,94.0,51.0,93.0,25.0,,,93.5,38.0
2026-09-12 11:00:00,Oklahoma City,99.0,26.0,102.4,11.0,,,100.7,18.5
2026-09-12 11:00:00,Newark,80.0,0.0,77.9,2.0,,,79.0,1.0
2026-09-12 11:00:00,Trenton,82.0,2.0,82.5,3.0,,,82.2,2.5
2026-09-12 12:00:00,New York City,78.0,0.0,78.5,2.0,,,78.2,1.0
2026-09-12 12:00:00,Chicago,87.0,1.0,86.6,4.0,,,86.8,2.5
2026-09-12 12:00:00,Austin,105.0,3.0,100.4,7.0,,,102.7,5.0
2026-09-12 12:00:00,Miami,89.0,56.0,88.9,27.0,,,89.0,41.5
2026-09-12 12:00:00,Denver,85.0,20.0,87.9,11.0,,,86.5,15.5
2026-09-12 12:00:00,Philadelphia,82.0,4.0,81.0,3.0,,,81.5,3.5
2026-09-12 12:00:00,Los Angeles,89.0,0.0,90.1,0.0,,,89.5,0.0
2026-09-12 12:00:00,Las Vegas,103.0,0.0,102.7,1.0,,,102.8,0.5
2026-09-12 12:00:00,New Orleans,90.0,45.0,91.2,14.0,,,90.6,29.5
2026-09-12 12:00:00,San Francisco,70.0,1.0,67.2,2.0,,,68.6,1.5
2026-09-12 12:00:00,Washington DC,83.0,27.0,83.9,35.0,,,83.5,31.0
2026-09-12 12:00:00,Seattle,70.0,33.0,69.1,48.0,,,69.5,40.5
2026-09-12 12:00:00,Boston,74.0,0.0,,,,,74.0,0.0
2026-09-12 12:00:00,Phoenix,102.0,11.0,,,,,102.0,11.0
2026-09-12 12:00:00,Atlanta,86.0,75.0,,,,,86.0,75.0
2026-09-12 12:00:00,Minneapolis,73.0,0.0,,,,,73.0,0.0
2026-09-12 12:00:00,Dallas,102.0,1.0,,,,,102.0,1.0
2026-09-12 12:00:00,San Antonio,102.0,2.0,,,,,102.0,2.0
2026-09-12 12:00:00,Houston,94.0,51.0,,,,,94.0,51.0
2026-09-12 12:00:00,Oklahoma City,99.0,26.0,,,,,99.0,26.0
2026-09-12 12:00:00,Newark,80.0,0.0,,,,,80.0,0.0
2026-09-12 12:00:00,Trenton,82.0,2.0,,,,,82.0,2.0
2026-09-12 13:00:00,New York City,78.0,0.0,78.2,2.0,,,78.1,1.0
2026-09-12 13:00:00,Chicago,87.0,1.0,86.0,4.0,,,86.5,2.5
2026-09-12 13:00:00,Austin,105.0,3.0,100.3,7.0,,,102.7,5.0
2026-09-12 13:00:00,Miami,89.0,56.0,87.3,27.0,,,88.2,41.5
2026-09-12 13:00:00,Denver,85.0,20.0,86.4,11.0,,,85.7,15.5
2026-09-12 13:00:00,Philadelphia,82.0,4.0,81.1,3.0,,,81.5,3.5
2026-09-12 13:00:00,Los Angeles,89.0,0.0,89.9,0.0,,,89.5,0.0
2026-09-12 13:00:00,Las Vegas,103.0,0.0,,,,,103.0,0.0
2026-09-12 13:00:00,New Orleans,90.0,45.0,91.9,14.0,,,91.0,29.5
2026-09-12 13:00:00,San Francisco,70.0,1.0,,,,,70.0,1.0
2026-09-12 13:00:00,Washington DC,83.0,27.0,,,,,83.0,27.0
2026-09-12 13:00:00,Seattle,70.0,33.0,,,,,70.0,33.0
2026-09-12 13:00:00,Boston,74.0,0.0,72.4,0.0,,,73.2,0.0
2026-09-12 13:00:00,Phoenix,102.0,11.0,,,,,102.0,11.0
2026-09-12 13:00:00,Atlanta,86.0,75.0,84.6,59.0,,,85.3,67.0
2026-09-12 13:00:00,Minneapolis,73.0,0.0,74.1,36.0,,,73.5,18.0
2026-09-12 13:00:00,Dallas,102.0,1.0,99.0,1.0,,,100.5,1.0
2026-09-12 13:00:00,San Antonio,102.0,2.0,100.5,16.0,,,101.2,9.0
2026-09-12 13:00:00,Houston,94.0,51.0,96.0,22.0,,,95.0,36.5
2026-09-12 13:00:00,Oklahoma City,99.0,26.0,102.0,11.0,,,100.5,18.5
2026-09-12 13:00:00,Newark,80.0,0.0,78.9,2.0,,,79.5,1.0
2026-09-12 13:00:00,Trenton,82.0,2.0,82.0,2.0,,,82.0,2.0
2026-09-12 14:00:00,New York City,78.0,0.0,78.6,2.0,,,78.3,1.0
2026-09-12 14:00:00,Chicago,87.0,1.0,86.2,3.0,,,86.6,2.0
2026-09-12 14:00:00,Austin,105.0,15.0,101.1,7.0,,,103.0,11.0
2026-09-12 14:00:00,Miami,89.0,56.0,86.7,36.0,,,87.8,46.0
2026-09-12 14:00:00,Denver,85.0,20.0,86.8,10.0,,,85.9,15.0
2026-09-12 14:00:00,Philadelphia,82.0,4.0,79.6,3.0,,,80.8,3.5
2026-09-12 14:00:00,Los Angeles,89.0,0.0,89.0,0.0,,,89.0,0.0
2026-09-12 14:00:00,Las Vegas,103.0,0.0,103.1,1.0,,,103.0,0.5
2026-09-12 14:00:00,New Orleans,90.0,45.0,91.8,13.0,,,90.9,29.0
2026-09-12 14:00:00,San Francisco,70.0,1.0,66.8,2.0,,,68.4,1.5
2026-09-12 14:00:00,Washington DC,83.0,27.0,84.2,25.0,,,83.6,26.0
2026-09-12 14:00:00,Seattle,70.0,33.0,,,,,70.0,33.0
2026-09-12 14:00:00,Boston,74.0,0.0,,,,,74.0,0.0
2026-09-12 14:00:00,Phoenix,102.0,6.0,,,,,102.0,6.0
2026-09-12 14:00:00,Atlanta,86.0,75.0,,,,,86.0,75.0
2026-09-12 14:00:00,Minneapolis,73.0,0.0,,,,,73.0,0.0
2026-09-12 14:00:00,Dallas,102.0,1.0,,,,,102.0,1.0
2026-09-12 14:00:00,San Antonio,102.0,15.0,,,,,102.0,15.0
2026-09-12 14:00:00,Houston,94.0,51.0,,,,,94.0,51.0
2026-09-12 14:00:00,Oklahoma City,99.0,26.0,,,,,99.0,26.0
2026-09-12 14:00:00,Newark,80.0,0.0,,,,,80.0,0.0
2026-09-12 14:00:00,Trenton,82.0,2.0,,,,,82.0,2.0
2026-09-12 15:00:00,New York City,78.0,0.0,78.6,1.0,,,78.3,0.5
2026-09-12 15:00:00,Chicago,87.0,1.0,86.3,4.0,,,86.7,2.5
2026-09-12 15:00:00,Austin,105.0,15.0,100.7,8.0,,,102.8,11.5
2026-09-12 15:00:00,Miami,89.0,56.0,87.1,23.0,,,88.0,39.5
2026-09-12 15:00:00,Denver,85.0,20.0,86.2,10.0,,,85.6,15.0
2026-09-12 15:00:00,Philadelphia,82.0,3.0,81.4,2.0,,,81.7,2.5
2026-09-12 15:00:00,Los Angeles,89.0,0.0,89.6,0.0,,,89.3,0.0
2026-09-12 15:00:00,Las Vegas,103.0,0.0,103.4,0.0,,,103.2,0.0
2026-09-12 15:00:00,New Orleans,90.0,45.0,91.4,11.0,,,90.7,28.0
2026-09-12 15:00:00,San Francisco,70.0,1.0,66.6,2.0,,,68.3,1.5
2026-09-12 15:00:00,Washington DC,83.0,27.0,,,,,83.0,27.0
2026-09-12 15:00:00,Seattle,70.0,33.0,,,,,70.0,33.0
2026-09-12 15:00:00,Boston,74.0,0.0,,,,,74.0,0.0
2026-09-12 15:00:00,Phoenix,102.0,5.0,,,,,102.0,5.0
2026-09-12 15:00:00,Atlanta,86.0,75.0,,,,,86.0,75.0
2026-09-12 15:00:00,Minneapolis,73.0,0.0,,,,,73.0,0.0
2026-09-12 15:00:00,Dallas,102.0,1.0,,,,,102.0,1.0
2026-09-12 15:00:00,San Antonio,102.0,15.0,,,,,102.0,15.0
2026-09-12 15:00:00,Houston,94.0,51.0,,,,,94.0,51.0
2026-09-12 15:00:00,Oklahoma City,99.0,22.0,101.2,13.0,,,100.1,17.5
2026-09-12 15:00:00,Newark,80.0,0.0,79.0,2.0,,,79.5,1.0
2026-09-12 15:00:00,Trenton,82.0,1.0,82.4,2.0,,,82.2,1.5
2026-09-12 16:00:00,New York City,78.0,0.0,78.7,1.0,,,78.3,0.5
2026-09-12 16:00:00,Chicago,87.0,1.0,86.6,2.0,,,86.8,1.5
2026-09-12 16:00:00,Austin,105.0,15.0,100.5,7.0,,,102.8,11.0
2026-09-12 16:00:00,Miami,89.0,56.0,87.6,22.0,,,88.3,39.0
2026-09-12 16:00:00,Denver,85.0,20.0,87.6,10.0,,,86.3,15.0
2026-09-12 16:00:00,Philadelphia,82.0,3.0,81.4,2.0,,,81.7,2.5
2026-09-12 16:00:00,Los Angeles,89.0,0.0,90.2,0.0,,,89.6,0.0
2026-09-12 16:00:00,Las Vegas,103.0,0.0,103.3,0.0,,,103.2,0.0
2026-09-12 16:00:00,New Orleans,90.0,45.0,91.8,12.0,,,90.9,28.5
2026-09-12 16:00:00,San Francisco,70.0,1.0,,,,,70.0,1.0
2026-09-12 16:00:00,Washington DC,83.0,23.0,,,,,83.0,23.0
2026-09-12 16:00:00,Seattle,70.0,33.0,,,,,70.0,33.0
2026-09-12 16:00:00,Boston,74.0,0.0,,,,,74.0,0.0
2026-09-12 16:00:00,Phoenix,102.0,5.0,,,,,102.0,5.0
2026-09-12 16:00:00,Atlanta,86.0,51.0,,,,,86.0,51.0
2026-09-12 16:00:00,Minneapolis,73.0,0.0,,,,,73.0,0.0
2026-09-12 16:00:00,Dallas,102.0,1.0,,,,,102.0,1.0
2026-09-12 16:00:00,San Antonio,102.0,15.0,,,,,102.0,15.0
2026-09-12 16:00:00,Houston,94.0,51.0,96.4,13.0,,,95.2,32.0
2026-09-12 16:00:00,Oklahoma City,99.0,22.0,101.7,12.0,,,100.3,17.0
2026-09-12 16:00:00,Newark,80.0,0.0,79.4,2.0,,,79.7,1.0
2026-09-12 16:00:00,Trenton,82.0,1.0,82.7,2.0,,,82.3,1.5
2026-09-12 17:00:00,New York City,78.0,0.0,79.4,1.0,,,78.7,0.5
2026-09-12 17:00:00,Chicago,87.0,1.0,86.9,2.0,,,87.0,1.5
2026-09-12 17:00:00,Austin,105.0,15.0,100.4,7.0,,,102.7,11.0
2026-09-12 17:00:00,Miami,89.0,56.0,87.8,22.0,,,88.4,39.0
2026-09-12 17:00:00,Denver,85.0,20.0,85.6,10.0,,,85.3,15.0
2026-09-12 17:00:00,Philadelphia,82.0,3.0,81.3,2.0,,,81.7,2.5
2026-09-12 17:00:00,Los Angeles,89.0,0.0,90.1,0.0,,,89.5,0.0
2026-09-12 17:00:00,Las Vegas,103.0,0.0,103.5,0.0,,,103.2,0.0
2026-09-12 17:00:00,New Orleans,90.0,45.0,89.2,12.0,,,89.6,28.5
2026-09-12 17:00:00,San Francisco,70.0,1.0,,,,,70.0,1.0
2026-09-12 17:00:00,Washington DC,83.0,23.0,,,,,83.0,23.0
2026-09-12 17:00:00,Seattle,70.0,33.0,,,,,70.0,33.0
2026-09-12 17:00:00,Boston,74.0,0.0,,,,,74.0,0.0
2026-09-12 17:00:00,Phoenix,102.0,5.0,,,,,102.0,5.0
2026-09-12 17:00:00,Atlanta,86.0,73.0,,,,,86.0,73.0
2026-09-12 17:00:00,Minneapolis,73.0,0.0,,,,,73.0,0.0
2026-09-12 17:00:00,Dallas,102.0,1.0,,,,,102.0,1.0
2026-09-12 17:00:00,San Antonio,102.0,15.0,100.2,16.0,,,101.1,15.5
2026-09-12 17:00:00,Houston,94.0,51.0,96.3,13.0,,,95.2,32.0
2026-09-12 17:00:00,Oklahoma City,99.0,22.0,101.4,12.0,,,100.2,17.0
2026-09-12 17:00:00,Newark,80.0,0.0,80.4,2.0,,,80.2,1.0
2026-09-12 17:00:00,Trenton,82.0,1.0,82.7,2.0,,,82.3,1.5
2026-09-12 18:00:00,New York City,78.0,0.0,79.3,1.0,,,78.7,0.5
2026-09-12 18:00:00,Chicago,87.0,1.0,87.2,1.0,,,87.1,1.0
2026-09-12 18:00:00,Austin,105.0,15.0,99.8,2.0,,,102.4,8.5
2026-09-12 18:00:00,Miami,89.0,56.0,88.8,26.0,,,88.9,41.0
2026-09-12 18:00:00,Denver,85.0,20.0,84.1,2.0,,,84.5,11.0
2026-09-12 18:00:00,Philadelphia,82.0,3.0,81.8,2.0,,,81.9,2.5
2026-09-12 18:00:00,Los Angeles,89.0,0.0,89.7,0.0,,,89.3,0.0
2026-09-12 18:00:00,Las Vegas,103.0,0.0,103.2,0.0,,,103.1,0.0
2026-09-12 18:00:00,New Orleans,90.0,45.0,86.9,10.0,,,88.5,27.5
2026-09-12 18:00:00,San Francisco,70.0,1.0,67.4,2.0,,,68.7,1.5
2026-09-12 18:00:00,Washington DC,83.0,23.0,82.7,20.0,,,82.8,21.5
2026-09-12 18:00:00,Seattle,70.0,33.0,,,,,70.0,33.0
2026-09-12 18:00:00,Boston,74.0,0.0,,,,,74.0,0.0
2026-09-12 18:00:00,Phoenix,102.0,2.0,,,,,102.0,2.0
2026-09-12 18:00:00,Atlanta,86.0,60.0,,,,,86.0,60.0
2026-09-12 18:00:00,Minneapolis,73.0,0.0,,,,,73.0,0.0
2026-09-12 18:00:00,Dallas,102.0,1.0,,,,,102.0,1.0
2026-09-12 18:00:00,San Antonio,102.0,15.0,,,,,102.0,15.0
2026-09-12 18:00:00,Houston,94.0,51.0,,,,,94.0,51.0
2026-09-12 18:00:00,Oklahoma City,99.0,22.0,,,,,99.0,22.0
2026-09-12 18:00:00,Newark,80.0,0.0,,,,,80.0,0.0
2026-09-12 18:00:00,Trenton,82.0,1.0,82.1,2.0,,,82.0,1.5
2026-09-12 19:00:00,New York City,78.0,1.0,78.8,1.0,,,78.4,1.0
2026-09-12 19:00:00,Chicago,87.0,8.0,87.0,1.0,,,87.0,4.5
2026-09-12 19:00:00,Austin,105.0,15.0,100.1,3.0,,,102.5,9.0
2026-09-12 19:00:00,Miami,89.0,56.0,88.8,24.0,,,88.9,40.0
2026-09-12 19:00:00,Denver,81.0,20.0,84.1,2.0,,,82.5,11.0
2026-09-12 19:00:00,Philadelphia,82.0,1.0,81.9,2.0,,,82.0,1.5
2026-09-12 19:00:00,Los Angeles,88.0,0.0,90.3,0.0,,,89.2,0.0
2026-09-12 19:00:00,Las Vegas,103.0,0.0,103.1,0.0,,,103.0,0.0
2026-09-12 19:00:00,New Orleans,90.0,42.0,86.2,21.0,,,88.1,31.5
2026-09-12 19:00:00,San Francisco,70.0,1.0,67.4,2.0,,,68.7,1.5
2026-09-12 19:00:00,Washington DC,83.0,23.0,80.1,17.0,,,81.5,20.0
2026-09-12 19:00:00,Seattle,70.0,15.0,67.2,37.0,,,68.6,26.0
2026-09-12 19:00:00,Boston,74.0,0.0,73.6,0.0,,,73.8,0.0
2026-09-12 19:00:00,Phoenix,102.0,2.0,103.6,15.0,,,102.8,8.5
2026-09-12 19:00:00,Atlanta,86.0,60.0,81.6,63.0,,,83.8,61.5
2026-09-12 19:00:00,Minneapolis,73.0,0.0,74.6,36.0,,,73.8,18.0
2026-09-12 19:00:00,Dallas,102.0,1.0,99.5,1.0,,,100.8,1.0
2026-09-12 19:00:00,San Antonio,101.0,15.0,100.6,16.0,,,100.8,15.5
2026-09-12 19:00:00,Houston,94.0,22.0,96.1,24.0,,,95.0,23.0
2026-09-12 19:00:00,Oklahoma City,99.0,22.0,102.7,8.0,,,100.8,15.0
2026-09-12 19:00:00,Newark,80.0,0.0,79.8,1.0,,,79.9,0.5
2026-09-12 19:00:00,Trenton,82.0,1.0,81.8,1.0,,,81.9,1.0
2026-09-12 20:00:00,New York City,78.0,1.0,79.3,1.0,,,78.7,1.0
2026-09-12 20:00:00,Chicago,87.0,8.0,86.5,1.0,,,86.8,4.5
2026-09-12 20:00:00,Austin,102.0,15.0,100.0,3.0,,,101.0,9.0
2026-09-12 20:00:00,Miami,89.0,50.0,88.8,24.0,,,88.9,37.0
2026-09-12 20:00:00,Denver,81.0,20.0,82.0,2.0,,,81.5,11.0
2026-09-12 20:00:00,Philadelphia,82.0,1.0,82.4,2.0,,,82.2,1.5
2026-09-12 20:00:00,Los Angeles,88.0,0.0,90.4,0.0,,,89.2,0.0
2026-09-12 20:00:00,Las Vegas,103.0,0.0,102.6,0.0,,,102.8,0.0
2026-09-12 20:00:00,New Orleans,90.0,40.0,87.3,31.0,,,88.7,35.5
2026-09-12 20:00:00,San Francisco,70.0,1.0,,,,,70.0,1.0
2026-09-12 20:00:00,Washington DC,82.0,23.0,,,,,82.0,23.0
2026-09-12 20:00:00,Seattle,70.0,15.0,,,,,70.0,15.0
2026-09-12 20:00:00,Boston,74.0,0.0,,,,,74.0,0.0
2026-09-12 20:00:00,Phoenix,102.0,1.0,,,,,102.0,1.0
2026-09-12 20:00:00,Atlanta,86.0,48.0,,,,,86.0,48.0
2026-09-12 20:00:00,Minneapolis,73.0,0.0,74.3,36.0,,,73.7,18.0
2026-09-12 20:00:00,Dallas,102.0,1.0,99.8,1.0,,,100.9,1.0
2026-09-12 20:00:00,San Antonio,101.0,15.0,101.6,16.0,,,101.3,15.5
2026-09-12 20:00:00,Houston,94.0,22.0,95.5,32.0,,,94.8,27.0
2026-09-12 20:00:00,Oklahoma City,99.0,22.0,102.8,8.0,,,100.9,15.0
2026-09-12 20:00:00,Newark,80.0,0.0,79.5,1.0,,,79.8,0.5
2026-09-12 20:00:00,Trenton,82.0,1.0,81.4,1.0,,,81.7,1.0
2026-09-12 21:00:00,New York City,78.0,1.0,79.3,1.0,,,78.7,1.0
2026-09-12 21:00:00,Chicago,87.0,8.0,86.5,1.0,,,86.8,4.5
2026-09-12 21:00:00,Austin,102.0,15.0,100.0,6.0,,,101.0,10.5
2026-09-12 21:00:00,Miami,89.0,50.0,89.1,30.0,,,89.0,40.0
2026-09-12 21:00:00,Denver,81.0,20.0,82.8,2.0,,,81.9,11.0
2026-09-12 21:00:00,Philadelphia,83.0,1.0,82.7,2.0,,,82.8,1.5
2026-09-12 21:00:00,Los Angeles,88.0,0.0,89.3,0.0,,,88.7,0.0
2026-09-12 21:00:00,Las Vegas,103.0,0.0,102.5,0.0,,,102.8,0.0
2026-09-12 21:00:00,New Orleans,90.0,40.0,85.6,31.0,,,87.8,35.5
2026-09-12 21:00:00,San Francisco,70.0,1.0,68.1,2.0,,,69.0,1.5
2026-09-12 21:00:00,Washington DC,82.0,23.0,81.2,14.0,,,81.6,18.5
2026-09-12 21:00:00,Seattle,70.0,15.0,65.0,34.0,,,67.5,24.5
2026-09-12 21:00:00,Boston,74.0,0.0,73.6,0.0,,,73.8,0.0
2026-09-12 21:00:00,Phoenix,102.0,2.0,102.7,15.0,,,102.3,8.5
2026-09-12 21:00:00,Atlanta,86.0,60.0,81.2,63.0,,,83.6,61.5
2026-09-12 21:00:00,Minneapolis,73.0,0.0,74.5,36.0,,,73.8,18.0
2026-09-12 21:00:00,Dallas,102.0,1.0,99.9,1.0,,,101.0,1.0
2026-09-12 21:00:00,San Antonio,101.0,15.0,101.1,16.0,,,101.0,15.5
2026-09-12 21:00:00,Houston,94.0,22.0,96.0,22.0,,,95.0,22.0
2026-09-12 21:00:00,Oklahoma City,99.0,20.0,102.8,8.0,,,100.9,14.0
2026-09-12 21:00:00,Newark,80.0,0.0,79.5,1.0,,,79.8,0.5
2026-09-12 21:00:00,Trenton,83.0,1.0,81.8,1.0,,,82.4,1.0
2026-09-12 22:00:00,New York City,78.0,1.0,79.3,1.0,,,78.7,1.0
2026-09-12 22:00:00,Chicago,87.0,8.0,87.4,2.0,,,87.2,5.0
2026-09-12 22:00:00,Austin,104.0,15.0,100.7,5.0,,,102.3,10.0
2026-09-12 22:00:00,Miami,89.0,50.0,89.1,31.0,,,89.0,40.5
2026-09-12 22:00:00,Denver,81.0,20.0,79.8,3.0,,,80.4,11.5
2026-09-12 22:00:00,Philadelphia,83.0,1.0,82.7,1.0,,,82.8,1.0
2026-09-12 22:00:00,Los Angeles,88.0,0.0,88.7,0.0,,,88.3,0.0
2026-09-12 22:00:00,Las Vegas,103.0,0.0,102.5,0.0,,,102.8,0.0
2026-09-12 22:00:00,New Orleans,90.0,42.0,85.6,31.0,,,87.8,36.5
2026-09-12 22:00:00,San Francisco,70.0,1.0,,,,,70.0,1.0
2026-09-12 22:00:00,Washington DC,82.0,23.0,,,,,82.0,23.0
2026-09-12 22:00:00,Seattle,70.0,15.0,,,,,70.0,15.0
2026-09-12 22:00:00,Boston,74.0,0.0,,,,,74.0,0.0
2026-09-12 22:00:00,Phoenix,102.0,2.0,,,,,102.0,2.0
2026-09-12 22:00:00,Atlanta,86.0,48.0,,,,,86.0,48.0
2026-09-12 22:00:00,Minneapolis,73.0,0.0,,,,,73.0,0.0
2026-09-12 22:00:00,Dallas,102.0,1.0,101.2,2.0,,,101.6,1.5
2026-09-12 22:00:00,San Antonio,101.0,15.0,101.3,16.0,,,101.2,15.5
2026-09-12 22:00:00,Houston,94.0,22.0,95.7,21.0,,,94.8,21.5
2026-09-12 22:00:00,Oklahoma City,99.0,20.0,103.0,11.0,,,101.0,15.5
2026-09-12 22:00:00,Newark,80.0,0.0,79.5,1.0,,,79.8,0.5
2026-09-12 22:00:00,Trenton,83.0,1.0,82.0,1.0,,,82.5,1.0
2026-09-12 23:00:00,New York City,79.0,90.0,79.3,1.0,,,79.2,45.5
2026-09-12 23:00:00,Chicago,87.0,8.0,87.4,4.0,,,87.2,6.0
2026-09-12 23:00:00,Austin,104.0,15.0,99.8,4.0,,,101.9,9.5
2026-09-12 23:00:00,Miami,88.0,59.0,89.1,31.0,,,88.5,45.0
2026-09-12 23:00:00,Denver,81.0,20.0,79.5,4.0,,,80.2,12.0
2026-09-12 23:00:00,Philadelphia,84.0,89.0,82.7,1.0,,,83.3,45.0
2026-09-12 23:00:00,Los Angeles,88.0,0.0,88.7,0.0,,,88.3,0.0
2026-09-12 23:00:00,Las Vegas,103.0,0.0,101.9,0.0,,,102.5,0.0
2026-09-12 23:00:00,New Orleans,90.0,40.0,85.6,31.0,,,87.8,35.5
2026-09-12 23:00:00,San Francisco,70.0,1.0,69.5,2.0,,,69.8,1.5
2026-09-12 23:00:00,Washington DC,87.0,70.0,81.2,13.0,,,84.1,41.5
2026-09-12 23:00:00,Seattle,70.0,15.0,64.3,25.0,,,67.2,20.0
2026-09-12 23:00:00,Boston,72.0,83.0,73.6,0.0,,,72.8,41.5
2026-09-12 23:00:00,Phoenix,102.0,2.0,,,,,102.0,2.0
2026-09-12 23:00:00,Atlanta,91.0,11.0,,,,,91.0,11.0
2026-09-12 23:00:00,Minneapolis,73.0,0.0,,,,,73.0,0.0
2026-09-12 23:00:00,Dallas,102.0,1.0,,,,,102.0,1.0
2026-09-12 23:00:00,San Antonio,101.0,15.0,,,,,101.0,15.0
2026-09-12 23:00:00,Houston,94.0,21.0,,,,,94.0,21.0
2026-09-12 23:00:00,Oklahoma City,99.0,20.0,,,,,99.0,20.0
2026-09-12 23:00:00,Newark,81.0,86.0,,,,,81.0,86.0
2026-09-12 23:00:00,Trenton,83.0,84.0,,,,,83.0,84.0
2026-09-13 00:00:00,New York City,79.0,90.0,79.3,1.0,,,79.2,45.5
2026-09-13 00:00:00,Chicago,73.0,33.0,87.4,3.0,,,80.2,18.0
2026-09-13 00:00:00,Austin,101.0,12.0,99.8,6.0,,,100.4,9.0
2026-09-13 00:00:00,Miami,88.0,59.0,89.1,31.0,,,88.5,45.0
2026-09-13 00:00:00,Denver,81.0,20.0,80.0,3.0,,,80.5,11.5
2026-09-13 00:00:00,Philadelphia,84.0,89.0,82.7,1.0,,,83.3,45.0
2026-09-13 00:00:00,Los Angeles,88.0,0.0,88.7,0.0,,,88.3,0.0
2026-09-13 00:00:00,Las Vegas,103.0,0.0,102.6,0.0,,,102.8,0.0
2026-09-13 00:00:00,New Orleans,91.0,21.0,85.6,31.0,,,88.3,26.0
2026-09-13 00:00:00,San Francisco,70.0,1.0,69.5,2.0,,,69.8,1.5
2026-09-13 00:00:00,Washington DC,87.0,91.0,,,,,87.0,91.0
2026-09-13 00:00:00,Seattle,70.0,15.0,,,,,70.0,15.0
2026-09-13 00:00:00,Boston,72.0,83.0,,,,,72.0,83.0
2026-09-13 00:00:00,Phoenix,102.0,2.0,,,,,102.0,2.0
2026-09-13 00:00:00,Atlanta,91.0,11.0,,,,,91.0,11.0
2026-09-13 00:00:00,Minneapolis,70.0,16.0,,,,,70.0,16.0
2026-09-13 00:00:00,Dallas,101.0,9.0,101.8,1.0,,,101.4,5.0
2026-09-13 00:00:00,San Antonio,100.0,11.0,101.4,16.0,,,100.7,13.5
2026-09-13 00:00:00,Houston,94.0,28.0,96.3,17.0,,,95.2,22.5
2026-09-13 00:00:00,Oklahoma City,101.0,3.0,101.9,23.0,,,101.5,13.0
2026-09-13 00:00:00,Newark,81.0,86.0,79.5,1.0,,,80.2,43.5
2026-09-13 00:00:00,Trenton,83.0,84.0,82.0,1.0,,,82.5,42.5
2026-09-13 01:00:00,New York City,79.0,90.0,79.3,1.0,,,79.2,45.5
2026-09-13 01:00:00,Chicago,73.0,33.0,87.4,3.0,,,80.2,18.0
2026-09-13 01:00:00,Austin,101.0,12.0,99.8,6.0,,,100.4,9.0
2026-09-13 01:00:00,Miami,88.0,59.0,89.1,31.0,,,88.5,45.0
2026-09-13 01:00:00,Denver,92.0,27.0,81.9,3.0,,,87.0,15.0
2026-09-13 01:00:00,Philadelphia,84.0,89.0,82.7,1.0,,,83.3,45.0
2026-09-13 01:00:00,Los Angeles,88.0,0.0,88.7,0.0,,,88.3,0.0
2026-09-13 01:00:00,Las Vegas,103.0,0.0,102.6,0.0,,,102.8,0.0
2026-09-13 01:00:00,New Orleans,91.0,21.0,85.6,31.0,,,88.3,26.0
2026-09-13 01:00:00,San Francisco,70.0,1.0,69.5,2.0,,,69.8,1.5
2026-09-13 01:00:00,Washington DC,87.0,91.0,81.2,16.0,,,84.1,53.5
2026-09-13 01:00:00,Seattle,70.0,15.0,,,,,70.0,15.0
2026-09-13 01:00:00,Boston,72.0,83.0,,,,,72.0,83.0
2026-09-13 01:00:00,Phoenix,102.0,2.0,,,,,102.0,2.0
2026-09-13 01:00:00,Atlanta,91.0,11.0,,,,,91.0,11.0
2026-09-13 01:00:00,Minneapolis,70.0,16.0,,,,,70.0,16.0
2026-09-13 01:00:00,Dallas,101.0,9.0,,,,,101.0,9.0
2026-09-13 01:00:00,San Antonio,100.0,11.0,,,,,100.0,11.0
2026-09-13 01:00:00,Houston,94.0,28.0,,,,,94.0,28.0
2026-09-13 01:00:00,Oklahoma City,101.0,3.0,,,,,101.0,3.0
2026-09-13 01:00:00,Newark,81.0,86.0,,,,,81.0,86.0
2026-09-13 01:00:00,Trenton,83.0,84.0,,,,,83.0,84.0
2026-09-13 02:00:00,New York City,79.0,90.0,79.3,1.0,,,79.2,45.5
2026-09-13 02:00:00,Chicago,73.0,33.0,87.4,4.0,,,80.2,18.5
2026-09-13 02:00:00,Austin,101.0,12.0,99.8,6.0,,,100.4,9.0
2026-09-13 02:00:00,Miami,88.0,59.0,89.1,31.0,,,88.5,45.0
2026-09-13 02:00:00,Denver,92.0,27.0,81.9,3.0,,,87.0,15.0
2026-09-13 02:00:00,Philadelphia,84.0,89.0,82.7,1.0,,,83.3,45.0
2026-09-13 02:00:00,Los Angeles,86.0,0.0,88.7,0.0,,,87.3,0.0
2026-09-13 02:00:00,Las Vegas,102.0,2.0,102.6,0.0,,,102.3,1.0
2026-09-13 02:00:00,New Orleans,91.0,21.0,,,,,91.0,21.0
2026-09-13 02:00:00,San Francisco,71.0,0.0,,,,,71.0,0.0
2026-09-13 02:00:00,Washington DC,87.0,91.0,,,,,87.0,91.0
2026-09-13 02:00:00,Seattle,65.0,93.0,64.8,25.0,,,64.9,59.0
2026-09-13 02:00:00,Boston,72.0,83.0,73.6,0.0,,,72.8,41.5
2026-09-13 02:00:00,Phoenix,101.0,7.0,102.7,15.0,,,101.8,11.0
2026-09-13 02:00:00,Atlanta,91.0,11.0,83.7,63.0,,,87.3,37.0
2026-09-13 02:00:00,Minneapolis,70.0,16.0,74.7,36.0,,,72.3,26.0
2026-09-13 02:00:00,Dallas,101.0,9.0,101.8,1.0,,,101.4,5.0
2026-09-13 02:00:00,San Antonio,100.0,11.0,101.4,16.0,,,100.7,13.5
2026-09-13 02:00:00,Houston,94.0,28.0,96.3,17.0,,,95.2,22.5
2026-09-13 02:00:00,Oklahoma City,101.0,3.0,,,,,101.0,3.0
2026-09-13 02:00:00,Newark,81.0,86.0,,,,,81.0,86.0
2026-09-13 02:00:00,Trenton,83.0,84.0,,,,,83.0,84.0
2026-09-13 03:00:00,New York City,79.0,90.0,79.3,1.0,,,79.2,45.5
2026-09-13 03:00:00,Chicago,73.0,33.0,87.4,4.0,,,80.2,18.5
2026-09-13 03:00:00,Austin,101.0,12.0,99.8,6.0,,,100.4,9.0
2026-09-13 03:00:00,Miami,88.0,59.0,89.1,31.0,,,88.5,45.0
2026-09-13 03:00:00,Denver,92.0,27.0,81.9,3.0,,,87.0,15.0
2026-09-13 03:00:00,Philadelphia,84.0,89.0,82.7,1.0,,,83.3,45.0
2026-09-13 03:00:00,Los Angeles,86.0,0.0,88.7,0.0,,,87.3,0.0
2026-09-13 03:00:00,Las Vegas,102.0,2.0,102.6,0.0,,,102.3,1.0
2026-09-13 03:00:00,New Orleans,91.0,21.0,85.6,31.0,,,88.3,26.0
2026-09-13 03:00:00,San Francisco,71.0,0.0,69.5,2.0,,,70.2,1.0
2026-09-13 03:00:00,Washington DC,87.0,91.0,,,,,87.0,91.0
2026-09-13 03:00:00,Seattle,65.0,93.0,,,,,65.0,93.0
2026-09-13 03:00:00,Boston,72.0,83.0,,,,,72.0,83.0
2026-09-13 03:00:00,Phoenix,101.0,7.0,,,,,101.0,7.0
2026-09-13 03:00:00,Atlanta,91.0,11.0,,,,,91.0,11.0
2026-09-13 03:00:00,Minneapolis,70.0,16.0,,,,,70.0,16.0
2026-09-13 03:00:00,Dallas,101.0,9.0,,,,,101.0,9.0
2026-09-13 03:00:00,San Antonio,100.0,11.0,,,,,100.0,11.0
2026-09-13 03:00:00,Houston,94.0,28.0,,,,,94.0,28.0
2026-09-13 03:00:00,Oklahoma City,101.0,3.0,,,,,101.0,3.0
2026-09-13 03:00:00,Newark,81.0,86.0,79.5,1.0,,,80.2,43.5
2026-09-13 03:00:00,Trenton,83.0,84.0,82.0,1.0,,,82.5,42.5
2026-09-13 04:00:00,New York City,79.0,90.0,77.4,77.0,,,78.2,83.5
2026-09-13 04:00:00,Chicago,73.0,33.0,87.4,4.0,,,80.2,18.5
2026-09-13 04:00:00,Austin,101.0,12.0,99.8,6.0,,,100.4,9.0
2026-09-13 04:00:00,Miami,88.0,59.0,88.7,31.0,,,88.3,45.0
2026-09-13 04:00:00,Denver,92.0,27.0,81.9,3.0,,,87.0,15.0
2026-09-13 04:00:00,Philadelphia,84.0,89.0,80.8,75.0,,,82.4,82.0
2026-09-13 04:00:00,Los Angeles,86.0,0.0,88.7,0.0,,,87.3,0.0
2026-09-13 04:00:00,Las Vegas,102.0,2.0,102.6,0.0,,,102.3,1.0
2026-09-13 04:00:00,New Orleans,91.0,21.0,85.6,31.0,,,88.3,26.0
2026-09-13 04:00:00,San Francisco,71.0,0.0,,,,,71.0,0.0
2026-09-13 04:00:00,Washington DC,87.0,91.0,,,,,87.0,91.0
2026-09-13 04:00:00,Seattle,65.0,93.0,,,,,65.0,93.0
2026-09-13 04:00:00,Boston,72.0,100.0,,,,,72.0,100.0
2026-09-13 04:00:00,Phoenix,101.0,7.0,,,,,101.0,7.0
2026-09-13 04:00:00,Atlanta,91.0,11.0,,,,,91.0,11.0
2026-09-13 04:00:00,Minneapolis,70.0,16.0,,,,,70.0,16.0
2026-09-13 04:00:00,Dallas,101.0,9.0,,,,,101.0,9.0
2026-09-13 04:00:00,San Antonio,100.0,11.0,,,,,100.0,11.0
2026-09-13 04:00:00,Houston,94.0,28.0,96.3,17.0,,,95.2,22.5
2026-09-13 04:00:00,Oklahoma City,101.0,3.0,101.9,33.0,,,101.5,18.0
2026-09-13 04:00:00,Newark,81.0,86.0,78.2,80.0,,,79.6,83.0
2026-09-13 04:00:00,Trenton,83.0,84.0,79.9,70.0,,,81.5,77.0
2026-09-13 05:00:00,New York City,79.0,90.0,77.3,77.0,,,78.2,83.5
2026-09-13 05:00:00,Chicago,73.0,33.0,70.7,24.0,,,71.8,28.5
2026-09-13 05:00:00,Austin,101.0,12.0,99.3,3.0,,,100.2,7.5
2026-09-13 05:00:00,Miami,88.0,59.0,88.4,31.0,,,88.2,45.0
2026-09-13 05:00:00,Denver,92.0,27.0,81.9,3.0,,,87.0,15.0
2026-09-13 05:00:00,Philadelphia,84.0,89.0,81.4,83.0,,,82.7,86.0
2026-09-13 05:00:00,Los Angeles,86.0,0.0,88.7,0.0,,,87.3,0.0
2026-09-13 05:00:00,Las Vegas,102.0,0.0,102.6,0.0,,,102.3,0.0
2026-09-13 05:00:00,New Orleans,91.0,21.0,92.2,10.0,,,91.6,15.5
2026-09-13 05:00:00,San Francisco,71.0,0.0,69.5,2.0,,,70.2,1.0
2026-09-13 05:00:00,Washington DC,87.0,91.0,,,,,87.0,91.0
2026-09-13 05:00:00,Seattle,65.0,93.0,,,,,65.0,93.0
2026-09-13 05:00:00,Boston,72.0,100.0,,,,,72.0,100.0
2026-09-13 05:00:00,Phoenix,101.0,7.0,,,,,101.0,7.0
2026-09-13 05:00:00,Atlanta,91.0,3.0,,,,,91.0,3.0
2026-09-13 05:00:00,Minneapolis,70.0,16.0,,,,,70.0,16.0
2026-09-13 05:00:00,Dallas,101.0,9.0,,,,,101.0,9.0
2026-09-13 05:00:00,San Antonio,100.0,11.0,,,,,100.0,11.0
2026-09-13 05:00:00,Houston,95.0,37.0,,,,,95.0,37.0
2026-09-13 05:00:00,Oklahoma City,101.0,3.0,,,,,101.0,3.0
2026-09-13 05:00:00,Newark,81.0,86.0,78.9,83.0,,,80.0,84.5
2026-09-13 05:00:00,Trenton,83.0,84.0,82.2,82.0,,,82.6,83.0
2026-09-13 06:00:00,New York City,79.0,90.0,76.9,79.0,,,78.0,84.5
2026-09-13 06:00:00,Chicago,72.0,40.0,70.2,24.0,,,71.1,32.0
2026-09-13 06:00:00,Austin,101.0,12.0,99.6,3.0,,,100.3,7.5
2026-09-13 06:00:00,Miami,88.0,59.0,88.4,26.0,,,88.2,42.5
2026-09-13 06:00:00,Denver,92.0,27.0,94.2,13.0,,,93.1,20.0
2026-09-13 06:00:00,Philadelphia,84.0,89.0,80.8,76.0,,,82.4,82.5
2026-09-13 06:00:00,Los Angeles,86.0,0.0,88.7,0.0,,,87.3,0.0
2026-09-13 06:00:00,Las Vegas,102.0,0.0,102.6,0.0,,,102.3,0.0
2026-09-13 06:00:00,New Orleans,91.0,14.0,91.9,10.0,,,91.5,12.0
2026-09-13 06:00:00,San Francisco,71.0,0.0,69.5,2.0,,,70.2,1.0
2026-09-13 06:00:00,Washington DC,87.0,91.0,86.8,35.0,,,86.9,63.0
2026-09-13 06:00:00,Seattle,65.0,93.0,,,,,65.0,93.0
2026-09-13 06:00:00,Boston,72.0,100.0,,,,,72.0,100.0
2026-09-13 06:00:00,Phoenix,101.0,7.0,,,,,101.0,7.0
2026-09-13 06:00:00,Atlanta,91.0,3.0,,,,,91.0,3.0
2026-09-13 06:00:00,Minneapolis,70.0,10.0,,,,,70.0,10.0
2026-09-13 06:00:00,Dallas,101.0,1.0,,,,,101.0,1.0
2026-09-13 06:00:00,San Antonio,100.0,5.0,,,,,100.0,5.0
2026-09-13 06:00:00,Houston,95.0,37.0,,,,,95.0,37.0
2026-09-13 06:00:00,Oklahoma City,101.0,3.0,,,,,101.0,3.0
2026-09-13 06:00:00,Newark,81.0,86.0,,,,,81.0,86.0
2026-09-13 06:00:00,Trenton,83.0,84.0,,,,,83.0,84.0
2026-09-13 07:00:00,New York City,79.0,89.0,78.4,79.0,,,78.7,84.0
2026-09-13 07:00:00,Chicago,72.0,40.0,70.8,24.0,,,71.4,32.0
2026-09-13 07:00:00,Austin,101.0,3.0,99.5,3.0,,,100.2,3.0
2026-09-13 07:00:00,Miami,89.0,67.0,89.0,26.0,,,89.0,46.5
2026-09-13 07:00:00,Denver,92.0,27.0,94.3,13.0,,,93.2,20.0
2026-09-13 07:00:00,Philadelphia,84.0,89.0,81.7,76.0,,,82.8,82.5
2026-09-13 07:00:00,Los Angeles,86.0,0.0,84.8,0.0,,,85.4,0.0
2026-09-13 07:00:00,Las Vegas,102.0,0.0,101.5,1.0,,,101.8,0.5
2026-09-13 07:00:00,New Orleans,91.0,14.0,,,,,91.0,14.0
2026-09-13 07:00:00,San Francisco,71.0,0.0,,,,,71.0,0.0
2026-09-13 07:00:00,Washington DC,87.0,91.0,,,,,87.0,91.0
2026-09-13 07:00:00,Seattle,65.0,95.0,,,,,65.0,95.0
2026-09-13 07:00:00,Boston,72.0,100.0,,,,,72.0,100.0
2026-09-13 07:00:00,Phoenix,102.0,8.0,,,,,102.0,8.0
2026-09-13 07:00:00,Atlanta,91.0,3.0,,,,,91.0,3.0
2026-09-13 07:00:00,Minneapolis,70.0,10.0,71.5,7.0,,,70.8,8.5
2026-09-13 07:00:00,Dallas,101.0,1.0,98.6,1.0,,,99.8,1.0
2026-09-13 07:00:00,San Antonio,100.0,5.0,98.8,3.0,,,99.4,4.0
2026-09-13 07:00:00,Houston,95.0,37.0,90.3,37.0,,,92.7,37.0
2026-09-13 07:00:00,Oklahoma City,100.0,4.0,100.1,4.0,,,100.0,4.0
2026-09-13 07:00:00,Newark,81.0,87.0,79.1,80.0,,,80.0,83.5
2026-09-13 07:00:00,Trenton,83.0,84.0,81.2,75.0,,,82.1,79.5
2026-09-13 08:00:00,New York City,79.0,89.0,77.6,73.0,,,78.3,81.0
2026-09-13 08:00:00,Chicago,72.0,40.0,70.6,22.0,,,71.3,31.0
2026-09-13 08:00:00,Austin,101.0,3.0,99.1,3.0,,,100.0,3.0
2026-09-13 08:00:00,Miami,89.0,67.0,89.3,27.0,,,89.2,47.0
2026-09-13 08:00:00,Denver,93.0,20.0,93.7,12.0,,,93.3,16.0
2026-09-13 08:00:00,Philadelphia,84.0,89.0,80.4,74.0,,,82.2,81.5
2026-09-13 08:00:00,Los Angeles,85.0,0.0,85.0,0.0,,,85.0,0.0
2026-09-13 08:00:00,Las Vegas,102.0,0.0,102.1,1.0,,,102.0,0.5
2026-09-13 08:00:00,New Orleans,91.0,14.0,92.3,9.0,,,91.7,11.5
2026-09-13 08:00:00,San Francisco,71.0,0.0,,,,,71.0,0.0
2026-09-13 08:00:00,Washington DC,87.0,91.0,,,,,87.0,91.0
2026-09-13 08:00:00,Seattle,65.0,95.0,,,,,65.0,95.0
2026-09-13 08:00:00,Boston,72.0,100.0,,,,,72.0,100.0
2026-09-13 08:00:00,Phoenix,102.0,8.0,,,,,102.0,8.0
2026-09-13 08:00:00,Atlanta,91.0,3.0,,,,,91.0,3.0
2026-09-13 08:00:00,Minneapolis,70.0,10.0,,,,,70.0,10.0
2026-09-13 08:00:00,Dallas,101.0,1.0,,,,,101.0,1.0
2026-09-13 08:00:00,San Antonio,100.0,5.0,99.0,3.0,,,99.5,4.0
2026-09-13 08:00:00,Houston,95.0,37.0,92.0,40.0,,,93.5,38.5
2026-09-13 08:00:00,Oklahoma City,100.0,4.0,100.0,4.0,,,100.0,4.0
2026-09-13 08:00:00,Newark,81.0,87.0,78.6,76.0,,,79.8,81.5
2026-09-13 08:00:00,Trenton,83.0,84.0,80.5,74.0,,,81.8,79.0
2026-09-13 09:00:00,New York City,79.0,89.0,76.1,77.0,,,77.5,83.0
2026-09-13 09:00:00,Chicago,72.0,40.0,71.2,37.0,,,71.6,38.5
2026-09-13 09:00:00,Austin,101.0,3.0,99.5,3.0,,,100.2,3.0
2026-09-13 09:00:00,Miami,89.0,67.0,87.8,33.0,,,88.4,50.0
2026-09-13 09:00:00,Denver,93.0,20.0,94.2,11.0,,,93.6,15.5
2026-09-13 09:00:00,Philadelphia,84.0,89.0,79.7,73.0,,,81.8,81.0
2026-09-13 09:00:00,Los Angeles,85.0,0.0,85.2,0.0,,,85.1,0.0
2026-09-13 09:00:00,Las Vegas,102.0,0.0,101.7,1.0,,,101.8,0.5
2026-09-13 09:00:00,New Orleans,91.0,14.0,,,,,91.0,14.0
2026-09-13 09:00:00,San Francisco,71.0,0.0,,,,,71.0,0.0
2026-09-13 09:00:00,Washington DC,87.0,91.0,,,,,87.0,91.0
2026-09-13 09:00:00,Seattle,65.0,95.0,,,,,65.0,95.0
2026-09-13 09:00:00,Boston,72.0,100.0,,,,,72.0,100.0
2026-09-13 09:00:00,Phoenix,102.0,8.0,,,,,102.0,8.0
2026-09-13 09:00:00,Atlanta,91.0,3.0,,,,,91.0,3.0
2026-09-13 09:00:00,Minneapolis,70.0,10.0,,,,,70.0,10.0
2026-09-13 09:00:00,Dallas,101.0,1.0,99.1,1.0,,,100.0,1.0
2026-09-13 09:00:00,San Antonio,100.0,5.0,99.1,4.0,,,99.5,4.5
2026-09-13 09:00:00,Houston,95.0,37.0,92.8,22.0,,,93.9,29.5
2026-09-13 09:00:00,Oklahoma City,100.0,28.0,99.9,4.0,,,100.0,16.0
2026-09-13 09:00:00,Newark,81.0,87.0,77.2,77.0,,,79.1,82.0
2026-09-13 09:00:00,Trenton,83.0,88.0,79.1,72.0,,,81.0,80.0
2026-09-13 10:00:00,New York City,79.0,89.0,75.8,80.0,,,77.4,84.5
2026-09-13 10:00:00,Chicago,72.0,40.0,70.7,29.0,,,71.3,34.5
2026-09-13 10:00:00,Austin,101.0,3.0,99.5,2.0,,,100.2,2.5
2026-09-13 10:00:00,Miami,89.0,67.0,89.4,30.0,,,89.2,48.5
2026-09-13 10:00:00,Denver,93.0,20.0,94.1,12.0,,,93.5,16.0
2026-09-13 10:00:00,Philadelphia,84.0,89.0,80.0,79.0,,,82.0,84.0
2026-09-13 10:00:00,Los Angeles,85.0,0.0,85.1,0.0,,,85.0,0.0
2026-09-13 10:00:00,Las Vegas,102.0,0.0,101.8,0.0,,,101.9,0.0
2026-09-13 10:00:00,New Orleans,91.0,14.0,92.6,8.0,,,91.8,11.0
2026-09-13 10:00:00,San Francisco,71.0,0.0,70.1,0.0,,,70.5,0.0
2026-09-13 10:00:00,Washington DC,87.0,91.0,89.0,39.0,,,88.0,65.0
2026-09-13 10:00:00,Seattle,65.0,95.0,61.8,100.0,,,63.4,97.5
2026-09-13 10:00:00,Boston,72.0,100.0,72.6,89.0,,,72.3,94.5
2026-09-13 10:00:00,Phoenix,102.0,8.0,,,,,102.0,8.0
2026-09-13 10:00:00,Atlanta,91.0,3.0,,,,,91.0,3.0
2026-09-13 10:00:00,Minneapolis,70.0,10.0,,,,,70.0,10.0
2026-09-13 10:00:00,Dallas,101.0,1.0,,,,,101.0,1.0
2026-09-13 10:00:00,San Antonio,100.0,5.0,,,,,100.0,5.0
2026-09-13 10:00:00,Houston,95.0,37.0,,,,,95.0,37.0
2026-09-13 10:00:00,Oklahoma City,100.0,21.0,,,,,100.0,21.0
2026-09-13 10:00:00,Newark,81.0,87.0,,,,,81.0,87.0
2026-09-13 10:00:00,Trenton,83.0,88.0,,,,,83.0,88.0
2026-09-13 11:00:00,New York City,79.0,89.0,77.6,89.0,,,78.3,89.0
2026-09-13 11:00:00,Chicago,72.0,40.0,70.6,31.0,,,71.3,35.5
2026-09-13 11:00:00,Austin,101.0,3.0,98.8,2.0,,,99.9,2.5
2026-09-13 11:00:00,Miami,89.0,67.0,88.7,33.0,,,88.8,50.0
2026-09-13 11:00:00,Denver,93.0,20.0,94.2,13.0,,,93.6,16.5
2026-09-13 11:00:00,Philadelphia,84.0,76.0,79.0,81.0,,,81.5,78.5
2026-09-13 11:00:00,Los Angeles,85.0,0.0,84.9,0.0,,,85.0,0.0
2026-09-13 11:00:00,Las Vegas,102.0,0.0,101.7,1.0,,,101.8,0.5
2026-09-13 11:00:00,New Orleans,91.0,14.0,92.2,7.0,,,91.6,10.5
2026-09-13 11:00:00,San Francisco,71.0,0.0,,,,,71.0,0.0
2026-09-13 11:00:00,Washington DC,87.0,91.0,,,,,87.0,91.0
2026-09-13 11:00:00,Seattle,65.0,95.0,,,,,65.0,95.0
2026-09-13 11:00:00,Boston,72.0,100.0,,,,,72.0,100.0
2026-09-13 11:00:00,Phoenix,102.0,8.0,,,,,102.0,8.0
2026-09-13 11:00:00,Atlanta,91.0,3.0,,,,,91.0,3.0
2026-09-13 11:00:00,Minneapolis,70.0,10.0,,,,,70.0,10.0
2026-09-13 11:00:00,Dallas,101.0,1.0,,,,,101.0,1.0
2026-09-13 11:00:00,San Antonio,100.0,5.0,,,,,100.0,5.0
2026-09-13 11:00:00,Houston,95.0,37.0,92.4,19.0,,,93.7,28.0
2026-09-13 11:00:00,Oklahoma City,100.0,21.0,99.3,7.0,,,99.7,14.0
2026-09-13 11:00:00,Newark,81.0,87.0,78.1,86.0,,,79.5,86.5
2026-09-13 11:00:00,Trenton,83.0,82.0,79.3,87.0,,,81.2,84.5
2026-09-13 12:00:00,New York City,79.0,89.0,78.0,94.0,,,78.5,91.5
2026-09-13 12:00:00,Chicago,72.0,40.0,70.9,35.0,,,71.5,37.5
2026-09-13 12:00:00,Austin,101.0,3.0,99.5,2.0,,,100.2,2.5
2026-09-13 12:00:00,Miami,89.0,67.0,87.9,32.0,,,88.5,49.5
2026-09-13 12:00:00,Denver,93.0,20.0,94.4,12.0,,,93.7,16.0
2026-09-13 12:00:00,Philadelphia,84.0,76.0,80.4,81.0,,,82.2,78.5
2026-09-13 12:00:00,Los Angeles,85.0,0.0,84.8,0.0,,,84.9,0.0
2026-09-13 12:00:00,Las Vegas,102.0,0.0,101.6,1.0,,,101.8,0.5
2026-09-13 12:00:00,New Orleans,91.0,14.0,92.2,7.0,,,91.6,10.5
2026-09-13 12:00:00,San Francisco,71.0,0.0,,,,,71.0,0.0
2026-09-13 12:00:00,Washington DC,87.0,16.0,,,,,87.0,16.0
2026-09-13 12:00:00,Seattle,65.0,95.0,,,,,65.0,95.0
2026-09-13 12:00:00,Boston,70.0,100.0,,,,,70.0,100.0
2026-09-13 12:00:00,Phoenix,102.0,8.0,,,,,102.0,8.0
2026-09-13 12:00:00,Atlanta,91.0,2.0,,,,,91.0,2.0
2026-09-13 12:00:00,Minneapolis,70.0,10.0,,,,,70.0,10.0
2026-09-13 12:00:00,Dallas,101.0,1.0,,,,,101.0,1.0
2026-09-13 12:00:00,San Antonio,100.0,5.0,99.3,10.0,,,99.7,7.5
2026-09-13 12:00:00,Houston,95.0,37.0,92.2,19.0,,,93.6,28.0
2026-09-13 12:00:00,Oklahoma City,100.0,15.0,99.3,7.0,,,99.7,11.0
2026-09-13 12:00:00,Newark,81.0,85.0,78.9,90.0,,,80.0,87.5
2026-09-13 12:00:00,Trenton,83.0,82.0,79.6,87.0,,,81.3,84.5
2026-09-13 13:00:00,New York City,79.0,89.0,78.0,94.0,,,78.5,91.5
2026-09-13 13:00:00,Chicago,72.0,40.0,71.8,35.0,,,71.9,37.5
2026-09-13 13:00:00,Austin,101.0,3.0,100.0,2.0,,,100.5,2.5
2026-09-13 13:00:00,Miami,89.0,67.0,88.5,32.0,,,88.8,49.5
2026-09-13 13:00:00,Denver,93.0,20.0,93.4,12.0,,,93.2,16.0
2026-09-13 13:00:00,Philadelphia,84.0,64.0,80.2,81.0,,,82.1,72.5
2026-09-13 13:00:00,Los Angeles,85.0,0.0,84.7,0.0,,,84.8,0.0
2026-09-13 13:00:00,Las Vegas,102.0,0.0,101.7,1.0,,,101.8,0.5
2026-09-13 13:00:00,New Orleans,91.0,14.0,92.3,7.0,,,91.7,10.5
2026-09-13 13:00:00,San Francisco,71.0,0.0,70.7,0.0,,,70.8,0.0
2026-09-13 13:00:00,Washington DC,87.0,16.0,88.7,43.0,,,87.8,29.5
2026-09-13 13:00:00,Seattle,65.0,95.0,,,,,65.0,95.0
2026-09-13 13:00:00,Boston,70.0,100.0,,,,,70.0,100.0
2026-09-13 13:00:00,Phoenix,102.0,8.0,,,,,102.0,8.0
2026-09-13 13:00:00,Atlanta,91.0,2.0,,,,,91.0,2.0
2026-09-13 13:00:00,Minneapolis,70.0,10.0,,,,,70.0,10.0
2026-09-13 13:00:00,Dallas,101.0,1.0,,,,,101.0,1.0
2026-09-13 13:00:00,San Antonio,100.0,5.0,,,,,100.0,5.0
2026-09-13 13:00:00,Houston,95.0,37.0,,,,,95.0,37.0
2026-09-13 13:00:00,Oklahoma City,100.0,15.0,,,,,100.0,15.0
2026-09-13 13:00:00,Newark,81.0,87.0,77.7,90.0,,,79.3,88.5
2026-09-13 13:00:00,Trenton,83.0,62.0,79.9,87.0,,,81.5,74.5
2026-09-13 14:00:00,New York City,79.0,89.0,77.0,86.0,,,78.0,87.5
2026-09-13 14:00:00,Chicago,72.0,40.0,71.3,39.0,,,71.7,39.5
2026-09-13 14:00:00,Austin,101.0,3.0,99.3,2.0,,,100.2,2.5
2026-09-13 14:00:00,Miami,89.0,67.0,87.3,37.0,,,88.2,52.0
2026-09-13 14:00:00,Denver,93.0,20.0,94.0,12.0,,,93.5,16.0
2026-09-13 14:00:00,Philadelphia,84.0,39.0,79.9,81.0,,,82.0,60.0
2026-09-13 14:00:00,Los Angeles,85.0,0.0,83.9,0.0,,,84.5,0.0
2026-09-13 14:00:00,Las Vegas,102.0,0.0,101.9,1.0,,,102.0,0.5
2026-09-13 14:00:00,New Orleans,91.0,14.0,91.9,7.0,,,91.5,10.5
2026-09-13 14:00:00,San Francisco,71.0,0.0,70.2,0.0,,,70.6,0.0
2026-09-13 14:00:00,Washington DC,87.0,20.0,88.9,43.0,,,88.0,31.5
2026-09-13 14:00:00,Seattle,65.0,95.0,63.3,99.0,,,64.2,97.0
2026-09-13 14:00:00,Boston,70.0,100.0,70.4,92.0,,,70.2,96.0
2026-09-13 14:00:00,Phoenix,102.0,8.0,103.9,8.0,,,103.0,8.0
2026-09-13 14:00:00,Atlanta,91.0,1.0,,,,,91.0,1.0
2026-09-13 14:00:00,Minneapolis,70.0,10.0,,,,,70.0,10.0
2026-09-13 14:00:00,Dallas,101.0,1.0,,,,,101.0,1.0
2026-09-13 14:00:00,San Antonio,100.0,13.0,,,,,100.0,13.0
2026-09-13 14:00:00,Houston,95.0,37.0,,,,,95.0,37.0
2026-09-13 14:00:00,Oklahoma City,100.0,15.0,,,,,100.0,15.0
2026-09-13 14:00:00,Newark,81.0,85.0,,,,,81.0,85.0
2026-09-13 14:00:00,Trenton,83.0,77.0,,,,,83.0,77.0
2026-09-13 15:00:00,New York City,79.0,89.0,75.7,86.0,,,77.3,87.5
2026-09-13 15:00:00,Chicago,72.0,40.0,71.6,44.0,,,71.8,42.0
2026-09-13 15:00:00,Austin,101.0,14.0,99.6,2.0,,,100.3,8.0
2026-09-13 15:00:00,Miami,89.0,67.0,86.7,43.0,,,87.8,55.0
2026-09-13 15:00:00,Denver,93.0,20.0,95.4,13.0,,,94.2,16.5
2026-09-13 15:00:00,Philadelphia,84.0,39.0,79.9,81.0,,,82.0,60.0
2026-09-13 15:00:00,Los Angeles,85.0,0.0,84.3,0.0,,,84.7,0.0
2026-09-13 15:00:00,Las Vegas,102.0,0.0,102.1,1.0,,,102.0,0.5
2026-09-13 15:00:00,New Orleans,91.0,14.0,91.5,7.0,,,91.2,10.5
2026-09-13 15:00:00,San Francisco,71.0,0.0,70.1,0.0,,,70.5,0.0
2026-09-13 15:00:00,Washington DC,87.0,20.0,86.9,43.0,,,87.0,31.5
2026-09-13 15:00:00,Seattle,65.0,95.0,,,,,65.0,95.0
2026-09-13 15:00:00,Boston,70.0,100.0,,,,,70.0,100.0
2026-09-13 15:00:00,Phoenix,102.0,8.0,,,,,102.0,8.0
2026-09-13 15:00:00,Atlanta,91.0,2.0,,,,,91.0,2.0
2026-09-13 15:00:00,Minneapolis,70.0,14.0,,,,,70.0,14.0
2026-09-13 15:00:00,Dallas,101.0,1.0,,,,,101.0,1.0
2026-09-13 15:00:00,San Antonio,100.0,13.0,,,,,100.0,13.0
2026-09-13 15:00:00,Houston,95.0,37.0,,,,,95.0,37.0
2026-09-13 15:00:00,Oklahoma City,100.0,15.0,,,,,100.0,15.0
2026-09-13 15:00:00,Newark,81.0,87.0,,,,,81.0,87.0
2026-09-13 15:00:00,Trenton,83.0,62.0,79.7,87.0,,,81.3,74.5
2026-09-13 16:00:00,New York City,79.0,89.0,76.7,86.0,,,77.8,87.5
2026-09-13 16:00:00,Chicago,72.0,40.0,71.5,43.0,,,71.8,41.5
2026-09-13 16:00:00,Austin,101.0,14.0,99.3,2.0,,,100.2,8.0
2026-09-13 16:00:00,Miami,89.0,67.0,88.0,40.0,,,88.5,53.5
2026-09-13 16:00:00,Denver,93.0,20.0,95.3,13.0,,,94.2,16.5
2026-09-13 16:00:00,Philadelphia,84.0,39.0,78.6,81.0,,,81.3,60.0
2026-09-13 16:00:00,Los Angeles,85.0,0.0,83.7,0.0,,,84.3,0.0
2026-09-13 16:00:00,Las Vegas,102.0,0.0,102.6,1.0,,,102.3,0.5
2026-09-13 16:00:00,New Orleans,91.0,14.0,92.2,7.0,,,91.6,10.5
2026-09-13 16:00:00,San Francisco,71.0,0.0,70.3,0.0,,,70.7,0.0
2026-09-13 16:00:00,Washington DC,87.0,20.0,87.4,43.0,,,87.2,31.5
2026-09-13 16:00:00,Seattle,65.0,95.0,61.2,99.0,,,63.1,97.0
2026-09-13 16:00:00,Boston,70.0,100.0,70.5,98.0,,,70.2,99.0
2026-09-13 16:00:00,Phoenix,102.0,8.0,,,,,102.0,8.0
2026-09-13 16:00:00,Atlanta,91.0,1.0,,,,,91.0,1.0
2026-09-13 16:00:00,Minneapolis,70.0,14.0,,,,,70.0,14.0
2026-09-13 16:00:00,Dallas,101.0,1.0,,,,,101.0,1.0
2026-09-13 16:00:00,San Antonio,100.0,13.0,,,,,100.0,13.0
2026-09-13 16:00:00,Houston,95.0,37.0,,,,,95.0,37.0
2026-09-13 16:00:00,Oklahoma City,100.0,5.0,,,,,100.0,5.0
2026-09-13 16:00:00,Newark,81.0,85.0,,,,,81.0,85.0
2026-09-13 16:00:00,Trenton,83.0,77.0,,,,,83.0,77.0
2026-09-13 17:00:00,New York City,79.0,88.0,76.9,86.0,,,78.0,87.0
2026-09-13 17:00:00,Chicago,70.0,52.0,70.6,43.0,,,70.3,47.5
2026-09-13 17:00:00,Austin,101.0,14.0,99.7,2.0,,,100.3,8.0
2026-09-13 17:00:00,Miami,89.0,67.0,87.6,40.0,,,88.3,53.5
2026-09-13 17:00:00,Denver,93.0,20.0,95.2,13.0,,,94.1,16.5
2026-09-13 17:00:00,Philadelphia,84.0,10.0,78.0,81.0,,,81.0,45.5
2026-09-13 17:00:00,Los Angeles,85.0,0.0,85.3,0.0,,,85.2,0.0
2026-09-13 17:00:00,Las Vegas,102.0,0.0,102.3,1.0,,,102.2,0.5
2026-09-13 17:00:00,New Orleans,91.0,14.0,,,,,91.0,14.0
2026-09-13 17:00:00,San Francisco,71.0,0.0,,,,,71.0,0.0
2026-09-13 17:00:00,Washington DC,87.0,21.0,,,,,87.0,21.0
2026-09-13 17:00:00,Seattle,65.0,87.0,,,,,65.0,87.0
2026-09-13 17:00:00,Boston,70.0,100.0,,,,,70.0,100.0
2026-09-13 17:00:00,Phoenix,102.0,8.0,,,,,102.0,8.0
2026-09-13 17:00:00,Atlanta,91.0,0.0,,,,,91.0,0.0
2026-09-13 17:00:00,Minneapolis,70.0,5.0,71.6,9.0,,,70.8,7.0
2026-09-13 17:00:00,Dallas,101.0,1.0,98.0,0.0,,,99.5,0.5
2026-09-13 17:00:00,San Antonio,100.0,13.0,100.0,7.0,,,100.0,10.0
2026-09-13 17:00:00,Houston,95.0,37.0,94.4,28.0,,,94.7,32.5
2026-09-13 17:00:00,Oklahoma City,100.0,5.0,98.1,7.0,,,99.0,6.0
2026-09-13 17:00:00,Newark,81.0,31.0,77.7,86.0,,,79.3,58.5
2026-09-13 17:00:00,Trenton,83.0,10.0,76.6,87.0,,,79.8,48.5
2026-09-13 18:00:00,New York City,79.0,5.0,75.9,86.0,,,77.5,45.5
2026-09-13 18:00:00,Chicago,70.0,60.0,70.6,27.0,,,70.3,43.5
2026-09-13 18:00:00,Austin,101.0,14.0,99.6,3.0,,,100.3,8.5
2026-09-13 18:00:00,Miami,89.0,67.0,89.0,39.0,,,89.0,53.0
2026-09-13 18:00:00,Denver,93.0,20.0,95.4,12.0,,,94.2,16.0
2026-09-13 18:00:00,Philadelphia,84.0,39.0,78.2,81.0,,,81.1,60.0
2026-09-13 18:00:00,Los Angeles,85.0,0.0,84.6,0.0,,,84.8,0.0
2026-09-13 18:00:00,Las Vegas,102.0,0.0,102.3,1.0,,,102.2,0.5
2026-09-13 18:00:00,New Orleans,91.0,14.0,92.3,7.0,,,91.7,10.5
2026-09-13 18:00:00,San Francisco,71.0,0.0,70.9,0.0,,,71.0,0.0
2026-09-13 18:00:00,Washington DC,87.0,26.0,85.4,43.0,,,86.2,34.5
2026-09-13 18:00:00,Seattle,65.0,51.0,60.9,99.0,,,63.0,75.0
2026-09-13 18:00:00,Boston,70.0,100.0,69.2,97.0,,,69.6,98.5
2026-09-13 18:00:00,Phoenix,102.0,6.0,,,,,102.0,6.0
2026-09-13 18:00:00,Atlanta,91.0,0.0,,,,,91.0,0.0
2026-09-13 18:00:00,Minneapolis,70.0,0.0,,,,,70.0,0.0
2026-09-13 18:00:00,Dallas,102.0,4.0,,,,,102.0,4.0
2026-09-13 18:00:00,San Antonio,100.0,13.0,,,,,100.0,13.0
2026-09-13 18:00:00,Houston,93.0,30.0,,,,,93.0,30.0
2026-09-13 18:00:00,Oklahoma City,100.0,5.0,,,,,100.0,5.0
2026-09-13 18:00:00,Newark,81.0,31.0,,,,,81.0,31.0
2026-09-13 18:00:00,Trenton,83.0,77.0,,,,,83.0,77.0
2026-09-13 19:00:00,New York City,79.0,11.0,76.2,86.0,,,77.6,48.5
2026-09-13 19:00:00,Chicago,70.0,60.0,70.6,27.0,,,70.3,43.5
2026-09-13 19:00:00,Austin,101.0,14.0,99.4,3.0,,,100.2,8.5
2026-09-13 19:00:00,Miami,89.0,55.0,90.4,39.0,,,89.7,47.0
2026-09-13 19:00:00,Denver,92.0,20.0,95.4,12.0,,,93.7,16.0
2026-09-13 19:00:00,Philadelphia,82.0,6.0,78.7,81.0,,,80.3,43.5
2026-09-13 19:00:00,Los Angeles,85.0,0.0,83.1,0.0,,,84.0,0.0
2026-09-13 19:00:00,Las Vegas,102.0,1.0,101.7,1.0,,,101.8,1.0
2026-09-13 19:00:00,New Orleans,91.0,9.0,92.2,7.0,,,91.6,8.0
2026-09-13 19:00:00,San Francisco,71.0,0.0,70.6,0.0,,,70.8,0.0
2026-09-13 19:00:00,Washington DC,87.0,26.0,87.1,43.0,,,87.0,34.5
2026-09-13 19:00:00,Seattle,65.0,49.0,60.9,99.0,,,63.0,74.0
2026-09-13 19:00:00,Boston,70.0,99.0,69.2,97.0,,,69.6,98.0
2026-09-13 19:00:00,Phoenix,102.0,11.0,103.5,8.0,,,102.8,9.5
2026-09-13 19:00:00,Atlanta,91.0,0.0,88.4,6.0,,,89.7,3.0
2026-09-13 19:00:00,Minneapolis,70.0,0.0,,,,,70.0,0.0
2026-09-13 19:00:00,Dallas,102.0,4.0,,,,,102.0,4.0
2026-09-13 19:00:00,San Antonio,100.0,14.0,,,,,100.0,14.0
2026-09-13 19:00:00,Houston,93.0,30.0,,,,,93.0,30.0
2026-09-13 19:00:00,Oklahoma City,100.0,2.0,,,,,100.0,2.0
2026-09-13 19:00:00,Newark,81.0,11.0,,,,,81.0,11.0
2026-09-13 19:00:00,Trenton,83.0,8.0,,,,,83.0,8.0
2026-09-13 20:00:00,New York City,79.0,11.0,76.2,86.0,,,77.6,48.5
2026-09-13 20:00:00,Chicago,70.0,60.0,70.6,28.0,,,70.3,44.0
2026-09-13 20:00:00,Austin,101.0,14.0,99.4,3.0,,,100.2,8.5
2026-09-13 20:00:00,Miami,89.0,55.0,90.4,35.0,,,89.7,45.0
2026-09-13 20:00:00,Denver,92.0,20.0,95.4,11.0,,,93.7,15.5
2026-09-13 20:00:00,Philadelphia,82.0,6.0,78.7,81.0,,,80.3,43.5
2026-09-13 20:00:00,Los Angeles,85.0,0.0,83.1,0.0,,,84.0,0.0
2026-09-13 20:00:00,Las Vegas,102.0,1.0,101.7,1.0,,,101.8,1.0
2026-09-13 20:00:00,New Orleans,91.0,9.0,92.2,8.0,,,91.6,8.5
2026-09-13 20:00:00,San Francisco,71.0,0.0,70.6,0.0,,,70.8,0.0
2026-09-13 20:00:00,Washington DC,87.0,26.0,87.1,43.0,,,87.0,34.5
2026-09-13 20:00:00,Seattle,65.0,49.0,60.9,99.0,,,63.0,74.0
2026-09-13 20:00:00,Boston,70.0,61.0,69.2,97.0,,,69.6,79.0
2026-09-13 20:00:00,Phoenix,102.0,11.0,103.5,8.0,,,102.8,9.5
2026-09-13 20:00:00,Atlanta,91.0,0.0,88.4,6.0,,,89.7,3.0
2026-09-13 20:00:00,Minneapolis,70.0,0.0,,,,,70.0,0.0
2026-09-13 20:00:00,Dallas,102.0,4.0,,,,,102.0,4.0
2026-09-13 20:00:00,San Antonio,100.0,14.0,,,,,100.0,14.0
2026-09-13 20:00:00,Houston,93.0,30.0,,,,,93.0,30.0
2026-09-13 20:00:00,Oklahoma City,100.0,2.0,,,,,100.0,2.0
2026-09-13 20:00:00,Newark,81.0,11.0,,,,,81.0,11.0
2026-09-13 20:00:00,Trenton,81.0,5.0,,,,,81.0,5.0
2026-09-13 21:00:00,New York City,79.0,11.0,77.4,86.0,,,78.2,48.5
2026-09-13 21:00:00,Chicago,71.0,60.0,70.6,34.0,,,70.8,47.0
2026-09-13 21:00:00,Austin,101.0,14.0,98.8,6.0,,,99.9,10.0
2026-09-13 21:00:00,Miami,89.0,55.0,90.3,41.0,,,89.7,48.0
2026-09-13 21:00:00,Denver,92.0,20.0,95.4,11.0,,,93.7,15.5
2026-09-13 21:00:00,Philadelphia,82.0,0.0,80.0,81.0,,,81.0,40.5
2026-09-13 21:00:00,Los Angeles,85.0,0.0,84.5,0.0,,,84.8,0.0
2026-09-13 21:00:00,Las Vegas,102.0,1.0,102.4,1.0,,,102.2,1.0
2026-09-13 21:00:00,New Orleans,91.0,9.0,90.1,8.0,,,90.5,8.5
2026-09-13 21:00:00,San Francisco,71.0,0.0,70.2,0.0,,,70.6,0.0
2026-09-13 21:00:00,Washington DC,87.0,26.0,87.3,43.0,,,87.2,34.5
2026-09-13 21:00:00,Seattle,65.0,30.0,60.9,99.0,,,63.0,64.5
2026-09-13 21:00:00,Boston,70.0,61.0,69.2,97.0,,,69.6,79.0
2026-09-13 21:00:00,Phoenix,102.0,11.0,102.7,8.0,,,102.3,9.5
2026-09-13 21:00:00,Atlanta,91.0,0.0,90.1,6.0,,,90.5,3.0
2026-09-13 21:00:00,Minneapolis,70.0,0.0,70.9,9.0,,,70.5,4.5
2026-09-13 21:00:00,Dallas,102.0,4.0,99.3,0.0,,,100.7,2.0
2026-09-13 21:00:00,San Antonio,100.0,14.0,100.0,9.0,,,100.0,11.5
2026-09-13 21:00:00,Houston,93.0,30.0,90.7,41.0,,,91.8,35.5
2026-09-13 21:00:00,Oklahoma City,100.0,2.0,99.3,7.0,,,99.7,4.5
2026-09-13 21:00:00,Newark,81.0,4.0,78.6,86.0,,,79.8,45.0
2026-09-13 21:00:00,Trenton,81.0,5.0,80.5,87.0,,,80.8,46.0
2026-09-13 22:00:00,New York City,79.0,4.0,78.0,86.0,,,78.5,45.0
2026-09-13 22:00:00,Chicago,71.0,56.0,70.6,34.0,,,70.8,45.0
2026-09-13 22:00:00,Austin,101.0,15.0,99.6,10.0,,,100.3,12.5
2026-09-13 22:00:00,Miami,89.0,27.0,90.3,41.0,,,89.7,34.0
2026-09-13 22:00:00,Denver,92.0,20.0,95.3,8.0,,,93.7,14.0
2026-09-13 22:00:00,Philadelphia,82.0,0.0,80.7,81.0,,,81.3,40.5
2026-09-13 22:00:00,Los Angeles,85.0,0.0,84.8,0.0,,,84.9,0.0
2026-09-13 22:00:00,Las Vegas,102.0,1.0,101.2,1.0,,,101.6,1.0
2026-09-13 22:00:00,New Orleans,91.0,7.0,89.9,8.0,,,90.5,7.5
2026-09-13 22:00:00,San Francisco,71.0,0.0,71.1,0.0,,,71.0,0.0
2026-09-13 22:00:00,Washington DC,87.0,26.0,88.0,43.0,,,87.5,34.5
2026-09-13 22:00:00,Seattle,65.0,16.0,,,,,65.0,16.0
2026-09-13 22:00:00,Boston,70.0,17.0,,,,,70.0,17.0
2026-09-13 22:00:00,Phoenix,102.0,11.0,,,,,102.0,11.0
2026-09-13 22:00:00,Atlanta,91.0,0.0,,,,,91.0,0.0
2026-09-13 22:00:00,Minneapolis,70.0,0.0,,,,,70.0,0.0
2026-09-13 22:00:00,Dallas,102.0,4.0,,,,,102.0,4.0
2026-09-13 22:00:00,San Antonio,100.0,15.0,,,,,100.0,15.0
2026-09-13 22:00:00,Houston,93.0,30.0,,,,,93.0,30.0
2026-09-13 22:00:00,Oklahoma City,100.0,0.0,,,,,100.0,0.0
2026-09-13 22:00:00,Newark,81.0,4.0,,,,,81.0,4.0
2026-09-13 22:00:00,Trenton,81.0,1.0,,,,,81.0,1.0
2026-09-13 23:00:00,New York City,75.0,15.0,79.7,86.0,,,77.3,50.5
2026-09-13 23:00:00,Chicago,71.0,29.0,70.6,34.0,,,70.8,31.5
2026-09-13 23:00:00,Austin,101.0,15.0,99.9,16.0,,,100.5,15.5
2026-09-13 23:00:00,Miami,89.0,27.0,90.3,41.0,,,89.7,34.0
2026-09-13 23:00:00,Denver,92.0,20.0,96.0,8.0,,,94.0,14.0
2026-09-13 23:00:00,Philadelphia,77.0,5.0,80.7,81.0,,,78.8,43.0
2026-09-13 23:00:00,Los Angeles,85.0,0.0,83.9,0.0,,,84.5,0.0
2026-09-13 23:00:00,Las Vegas,102.0,0.0,101.2,1.0,,,101.6,0.5
2026-09-13 23:00:00,New Orleans,92.0,18.0,90.9,5.0,,,91.5,11.5
2026-09-13 23:00:00,San Francisco,71.0,0.0,,,,,71.0,0.0
2026-09-13 23:00:00,Washington DC,80.0,0.0,,,,,80.0,0.0
2026-09-13 23:00:00,Seattle,65.0,35.0,,,,,65.0,35.0
2026-09-13 23:00:00,Boston,71.0,18.0,,,,,71.0,18.0
2026-09-13 23:00:00,Phoenix,102.0,11.0,,,,,102.0,11.0
2026-09-13 23:00:00,Atlanta,95.0,1.0,,,,,95.0,1.0
2026-09-13 23:00:00,Minneapolis,70.0,0.0,,,,,70.0,0.0
2026-09-13 23:00:00,Dallas,102.0,4.0,,,,,102.0,4.0
2026-09-13 23:00:00,San Antonio,100.0,15.0,,,,,100.0,15.0
2026-09-13 23:00:00,Houston,93.0,40.0,91.0,41.0,,,92.0,40.5
2026-09-13 23:00:00,Oklahoma City,100.0,0.0,100.2,7.0,,,100.1,3.5
2026-09-13 23:00:00,Newark,75.0,15.0,80.6,86.0,,,77.8,50.5
2026-09-13 23:00:00,Trenton,76.0,11.0,81.1,87.0,,,78.5,49.0
2026-09-14 00:00:00,New York City,75.0,15.0,79.7,86.0,,,77.3,50.5
2026-09-14 00:00:00,Chicago,73.0,10.0,70.6,34.0,,,71.8,22.0
2026-09-14 00:00:00,Austin,101.0,12.0,99.8,12.0,,,100.4,12.0
2026-09-14 00:00:00,Miami,89.0,27.0,90.3,41.0,,,89.7,34.0
2026-09-14 00:00:00,Denver,92.0,20.0,96.6,7.0,,,94.3,13.5
2026-09-14 00:00:00,Philadelphia,77.0,5.0,80.7,81.0,,,78.8,43.0
2026-09-14 00:00:00,Los Angeles,85.0,0.0,84.7,0.0,,,84.8,0.0
2026-09-14 00:00:00,Las Vegas,102.0,1.0,101.3,1.0,,,101.7,1.0
2026-09-14 00:00:00,New Orleans,92.0,18.0,90.9,5.0,,,91.5,11.5
2026-09-14 00:00:00,San Francisco,71.0,0.0,,,,,71.0,0.0
2026-09-14 00:00:00,Washington DC,80.0,0.0,,,,,80.0,0.0
2026-09-14 00:00:00,Seattle,65.0,35.0,,,,,65.0,35.0
2026-09-14 00:00:00,Boston,71.0,18.0,,,,,71.0,18.0
2026-09-14 00:00:00,Phoenix,102.0,11.0,,,,,102.0,11.0
2026-09-14 00:00:00,Atlanta,95.0,1.0,,,,,95.0,1.0
2026-09-14 00:00:00,Minneapolis,64.0,100.0,,,,,64.0,100.0
2026-09-14 00:00:00,Dallas,102.0,7.0,,,,,102.0,7.0
2026-09-14 00:00:00,San Antonio,99.0,12.0,102.5,8.0,,,100.8,10.0
2026-09-14 00:00:00,Houston,93.0,40.0,91.0,41.0,,,92.0,40.5
2026-09-14 00:00:00,Oklahoma City,99.0,6.0,100.2,7.0,,,99.6,6.5
2026-09-14 00:00:00,Newark,75.0,15.0,80.6,86.0,,,77.8,50.5
2026-09-14 00:00:00,Trenton,76.0,11.0,81.1,87.0,,,78.5,49.0
2026-09-14 01:00:00,New York City,75.0,15.0,79.7,86.0,,,77.3,50.5
2026-09-14 01:00:00,Chicago,73.0,10.0,70.6,34.0,,,71.8,22.0
2026-09-14 01:00:00,Austin,101.0,12.0,99.8,12.0,,,100.4,12.0
2026-09-14 01:00:00,Miami,89.0,27.0,90.3,41.0,,,89.7,34.0
2026-09-14 01:00:00,Denver,88.0,24.0,96.6,7.0,,,92.3,15.5
2026-09-14 01:00:00,Philadelphia,77.0,5.0,80.7,81.0,,,78.8,43.0
2026-09-14 01:00:00,Los Angeles,85.0,0.0,84.7,0.0,,,84.8,0.0
2026-09-14 01:00:00,Las Vegas,102.0,1.0,102.1,1.0,,,102.0,1.0
2026-09-14 01:00:00,New Orleans,92.0,18.0,91.1,5.0,,,91.5,11.5
2026-09-14 01:00:00,San Francisco,71.0,0.0,71.9,0.0,,,71.5,0.0
2026-09-14 01:00:00,Washington DC,80.0,0.0,87.7,43.0,,,83.8,21.5
2026-09-14 01:00:00,Seattle,65.0,49.0,59.6,99.0,,,62.3,74.0
2026-09-14 01:00:00,Boston,71.0,18.0,69.2,97.0,,,70.1,57.5
2026-09-14 01:00:00,Phoenix,102.0,11.0,102.7,8.0,,,102.3,9.5
2026-09-14 01:00:00,Atlanta,95.0,1.0,91.0,6.0,,,93.0,3.5
2026-09-14 01:00:00,Minneapolis,64.0,100.0,71.6,9.0,,,67.8,54.5
2026-09-14 01:00:00,Dallas,102.0,7.0,100.9,0.0,,,101.5,3.5
2026-09-14 01:00:00,San Antonio,99.0,12.0,102.5,8.0,,,100.8,10.0
2026-09-14 01:00:00,Houston,93.0,40.0,91.0,41.0,,,92.0,40.5
2026-09-14 01:00:00,Oklahoma City,99.0,6.0,100.2,7.0,,,99.6,6.5
2026-09-14 01:00:00,Newark,75.0,15.0,80.6,86.0,,,77.8,50.5
2026-09-14 01:00:00,Trenton,76.0,11.0,81.1,87.0,,,78.5,49.0
2026-09-14 02:00:00,New York City,75.0,15.0,79.7,86.0,,,77.3,50.5
2026-09-14 02:00:00,Chicago,73.0,10.0,70.6,34.0,,,71.8,22.0
2026-09-14 02:00:00,Austin,101.0,12.0,99.8,12.0,,,100.4,12.0
2026-09-14 02:00:00,Miami,89.0,27.0,90.3,41.0,,,89.7,34.0
2026-09-14 02:00:00,Denver,88.0,24.0,96.6,5.0,,,92.3,14.5
2026-09-14 02:00:00,Philadelphia,77.0,5.0,80.7,81.0,,,78.8,43.0
2026-09-14 02:00:00,Los Angeles,85.0,1.0,84.7,0.0,,,84.8,0.5
2026-09-14 02:00:00,Las Vegas,100.0,0.0,102.1,1.0,,,101.0,0.5
2026-09-14 02:00:00,New Orleans,92.0,18.0,91.1,5.0,,,91.5,11.5
2026-09-14 02:00:00,San Francisco,73.0,0.0,71.9,0.0,,,72.5,0.0
2026-09-14 02:00:00,Washington DC,80.0,0.0,87.7,43.0,,,83.8,21.5
2026-09-14 02:00:00,Seattle,68.0,4.0,59.6,99.0,,,63.8,51.5
2026-09-14 02:00:00,Boston,71.0,18.0,69.2,97.0,,,70.1,57.5
2026-09-14 02:00:00,Phoenix,102.0,24.0,,,,,102.0,24.0
2026-09-14 02:00:00,Atlanta,95.0,1.0,,,,,95.0,1.0
2026-09-14 02:00:00,Minneapolis,64.0,100.0,,,,,64.0,100.0
2026-09-14 02:00:00,Dallas,102.0,7.0,,,,,102.0,7.0
2026-09-14 02:00:00,San Antonio,99.0,12.0,,,,,99.0,12.0
2026-09-14 02:00:00,Houston,93.0,40.0,,,,,93.0,40.0
2026-09-14 02:00:00,Oklahoma City,99.0,6.0,,,,,99.0,6.0
2026-09-14 02:00:00,Newark,75.0,15.0,,,,,75.0,15.0
2026-09-14 02:00:00,Trenton,76.0,11.0,,,,,76.0,11.0
2026-09-14 03:00:00,New York City,75.0,15.0,79.7,86.0,,,77.3,50.5
2026-09-14 03:00:00,Chicago,73.0,10.0,70.6,34.0,,,71.8,22.0
2026-09-14 03:00:00,Austin,101.0,12.0,99.8,12.0,,,100.4,12.0
2026-09-14 03:00:00,Miami,89.0,27.0,90.3,41.0,,,89.7,34.0
2026-09-14 03:00:00,Denver,88.0,24.0,96.6,5.0,,,92.3,14.5
2026-09-14 03:00:00,Philadelphia,77.0,5.0,80.7,81.0,,,78.8,43.0
2026-09-14 03:00:00,Los Angeles,85.0,1.0,84.7,0.0,,,84.8,0.5
2026-09-14 03:00:00,Las Vegas,100.0,0.0,102.1,1.0,,,101.0,0.5
2026-09-14 03:00:00,New Orleans,92.0,18.0,91.1,5.0,,,91.5,11.5
2026-09-14 03:00:00,San Francisco,73.0,0.0,,,,,73.0,0.0
2026-09-14 03:00:00,Washington DC,80.0,0.0,,,,,80.0,0.0
2026-09-14 03:00:00,Seattle,68.0,4.0,,,,,68.0,4.0
2026-09-14 03:00:00,Boston,77.0,40.0,,,,,77.0,40.0
2026-09-14 03:00:00,Phoenix,102.0,24.0,,,,,102.0,24.0
2026-09-14 03:00:00,Atlanta,95.0,1.0,,,,,95.0,1.0
2026-09-14 03:00:00,Minneapolis,64.0,100.0,,,,,64.0,100.0
2026-09-14 03:00:00,Dallas,102.0,7.0,,,,,102.0,7.0
2026-09-14 03:00:00,San Antonio,99.0,12.0,102.5,5.0,,,100.8,8.5
2026-09-14 03:00:00,Houston,93.0,40.0,91.0,41.0,,,92.0,40.5
2026-09-14 03:00:00,Oklahoma City,99.0,6.0,100.2,7.0,,,99.6,6.5
2026-09-14 03:00:00,Newark,75.0,15.0,80.6,86.0,,,77.8,50.5
2026-09-14 03:00:00,Trenton,76.0,11.0,81.1,87.0,,,78.5,49.0
2026-09-14 04:00:00,New York City,75.0,15.0,72.8,5.0,,,73.9,10.0
2026-09-14 04:00:00,Chicago,73.0,10.0,70.6,34.0,,,71.8,22.0
2026-09-14 04:00:00,Austin,101.0,12.0,99.8,12.0,,,100.4,12.0
2026-09-14 04:00:00,Miami,89.0,27.0,85.4,16.0,,,87.2,21.5
2026-09-14 04:00:00,Denver,88.0,24.0,96.6,9.0,,,92.3,16.5
2026-09-14 04:00:00,Philadelphia,77.0,5.0,74.7,5.0,,,75.8,5.0
2026-09-14 04:00:00,Los Angeles,85.0,1.0,84.7,0.0,,,84.8,0.5
2026-09-14 04:00:00,Las Vegas,100.0,0.0,102.1,1.0,,,101.0,0.5
2026-09-14 04:00:00,New Orleans,92.0,18.0,91.1,5.0,,,91.5,11.5
2026-09-14 04:00:00,San Francisco,73.0,0.0,71.9,0.0,,,72.5,0.0
2026-09-14 04:00:00,Washington DC,80.0,0.0,80.6,6.0,,,80.3,3.0
2026-09-14 04:00:00,Seattle,68.0,4.0,59.8,99.0,,,63.9,51.5
2026-09-14 04:00:00,Boston,77.0,40.0,67.8,29.0,,,72.4,34.5
2026-09-14 04:00:00,Phoenix,102.0,24.0,,,,,102.0,24.0
2026-09-14 04:00:00,Atlanta,95.0,1.0,,,,,95.0,1.0
2026-09-14 04:00:00,Minneapolis,64.0,100.0,,,,,64.0,100.0
2026-09-14 04:00:00,Dallas,102.0,7.0,,,,,102.0,7.0
2026-09-14 04:00:00,San Antonio,99.0,12.0,,,,,99.0,12.0
2026-09-14 04:00:00,Houston,93.0,40.0,,,,,93.0,40.0
2026-09-14 04:00:00,Oklahoma City,99.0,6.0,,,,,99.0,6.0
2026-09-14 04:00:00,Newark,75.0,15.0,,,,,75.0,15.0
2026-09-14 04:00:00,Trenton,76.0,11.0,,,,,76.0,11.0
2026-09-14 05:00:00,New York City,75.0,15.0,72.9,5.0,,,74.0,10.0
2026-09-14 05:00:00,Chicago,73.0,10.0,71.6,4.0,,,72.3,7.0
2026-09-14 05:00:00,Austin,101.0,12.0,98.9,3.0,,,100.0,7.5
2026-09-14 05:00:00,Miami,89.0,27.0,85.0,16.0,,,87.0,21.5
2026-09-14 05:00:00,Denver,88.0,24.0,96.6,9.0,,,92.3,16.5
2026-09-14 05:00:00,Philadelphia,77.0,5.0,74.6,5.0,,,75.8,5.0
2026-09-14 05:00:00,Los Angeles,85.0,1.0,84.7,0.0,,,84.8,0.5
2026-09-14 05:00:00,Las Vegas,100.0,0.0,102.1,1.0,,,101.0,0.5
2026-09-14 05:00:00,New Orleans,92.0,18.0,94.0,15.0,,,93.0,16.5
2026-09-14 05:00:00,San Francisco,73.0,0.0,71.9,0.0,,,72.5,0.0
2026-09-14 05:00:00,Washington DC,80.0,0.0,80.7,6.0,,,80.3,3.0
2026-09-14 05:00:00,Seattle,68.0,4.0,59.8,99.0,,,63.9,51.5
2026-09-14 05:00:00,Boston,77.0,40.0,67.9,29.0,,,72.5,34.5
2026-09-14 05:00:00,Phoenix,101.0,32.0,103.1,8.0,,,102.0,20.0
2026-09-14 05:00:00,Atlanta,95.0,1.0,91.7,3.0,,,93.3,2.0
2026-09-14 05:00:00,Minneapolis,64.0,100.0,62.3,65.0,,,63.1,82.5
2026-09-14 05:00:00,Dallas,102.0,7.0,97.9,2.0,,,100.0,4.5
2026-09-14 05:00:00,San Antonio,99.0,12.0,,,,,99.0,12.0
2026-09-14 05:00:00,Houston,93.0,41.0,,,,,93.0,41.0
2026-09-14 05:00:00,Oklahoma City,99.0,6.0,,,,,99.0,6.0
2026-09-14 05:00:00,Newark,75.0,15.0,,,,,75.0,15.0
2026-09-14 05:00:00,Trenton,76.0,11.0,,,,,76.0,11.0
2026-09-14 06:00:00,New York City,75.0,15.0,73.2,3.0,,,74.1,9.0
2026-09-14 06:00:00,Chicago,73.0,10.0,71.5,4.0,,,72.2,7.0
2026-09-14 06:00:00,Austin,101.0,10.0,98.9,5.0,,,100.0,7.5
2026-09-14 06:00:00,Miami,89.0,27.0,85.5,14.0,,,87.2,20.5
2026-09-14 06:00:00,Denver,88.0,24.0,87.7,7.0,,,87.8,15.5
2026-09-14 06:00:00,Philadelphia,77.0,5.0,75.0,6.0,,,76.0,5.5
2026-09-14 06:00:00,Los Angeles,85.0,1.0,84.7,0.0,,,84.8,0.5
2026-09-14 06:00:00,Las Vegas,100.0,0.0,102.1,1.0,,,101.0,0.5
2026-09-14 06:00:00,New Orleans,92.0,18.0,93.2,17.0,,,92.6,17.5
2026-09-14 06:00:00,San Francisco,73.0,0.0,,,,,73.0,0.0
2026-09-14 06:00:00,Washington DC,80.0,0.0,,,,,80.0,0.0
2026-09-14 06:00:00,Seattle,68.0,4.0,,,,,68.0,4.0
2026-09-14 06:00:00,Boston,77.0,40.0,,,,,77.0,40.0
2026-09-14 06:00:00,Phoenix,101.0,32.0,,,,,101.0,32.0
2026-09-14 06:00:00,Atlanta,95.0,1.0,,,,,95.0,1.0
2026-09-14 06:00:00,Minneapolis,64.0,100.0,,,,,64.0,100.0
2026-09-14 06:00:00,Dallas,102.0,7.0,,,,,102.0,7.0
2026-09-14 06:00:00,San Antonio,99.0,10.0,,,,,99.0,10.0
2026-09-14 06:00:00,Houston,93.0,41.0,94.1,25.0,,,93.5,33.0
2026-09-14 06:00:00,Oklahoma City,99.0,6.0,98.2,1.0,,,98.6,3.5
2026-09-14 06:00:00,Newark,75.0,15.0,72.6,2.0,,,73.8,8.5
2026-09-14 06:00:00,Trenton,76.0,11.0,71.7,6.0,,,73.8,8.5
2026-09-14 07:00:00,New York City,76.0,6.0,73.5,3.0,,,74.8,4.5
2026-09-14 07:00:00,Chicago,72.0,7.0,72.5,4.0,,,72.2,5.5
2026-09-14 07:00:00,Austin,101.0,10.0,98.9,5.0,,,100.0,7.5
2026-09-14 07:00:00,Miami,88.0,29.0,85.6,14.0,,,86.8,21.5
2026-09-14 07:00:00,Denver,88.0,24.0,87.7,7.0,,,87.8,15.5
2026-09-14 07:00:00,Philadelphia,77.0,5.0,75.2,6.0,,,76.1,5.5
2026-09-14 07:00:00,Los Angeles,84.0,1.0,87.2,0.0,,,85.6,0.5
2026-09-14 07:00:00,Las Vegas,100.0,0.0,101.5,0.0,,,100.8,0.0
2026-09-14 07:00:00,New Orleans,92.0,18.0,93.4,17.0,,,92.7,17.5
2026-09-14 07:00:00,San Francisco,73.0,0.0,75.8,1.0,,,74.4,0.5
2026-09-14 07:00:00,Washington DC,80.0,0.0,81.6,7.0,,,80.8,3.5
2026-09-14 07:00:00,Seattle,68.0,3.0,64.8,3.0,,,66.4,3.0
2026-09-14 07:00:00,Boston,77.0,40.0,68.6,16.0,,,72.8,28.0
2026-09-14 07:00:00,Phoenix,101.0,32.0,99.4,14.0,,,100.2,23.0
2026-09-14 07:00:00,Atlanta,95.0,1.0,,,,,95.0,1.0
2026-09-14 07:00:00,Minneapolis,64.0,100.0,,,,,64.0,100.0
2026-09-14 07:00:00,Dallas,100.0,1.0,,,,,100.0,1.0
2026-09-14 07:00:00,San Antonio,99.0,10.0,,,,,99.0,10.0
2026-09-14 07:00:00,Houston,93.0,41.0,,,,,93.0,41.0
2026-09-14 07:00:00,Oklahoma City,99.0,1.0,,,,,99.0,1.0
2026-09-14 07:00:00,Newark,77.0,6.0,,,,,77.0,6.0
2026-09-14 07:00:00,Trenton,76.0,11.0,,,,,76.0,11.0
2026-09-14 08:00:00,New York City,76.0,6.0,73.5,3.0,,,74.8,4.5
2026-09-14 08:00:00,Chicago,72.0,7.0,71.8,3.0,,,71.9,5.0
2026-09-14 08:00:00,Austin,101.0,10.0,98.9,5.0,,,100.0,7.5
2026-09-14 08:00:00,Miami,88.0,29.0,85.6,12.0,,,86.8,20.5
2026-09-14 08:00:00,Denver,90.0,20.0,86.8,7.0,,,88.4,13.5
2026-09-14 08:00:00,Philadelphia,77.0,5.0,75.2,8.0,,,76.1,6.5
2026-09-14 08:00:00,Los Angeles,84.0,1.0,86.6,0.0,,,85.3,0.5
2026-09-14 08:00:00,Las Vegas,100.0,0.0,101.5,0.0,,,100.8,0.0
2026-09-14 08:00:00,New Orleans,92.0,18.0,93.7,18.0,,,92.8,18.0
2026-09-14 08:00:00,San Francisco,73.0,0.0,75.5,1.0,,,74.2,0.5
2026-09-14 08:00:00,Washington DC,81.0,1.0,81.4,7.0,,,81.2,4.0
2026-09-14 08:00:00,Seattle,68.0,3.0,65.2,3.0,,,66.6,3.0
2026-09-14 08:00:00,Boston,77.0,23.0,68.3,15.0,,,72.7,19.0
2026-09-14 08:00:00,Phoenix,101.0,25.0,101.5,18.0,,,101.2,21.5
2026-09-14 08:00:00,Atlanta,95.0,1.0,91.0,1.0,,,93.0,1.0
2026-09-14 08:00:00,Minneapolis,64.0,100.0,60.7,72.0,,,62.4,86.0
2026-09-14 08:00:00,Dallas,100.0,1.0,97.8,3.0,,,98.9,2.0
2026-09-14 08:00:00,San Antonio,99.0,10.0,99.2,3.0,,,99.1,6.5
2026-09-14 08:00:00,Houston,93.0,41.0,94.1,24.0,,,93.5,32.5
2026-09-14 08:00:00,Oklahoma City,99.0,1.0,98.2,1.0,,,98.6,1.0
2026-09-14 08:00:00,Newark,77.0,6.0,72.9,2.0,,,75.0,4.0
2026-09-14 08:00:00,Trenton,76.0,11.0,71.7,8.0,,,73.8,9.5
2026-09-14 09:00:00,New York City,76.0,6.0,73.5,2.0,,,74.8,4.0
2026-09-14 09:00:00,Chicago,72.0,7.0,71.8,2.0,,,71.9,4.5
2026-09-14 09:00:00,Austin,101.0,10.0,98.8,5.0,,,99.9,7.5
2026-09-14 09:00:00,Miami,88.0,29.0,85.6,12.0,,,86.8,20.5
2026-09-14 09:00:00,Denver,90.0,20.0,86.7,7.0,,,88.3,13.5
2026-09-14 09:00:00,Philadelphia,76.0,2.0,75.3,5.0,,,75.7,3.5
2026-09-14 09:00:00,Los Angeles,84.0,1.0,86.4,0.0,,,85.2,0.5
2026-09-14 09:00:00,Las Vegas,100.0,0.0,101.2,0.0,,,100.6,0.0
2026-09-14 09:00:00,New Orleans,92.0,18.0,93.1,18.0,,,92.5,18.0
2026-09-14 09:00:00,San Francisco,73.0,0.0,76.0,1.0,,,74.5,0.5
2026-09-14 09:00:00,Washington DC,81.0,1.0,81.1,7.0,,,81.0,4.0
2026-09-14 09:00:00,Seattle,68.0,3.0,64.8,3.0,,,66.4,3.0
2026-09-14 09:00:00,Boston,77.0,23.0,,,,,77.0,23.0
2026-09-14 09:00:00,Phoenix,101.0,25.0,,,,,101.0,25.0
2026-09-14 09:00:00,Atlanta,95.0,1.0,,,,,95.0,1.0
2026-09-14 09:00:00,Minneapolis,64.0,100.0,,,,,64.0,100.0
2026-09-14 09:00:00,Dallas,100.0,1.0,,,,,100.0,1.0
2026-09-14 09:00:00,San Antonio,99.0,10.0,,,,,99.0,10.0
2026-09-14 09:00:00,Houston,93.0,41.0,,,,,93.0,41.0
2026-09-14 09:00:00,Oklahoma City,99.0,1.0,,,,,99.0,1.0
2026-09-14 09:00:00,Newark,77.0,6.0,72.9,1.0,,,75.0,3.5
2026-09-14 09:00:00,Trenton,75.0,4.0,72.0,6.0,,,73.5,5.0
2026-09-14 10:00:00,New York City,76.0,6.0,73.9,2.0,,,75.0,4.0
2026-09-14 10:00:00,Chicago,72.0,7.0,71.9,2.0,,,72.0,4.5
2026-09-14 10:00:00,Austin,101.0,10.0,98.6,4.0,,,99.8,7.0
2026-09-14 10:00:00,Miami,88.0,29.0,85.5,10.0,,,86.8,19.5
2026-09-14 10:00:00,Denver,90.0,20.0,86.4,7.0,,,88.2,13.5
2026-09-14 10:00:00,Philadelphia,76.0,2.0,75.7,4.0,,,75.8,3.0
2026-09-14 10:00:00,Los Angeles,84.0,1.0,86.9,0.0,,,85.5,0.5
2026-09-14 10:00:00,Las Vegas,100.0,0.0,101.1,0.0,,,100.5,0.0
2026-09-14 10:00:00,New Orleans,92.0,18.0,93.9,19.0,,,93.0,18.5
2026-09-14 10:00:00,San Francisco,73.0,0.0,,,,,73.0,0.0
2026-09-14 10:00:00,Washington DC,81.0,1.0,,,,,81.0,1.0
2026-09-14 10:00:00,Seattle,68.0,3.0,,,,,68.0,3.0
2026-09-14 10:00:00,Boston,77.0,23.0,,,,,77.0,23.0
2026-09-14 10:00:00,Phoenix,101.0,25.0,,,,,101.0,25.0
2026-09-14 10:00:00,Atlanta,95.0,1.0,,,,,95.0,1.0
2026-09-14 10:00:00,Minneapolis,64.0,100.0,,,,,64.0,100.0
2026-09-14 10:00:00,Dallas,100.0,1.0,,,,,100.0,1.0
2026-09-14 10:00:00,San Antonio,99.0,10.0,,,,,99.0,10.0
2026-09-14 10:00:00,Houston,93.0,41.0,94.9,19.0,,,94.0,30.0
2026-09-14 10:00:00,Oklahoma City,99.0,1.0,97.7,1.0,,,98.3,1.0
2026-09-14 10:00:00,Newark,77.0,6.0,72.9,1.0,,,75.0,3.5
2026-09-14 10:00:00,Trenton,75.0,4.0,72.3,4.0,,,73.7,4.0
2026-09-14 11:00:00,New York City,76.0,6.0,73.8,2.0,,,74.9,4.0
2026-09-14 11:00:00,Chicago,72.0,7.0,72.7,3.0,,,72.3,5.0
2026-09-14 11:00:00,Austin,101.0,10.0,98.2,2.0,,,99.6,6.0
2026-09-14 11:00:00,Miami,88.0,29.0,86.0,10.0,,,87.0,19.5
2026-09-14 11:00:00,Denver,90.0,20.0,86.2,8.0,,,88.1,14.0
2026-09-14 11:00:00,Philadelphia,76.0,2.0,76.0,5.0,,,76.0,3.5
2026-09-14 11:00:00,Los Angeles,84.0,1.0,85.9,0.0,,,85.0,0.5
2026-09-14 11:00:00,Las Vegas,100.0,0.0,101.1,0.0,,,100.5,0.0
2026-09-14 11:00:00,New Orleans,92.0,18.0,93.8,14.0,,,92.9,16.0
2026-09-14 11:00:00,San Francisco,73.0,0.0,76.7,1.0,,,74.8,0.5
2026-09-14 11:00:00,Washington DC,81.0,1.0,81.6,7.0,,,81.3,4.0
2026-09-14 11:00:00,Seattle,68.0,3.0,65.0,3.0,,,66.5,3.0
2026-09-14 11:00:00,Boston,77.0,23.0,,,,,77.0,23.0
2026-09-14 11:00:00,Phoenix,101.0,25.0,,,,,101.0,25.0
2026-09-14 11:00:00,Atlanta,95.0,1.0,,,,,95.0,1.0
2026-09-14 11:00:00,Minneapolis,64.0,100.0,,,,,64.0,100.0
2026-09-14 11:00:00,Dallas,100.0,1.0,,,,,100.0,1.0
2026-09-14 11:00:00,San Antonio,99.0,10.0,,,,,99.0,10.0
2026-09-14 11:00:00,Houston,93.0,41.0,,,,,93.0,41.0
2026-09-14 11:00:00,Oklahoma City,99.0,1.0,,,,,99.0,1.0
2026-09-14 11:00:00,Newark,77.0,6.0,,,,,77.0,6.0
2026-09-14 11:00:00,Trenton,75.0,4.0,,,,,75.0,4.0
2026-09-14 12:00:00,New York City,76.0,6.0,73.6,2.0,,,74.8,4.0
2026-09-14 12:00:00,Chicago,72.0,7.0,71.3,2.0,,,71.7,4.5
2026-09-14 12:00:00,Austin,101.0,10.0,98.9,2.0,,,100.0,6.0
2026-09-14 12:00:00,Miami,88.0,29.0,85.9,9.0,,,87.0,19.0
2026-09-14 12:00:00,Denver,90.0,20.0,87.4,8.0,,,88.7,14.0
2026-09-14 12:00:00,Philadelphia,76.0,2.0,75.3,4.0,,,75.7,3.0
2026-09-14 12:00:00,Los Angeles,84.0,1.0,85.2,0.0,,,84.6,0.5
2026-09-14 12:00:00,Las Vegas,100.0,0.0,101.0,0.0,,,100.5,0.0
2026-09-14 12:00:00,New Orleans,92.0,18.0,93.9,13.0,,,93.0,15.5
2026-09-14 12:00:00,San Francisco,73.0,0.0,76.1,1.0,,,74.5,0.5
2026-09-14 12:00:00,Washington DC,81.0,0.0,81.0,7.0,,,81.0,3.5
2026-09-14 12:00:00,Seattle,68.0,3.0,65.1,3.0,,,66.5,3.0
2026-09-14 12:00:00,Boston,77.0,23.0,,,,,77.0,23.0
2026-09-14 12:00:00,Phoenix,101.0,25.0,,,,,101.0,25.0
2026-09-14 12:00:00,Atlanta,95.0,1.0,,,,,95.0,1.0
2026-09-14 12:00:00,Minneapolis,64.0,100.0,,,,,64.0,100.0
2026-09-14 12:00:00,Dallas,100.0,1.0,,,,,100.0,1.0
2026-09-14 12:00:00,San Antonio,99.0,10.0,,,,,99.0,10.0
2026-09-14 12:00:00,Houston,93.0,41.0,,,,,93.0,41.0
2026-09-14 12:00:00,Oklahoma City,99.0,1.0,,,,,99.0,1.0
2026-09-14 12:00:00,Newark,77.0,6.0,,,,,77.0,6.0
2026-09-14 12:00:00,Trenton,75.0,4.0,,,,,75.0,4.0
2026-09-14 13:00:00,New York City,76.0,6.0,73.8,2.0,,,74.9,4.0
2026-09-14 13:00:00,Chicago,72.0,7.0,71.8,2.0,,,71.9,4.5
2026-09-14 13:00:00,Austin,101.0,10.0,98.8,2.0,,,99.9,6.0
2026-09-14 13:00:00,Miami,88.0,29.0,86.0,9.0,,,87.0,19.0
2026-09-14 13:00:00,Denver,90.0,20.0,86.7,8.0,,,88.3,14.0
2026-09-14 13:00:00,Philadelphia,76.0,0.0,75.5,4.0,,,75.8,2.0
2026-09-14 13:00:00,Los Angeles,84.0,1.0,85.3,0.0,,,84.7,0.5
2026-09-14 13:00:00,Las Vegas,100.0,0.0,101.0,0.0,,,100.5,0.0
2026-09-14 13:00:00,New Orleans,92.0,18.0,91.5,13.0,,,91.8,15.5
2026-09-14 13:00:00,San Francisco,73.0,0.0,75.9,1.0,,,74.5,0.5
2026-09-14 13:00:00,Washington DC,81.0,0.0,81.4,7.0,,,81.2,3.5
2026-09-14 13:00:00,Seattle,68.0,3.0,,,,,68.0,3.0
2026-09-14 13:00:00,Boston,77.0,23.0,,,,,77.0,23.0
2026-09-14 13:00:00,Phoenix,101.0,17.0,,,,,101.0,17.0
2026-09-14 13:00:00,Atlanta,95.0,1.0,,,,,95.0,1.0
2026-09-14 13:00:00,Minneapolis,64.0,100.0,,,,,64.0,100.0
2026-09-14 13:00:00,Dallas,100.0,1.0,,,,,100.0,1.0
2026-09-14 13:00:00,San Antonio,99.0,10.0,,,,,99.0,10.0
2026-09-14 13:00:00,Houston,93.0,41.0,,,,,93.0,41.0
2026-09-14 13:00:00,Oklahoma City,99.0,1.0,98.0,1.0,,,98.5,1.0
2026-09-14 13:00:00,Newark,77.0,0.0,,,,,77.0,0.0
2026-09-14 13:00:00,Trenton,75.0,0.0,,,,,75.0,0.0
2026-09-14 14:00:00,New York City,76.0,6.0,73.8,2.0,,,74.9,4.0
2026-09-14 14:00:00,Chicago,72.0,7.0,71.8,3.0,,,71.9,5.0
2026-09-14 14:00:00,Austin,101.0,10.0,98.8,2.0,,,99.9,6.0
2026-09-14 14:00:00,Miami,88.0,29.0,86.0,12.0,,,87.0,20.5
2026-09-14 14:00:00,Denver,90.0,20.0,86.7,9.0,,,88.3,14.5
2026-09-14 14:00:00,Philadelphia,76.0,2.0,75.5,4.0,,,75.8,3.0
2026-09-14 14:00:00,Los Angeles,84.0,1.0,85.3,0.0,,,84.7,0.5
2026-09-14 14:00:00,Las Vegas,100.0,0.0,101.0,0.0,,,100.5,0.0
2026-09-14 14:00:00,New Orleans,92.0,18.0,91.5,10.0,,,91.8,14.0
2026-09-14 14:00:00,San Francisco,73.0,0.0,,,,,73.0,0.0
2026-09-14 14:00:00,Washington DC,81.0,0.0,,,,,81.0,0.0
2026-09-14 14:00:00,Seattle,68.0,3.0,,,,,68.0,3.0
2026-09-14 14:00:00,Boston,77.0,23.0,,,,,77.0,23.0
2026-09-14 14:00:00,Phoenix,101.0,17.0,,,,,101.0,17.0
2026-09-14 14:00:00,Atlanta,95.0,1.0,,,,,95.0,1.0
2026-09-14 14:00:00,Minneapolis,64.0,100.0,,,,,64.0,100.0
2026-09-14 14:00:00,Dallas,100.0,1.0,,,,,100.0,1.0
2026-09-14 14:00:00,San Antonio,99.0,10.0,,,,,99.0,10.0
2026-09-14 14:00:00,Houston,93.0,41.0,95.4,17.0,,,94.2,29.0
2026-09-14 14:00:00,Oklahoma City,99.0,1.0,98.0,1.0,,,98.5,1.0
2026-09-14 14:00:00,Newark,77.0,0.0,72.9,1.0,,,75.0,0.5
2026-09-14 14:00:00,Trenton,75.0,0.0,72.3,4.0,,,73.7,2.0
2026-09-14 15:00:00,New York City,76.0,6.0,74.4,2.0,,,75.2,4.0
2026-09-14 15:00:00,Chicago,72.0,7.0,72.1,3.0,,,72.0,5.0
2026-09-14 15:00:00,Austin,101.0,10.0,99.5,2.0,,,100.2,6.0
2026-09-14 15:00:00,Miami,88.0,29.0,85.4,16.0,,,86.7,22.5
2026-09-14 15:00:00,Denver,90.0,20.0,89.1,10.0,,,89.5,15.0
2026-09-14 15:00:00,Philadelphia,76.0,2.0,75.3,4.0,,,75.7,3.0
2026-09-14 15:00:00,Los Angeles,84.0,1.0,84.8,0.0,,,84.4,0.5
2026-09-14 15:00:00,Las Vegas,100.0,0.0,101.6,0.0,,,100.8,0.0
2026-09-14 15:00:00,New Orleans,92.0,18.0,94.7,13.0,,,93.3,15.5
2026-09-14 15:00:00,San Francisco,73.0,0.0,75.0,1.0,,,74.0,0.5
2026-09-14 15:00:00,Washington DC,81.0,0.0,81.4,7.0,,,81.2,3.5
2026-09-14 15:00:00,Seattle,68.0,3.0,66.0,2.0,,,67.0,2.5
2026-09-14 15:00:00,Boston,77.0,23.0,69.1,8.0,,,73.0,15.5
2026-09-14 15:00:00,Phoenix,101.0,17.0,102.8,13.0,,,101.9,15.0
2026-09-14 15:00:00,Atlanta,95.0,1.0,91.2,0.0,,,93.1,0.5
2026-09-14 15:00:00,Minneapolis,61.0,100.0,64.0,81.0,,,62.5,90.5
2026-09-14 15:00:00,Dallas,100.0,1.0,,,,,100.0,1.0
2026-09-14 15:00:00,San Antonio,99.0,10.0,,,,,99.0,10.0
2026-09-14 15:00:00,Houston,93.0,41.0,,,,,93.0,41.0
2026-09-14 15:00:00,Oklahoma City,99.0,1.0,,,,,99.0,1.0
2026-09-14 15:00:00,Newark,77.0,0.0,,,,,77.0,0.0
2026-09-14 15:00:00,Trenton,75.0,0.0,,,,,75.0,0.0
2026-09-14 16:00:00,New York City,76.0,6.0,74.7,2.0,,,75.3,4.0
2026-09-14 16:00:00,Chicago,72.0,7.0,71.6,4.0,,,71.8,5.5
2026-09-14 16:00:00,Austin,101.0,10.0,98.7,2.0,,,99.8,6.0
2026-09-14 16:00:00,Miami,88.0,29.0,85.5,16.0,,,86.8,22.5
2026-09-14 16:00:00,Denver,90.0,20.0,90.3,14.0,,,90.2,17.0
2026-09-14 16:00:00,Philadelphia,76.0,0.0,75.8,4.0,,,75.9,2.0
2026-09-14 16:00:00,Los Angeles,84.0,1.0,85.3,0.0,,,84.7,0.5
2026-09-14 16:00:00,Las Vegas,100.0,0.0,101.3,0.0,,,100.7,0.0
2026-09-14 16:00:00,New Orleans,92.0,18.0,,,,,92.0,18.0
2026-09-14 16:00:00,San Francisco,73.0,0.0,,,,,73.0,0.0
2026-09-14 16:00:00,Washington DC,81.0,0.0,,,,,81.0,0.0
2026-09-14 16:00:00,Seattle,68.0,3.0,,,,,68.0,3.0
2026-09-14 16:00:00,Boston,77.0,23.0,,,,,77.0,23.0
2026-09-14 16:00:00,Phoenix,101.0,17.0,,,,,101.0,17.0
2026-09-14 16:00:00,Atlanta,95.0,1.0,,,,,95.0,1.0
2026-09-14 16:00:00,Minneapolis,61.0,100.0,63.2,84.0,,,62.1,92.0
2026-09-14 16:00:00,Dallas,100.0,1.0,98.3,3.0,,,99.2,2.0
2026-09-14 16:00:00,San Antonio,99.0,10.0,99.1,3.0,,,99.0,6.5
2026-09-14 16:00:00,Houston,93.0,41.0,91.5,20.0,,,92.2,30.5
2026-09-14 16:00:00,Oklahoma City,99.0,1.0,97.5,0.0,,,98.2,0.5
2026-09-14 16:00:00,Newark,77.0,0.0,74.2,1.0,,,75.6,0.5
2026-09-14 16:00:00,Trenton,75.0,0.0,72.3,4.0,,,73.7,2.0
2026-09-14 17:00:00,New York City,76.0,0.0,74.7,2.0,,,75.3,1.0
2026-09-14 17:00:00,Chicago,72.0,7.0,71.6,4.0,,,71.8,5.5
2026-09-14 17:00:00,Austin,101.0,10.0,98.7,2.0,,,99.8,6.0
2026-09-14 17:00:00,Miami,88.0,29.0,85.5,16.0,,,86.8,22.5
2026-09-14 17:00:00,Denver,90.0,20.0,90.3,14.0,,,90.2,17.0
2026-09-14 17:00:00,Philadelphia,76.0,0.0,75.8,4.0,,,75.9,2.0
2026-09-14 17:00:00,Los Angeles,84.0,1.0,85.3,0.0,,,84.7,0.5
2026-09-14 17:00:00,Las Vegas,100.0,0.0,101.3,0.0,,,100.7,0.0
2026-09-14 17:00:00,New Orleans,92.0,18.0,94.7,11.0,,,93.3,14.5
2026-09-14 17:00:00,San Francisco,73.0,0.0,75.5,0.0,,,74.2,0.0
2026-09-14 17:00:00,Washington DC,79.0,0.0,81.4,7.0,,,80.2,3.5
2026-09-14 17:00:00,Seattle,68.0,3.0,65.5,2.0,,,66.8,2.5
2026-09-14 17:00:00,Boston,77.0,0.0,69.1,8.0,,,73.0,4.0
2026-09-14 17:00:00,Phoenix,101.0,17.0,104.7,13.0,,,102.8,15.0
2026-09-14 17:00:00,Atlanta,95.0,0.0,91.4,0.0,,,93.2,0.0
2026-09-14 17:00:00,Minneapolis,61.0,100.0,63.2,84.0,,,62.1,92.0
2026-09-14 17:00:00,Dallas,100.0,1.0,98.3,3.0,,,99.2,2.0
2026-09-14 17:00:00,San Antonio,99.0,10.0,,,,,99.0,10.0
2026-09-14 17:00:00,Houston,93.0,39.0,,,,,93.0,39.0
2026-09-14 17:00:00,Oklahoma City,99.0,1.0,,,,,99.0,1.0
2026-09-14 17:00:00,Newark,77.0,0.0,,,,,77.0,0.0
2026-09-14 17:00:00,Trenton,75.0,0.0,,,,,75.0,0.0
2026-09-14 18:00:00,New York City,76.0,0.0,74.7,2.0,,,75.3,1.0
2026-09-14 18:00:00,Chicago,72.0,7.0,71.6,4.0,,,71.8,5.5
2026-09-14 18:00:00,Austin,101.0,10.0,98.7,2.0,,,99.8,6.0
2026-09-14 18:00:00,Miami,88.0,29.0,85.5,16.0,,,86.8,22.5
2026-09-14 18:00:00,Denver,90.0,20.0,90.3,14.0,,,90.2,17.0
2026-09-14 18:00:00,Philadelphia,76.0,2.0,75.8,4.0,,,75.9,3.0
2026-09-14 18:00:00,Los Angeles,84.0,1.0,85.3,0.0,,,84.7,0.5
2026-09-14 18:00:00,Las Vegas,100.0,0.0,101.3,0.0,,,100.7,0.0
2026-09-14 18:00:00,New Orleans,92.0,18.0,94.7,11.0,,,93.3,14.5
2026-09-14 18:00:00,San Francisco,73.0,0.0,75.5,0.0,,,74.2,0.0
2026-09-14 18:00:00,Washington DC,79.0,0.0,81.4,7.0,,,80.2,3.5
2026-09-14 18:00:00,Seattle,68.0,3.0,65.5,2.0,,,66.8,2.5
2026-09-14 18:00:00,Boston,77.0,23.0,69.1,8.0,,,73.0,15.5
2026-09-14 18:00:00,Phoenix,101.0,17.0,104.7,13.0,,,102.8,15.0
2026-09-14 18:00:00,Atlanta,95.0,0.0,,,,,95.0,0.0
2026-09-14 18:00:00,Minneapolis,62.0,100.0,,,,,62.0,100.0
2026-09-14 18:00:00,Dallas,100.0,1.0,,,,,100.0,1.0
2026-09-14 18:00:00,San Antonio,99.0,10.0,,,,,99.0,10.0
2026-09-14 18:00:00,Houston,93.0,39.0,,,,,93.0,39.0
2026-09-14 18:00:00,Oklahoma City,99.0,1.0,,,,,99.0,1.0
2026-09-14 18:00:00,Newark,77.0,0.0,,,,,77.0,0.0
2026-09-14 18:00:00,Trenton,75.0,0.0,,,,,75.0,0.0
2026-09-14 19:00:00,New York City,76.0,0.0,,,,,76.0,0.0
2026-09-14 19:00:00,Chicago,72.0,17.0,,,,,72.0,17.0
2026-09-14 19:00:00,Austin,101.0,15.0,,,,,101.0,15.0
2026-09-14 19:00:00,Miami,88.0,27.0,,,,,88.0,27.0
2026-09-14 19:00:00,Denver,90.0,20.0,,,,,90.0,20.0
2026-09-14 19:00:00,Philadelphia,76.0,0.0,,,,,76.0,0.0
2026-09-14 19:00:00,Los Angeles,84.0,1.0,,,,,84.0,1.0
2026-09-14 19:00:00,Las Vegas,100.0,0.0,,,,,100.0,0.0
2026-09-14 19:00:00,New Orleans,92.0,20.0,,,,,92.0,20.0
2026-09-14 19:00:00,San Francisco,73.0,0.0,,,,,73.0,0.0
2026-09-14 19:00:00,Washington DC,79.0,0.0,,,,,79.0,0.0
2026-09-14 19:00:00,Seattle,68.0,2.0,,,,,68.0,2.0
2026-09-14 19:00:00,Boston,77.0,0.0,69.1,8.0,,,73.0,4.0
2026-09-14 19:00:00,Phoenix,101.0,14.0,,,,,101.0,14.0
2026-09-14 19:00:00,Atlanta,95.0,0.0,,,,,95.0,0.0
2026-09-14 19:00:00,Minneapolis,62.0,100.0,,,,,62.0,100.0
2026-09-14 19:00:00,Dallas,101.0,1.0,,,,,101.0,1.0
2026-09-14 19:00:00,San Antonio,99.0,16.0,,,,,99.0,16.0
2026-09-14 19:00:00,Houston,93.0,39.0,,,,,93.0,39.0
2026-09-14 19:00:00,Oklahoma City,98.0,1.0,,,,,98.0,1.0
2026-09-14 19:00:00,Newark,78.0,0.0,,,,,78.0,0.0
2026-09-14 19:00:00,Trenton,75.0,0.0,,,,,75.0,0.0
2026-09-14 20:00:00,New York City,77.0,0.0,77.4,2.0,,,77.2,1.0
2026-09-14 20:00:00,Chicago,72.0,14.0,72.0,4.0,,,72.0,9.0
2026-09-14 20:00:00,Austin,101.0,15.0,99.1,2.0,,,100.0,8.5
2026-09-14 20:00:00,Miami,88.0,27.0,86.9,16.0,,,87.5,21.5
2026-09-14 20:00:00,Denver,88.0,24.0,90.3,19.0,,,89.2,21.5
2026-09-14 20:00:00,Philadelphia,76.0,0.0,75.6,4.0,,,75.8,2.0
2026-09-14 20:00:00,Los Angeles,84.0,1.0,83.7,0.0,,,83.8,0.5
2026-09-14 20:00:00,Las Vegas,100.0,0.0,101.2,0.0,,,100.6,0.0
2026-09-14 20:00:00,New Orleans,92.0,20.0,94.0,11.0,,,93.0,15.5
2026-09-14 20:00:00,San Francisco,73.0,0.0,,,,,73.0,0.0
2026-09-14 20:00:00,Washington DC,79.0,0.0,,,,,79.0,0.0
2026-09-14 20:00:00,Seattle,68.0,2.0,,,,,68.0,2.0
2026-09-14 20:00:00,Boston,76.0,0.0,,,,,76.0,0.0
2026-09-14 20:00:00,Phoenix,101.0,14.0,,,,,101.0,14.0
2026-09-14 20:00:00,Atlanta,95.0,0.0,,,,,95.0,0.0
2026-09-14 20:00:00,Minneapolis,62.0,100.0,,,,,62.0,100.0
2026-09-14 20:00:00,Dallas,101.0,1.0,,,,,101.0,1.0
2026-09-14 20:00:00,San Antonio,99.0,16.0,,,,,99.0,16.0
2026-09-14 20:00:00,Houston,93.0,39.0,94.2,19.0,,,93.6,29.0
2026-09-14 20:00:00,Oklahoma City,98.0,1.0,97.7,0.0,,,97.8,0.5
2026-09-14 20:00:00,Newark,78.0,0.0,76.3,1.0,,,77.2,0.5
2026-09-14 20:00:00,Trenton,75.0,0.0,72.9,4.0,,,74.0,2.0
2026-09-14 21:00:00,New York City,77.0,0.0,77.4,2.0,,,77.2,1.0
2026-09-14 21:00:00,Chicago,72.0,14.0,70.5,1.0,,,71.2,7.5
2026-09-14 21:00:00,Austin,101.0,15.0,99.3,4.0,,,100.2,9.5
2026-09-14 21:00:00,Miami,88.0,21.0,86.9,16.0,,,87.5,18.5
2026-09-14 21:00:00,Denver,88.0,24.0,89.5,19.0,,,88.8,21.5
2026-09-14 21:00:00,Philadelphia,77.0,0.0,75.9,4.0,,,76.5,2.0
2026-09-14 21:00:00,Los Angeles,84.0,1.0,84.8,0.0,,,84.4,0.5
2026-09-14 21:00:00,Las Vegas,100.0,0.0,100.7,0.0,,,100.3,0.0
2026-09-14 21:00:00,New Orleans,92.0,20.0,93.9,15.0,,,93.0,17.5
2026-09-14 21:00:00,San Francisco,73.0,0.0,75.4,0.0,,,74.2,0.0
2026-09-14 21:00:00,Washington DC,79.0,0.0,81.2,7.0,,,80.1,3.5
2026-09-14 21:00:00,Seattle,68.0,2.0,64.2,1.0,,,66.1,1.5
2026-09-14 21:00:00,Boston,76.0,0.0,71.1,8.0,,,73.5,4.0
2026-09-14 21:00:00,Phoenix,101.0,14.0,104.7,13.0,,,102.8,13.5
2026-09-14 21:00:00,Atlanta,95.0,0.0,91.9,0.0,,,93.5,0.0
2026-09-14 21:00:00,Minneapolis,62.0,100.0,63.4,100.0,,,62.7,100.0
2026-09-14 21:00:00,Dallas,101.0,1.0,98.1,1.0,,,99.5,1.0
2026-09-14 21:00:00,San Antonio,99.0,16.0,99.5,3.0,,,99.2,9.5
2026-09-14 21:00:00,Houston,93.0,39.0,95.0,44.0,,,94.0,41.5
2026-09-14 21:00:00,Oklahoma City,98.0,1.0,97.8,0.0,,,97.9,0.5
2026-09-14 21:00:00,Newark,78.0,0.0,76.3,1.0,,,77.2,0.5
2026-09-14 21:00:00,Trenton,76.0,0.0,73.0,4.0,,,74.5,2.0
2026-09-14 22:00:00,New York City,77.0,0.0,77.7,2.0,,,77.3,1.0
2026-09-14 22:00:00,Chicago,72.0,14.0,69.5,4.0,,,70.8,9.0
2026-09-14 22:00:00,Austin,101.0,15.0,99.5,2.0,,,100.2,8.5
2026-09-14 22:00:00,Miami,88.0,21.0,87.4,16.0,,,87.7,18.5
2026-09-14 22:00:00,Denver,88.0,24.0,88.5,19.0,,,88.2,21.5
2026-09-14 22:00:00,Philadelphia,77.0,0.0,77.2,4.0,,,77.1,2.0
2026-09-14 22:00:00,Los Angeles,84.0,1.0,83.7,0.0,,,83.8,0.5
2026-09-14 22:00:00,Las Vegas,100.0,0.0,,,,,100.0,0.0
2026-09-14 22:00:00,New Orleans,92.0,19.0,,,,,92.0,19.0
2026-09-14 22:00:00,San Francisco,73.0,0.0,,,,,73.0,0.0
2026-09-14 22:00:00,Washington DC,78.0,0.0,,,,,78.0,0.0
2026-09-14 22:00:00,Seattle,68.0,2.0,,,,,68.0,2.0
2026-09-14 22:00:00,Boston,76.0,0.0,,,,,76.0,0.0
2026-09-14 22:00:00,Phoenix,101.0,14.0,103.6,13.0,,,102.3,13.5
2026-09-14 22:00:00,Atlanta,92.0,3.0,92.6,0.0,,,92.3,1.5
2026-09-14 22:00:00,Minneapolis,62.0,100.0,63.4,97.0,,,62.7,98.5
2026-09-14 22:00:00,Dallas,101.0,1.0,99.1,0.0,,,100.0,0.5
2026-09-14 22:00:00,San Antonio,99.0,16.0,99.5,3.0,,,99.2,9.5
2026-09-14 22:00:00,Houston,93.0,27.0,93.7,21.0,,,93.3,24.0
2026-09-14 22:00:00,Oklahoma City,98.0,1.0,101.0,0.0,,,99.5,0.5
2026-09-14 22:00:00,Newark,78.0,0.0,77.1,1.0,,,77.5,0.5
2026-09-14 22:00:00,Trenton,76.0,0.0,73.5,4.0,,,74.8,2.0
2026-09-14 23:00:00,New York City,72.0,0.0,77.7,2.0,,,74.8,1.0
2026-09-14 23:00:00,Chicago,72.0,6.0,69.5,4.0,,,70.8,5.0
2026-09-14 23:00:00,Austin,101.0,15.0,100.6,2.0,,,100.8,8.5
2026-09-14 23:00:00,Miami,90.0,36.0,87.4,16.0,,,88.7,26.0
2026-09-14 23:00:00,Denver,88.0,24.0,86.9,19.0,,,87.5,21.5
2026-09-14 23:00:00,Philadelphia,77.0,0.0,77.2,4.0,,,77.1,2.0
2026-09-14 23:00:00,Los Angeles,84.0,1.0,85.0,0.0,,,84.5,0.5
2026-09-14 23:00:00,Las Vegas,100.0,0.0,99.9,0.0,,,100.0,0.0
2026-09-14 23:00:00,New Orleans,92.0,17.0,95.2,19.0,,,93.6,18.0
2026-09-14 23:00:00,San Francisco,73.0,0.0,,,,,73.0,0.0
2026-09-14 23:00:00,Washington DC,78.0,0.0,,,,,78.0,0.0
2026-09-14 23:00:00,Seattle,68.0,2.0,,,,,68.0,2.0
2026-09-14 23:00:00,Boston,68.0,0.0,,,,,68.0,0.0
2026-09-14 23:00:00,Phoenix,101.0,14.0,,,,,101.0,14.0
2026-09-14 23:00:00,Atlanta,92.0,3.0,,,,,92.0,3.0
2026-09-14 23:00:00,Minneapolis,62.0,53.0,63.4,97.0,,,62.7,75.0
2026-09-14 23:00:00,Dallas,101.0,1.0,100.0,0.0,,,100.5,0.5
2026-09-14 23:00:00,San Antonio,100.0,2.0,101.5,3.0,,,100.8,2.5
2026-09-14 23:00:00,Houston,93.0,27.0,92.4,21.0,,,92.7,24.0
2026-09-14 23:00:00,Oklahoma City,101.0,0.0,101.1,0.0,,,101.0,0.0
2026-09-14 23:00:00,Newark,73.0,0.0,77.1,1.0,,,75.0,0.5
2026-09-14 23:00:00,Trenton,76.0,0.0,73.5,4.0,,,74.8,2.0
2026-09-15 00:00:00,New York City,72.0,0.0,77.7,2.0,,,74.8,1.0
2026-09-15 00:00:00,Chicago,80.0,75.0,69.7,4.0,,,74.8,39.5
2026-09-15 00:00:00,Austin,102.0,1.0,100.9,2.0,,,101.5,1.5
2026-09-15 00:00:00,Miami,90.0,36.0,87.4,16.0,,,88.7,26.0
2026-09-15 00:00:00,Denver,88.0,24.0,86.8,19.0,,,87.4,21.5
2026-09-15 00:00:00,Philadelphia,77.0,0.0,77.2,4.0,,,77.1,2.0
2026-09-15 00:00:00,Los Angeles,84.0,1.0,85.4,0.0,,,84.7,0.5
2026-09-15 00:00:00,Las Vegas,100.0,0.0,99.8,0.0,,,99.9,0.0
2026-09-15 00:00:00,New Orleans,93.0,13.0,95.2,35.0,,,94.1,24.0
2026-09-15 00:00:00,San Francisco,73.0,0.0,78.3,0.0,,,75.7,0.0
2026-09-15 00:00:00,Washington DC,78.0,0.0,81.2,7.0,,,79.6,3.5
2026-09-15 00:00:00,Seattle,68.0,2.0,,,,,68.0,2.0
2026-09-15 00:00:00,Boston,68.0,0.0,,,,,68.0,0.0
2026-09-15 00:00:00,Phoenix,103.0,11.0,,,,,103.0,11.0
2026-09-15 00:00:00,Atlanta,92.0,3.0,,,,,92.0,3.0
2026-09-15 00:00:00,Minneapolis,70.0,0.0,,,,,70.0,0.0
2026-09-15 00:00:00,Dallas,102.0,1.0,,,,,102.0,1.0
2026-09-15 00:00:00,San Antonio,100.0,2.0,,,,,100.0,2.0
2026-09-15 00:00:00,Houston,94.0,19.0,,,,,94.0,19.0
2026-09-15 00:00:00,Oklahoma City,101.0,0.0,,,,,101.0,0.0
2026-09-15 00:00:00,Newark,73.0,0.0,,,,,73.0,0.0
2026-09-15 00:00:00,Trenton,76.0,0.0,,,,,76.0,0.0
2026-09-15 01:00:00,New York City,72.0,0.0,77.7,2.0,,,74.8,1.0
2026-09-15 01:00:00,Chicago,80.0,75.0,69.7,4.0,,,74.8,39.5
2026-09-15 01:00:00,Austin,102.0,1.0,100.9,2.0,,,101.5,1.5
2026-09-15 01:00:00,Miami,90.0,36.0,87.4,16.0,,,88.7,26.0
2026-09-15 01:00:00,Denver,78.0,26.0,86.8,19.0,,,82.4,22.5
2026-09-15 01:00:00,Philadelphia,77.0,0.0,77.2,4.0,,,77.1,2.0
2026-09-15 01:00:00,Los Angeles,84.0,1.0,85.4,0.0,,,84.7,0.5
2026-09-15 01:00:00,Las Vegas,100.0,0.0,100.2,0.0,,,100.1,0.0
2026-09-15 01:00:00,New Orleans,93.0,13.0,95.2,35.0,,,94.1,24.0
2026-09-15 01:00:00,San Francisco,73.0,0.0,78.3,0.0,,,75.7,0.0
2026-09-15 01:00:00,Washington DC,78.0,0.0,,,,,78.0,0.0
2026-09-15 01:00:00,Seattle,68.0,2.0,,,,,68.0,2.0
2026-09-15 01:00:00,Boston,68.0,0.0,,,,,68.0,0.0
2026-09-15 01:00:00,Phoenix,103.0,3.0,,,,,103.0,3.0
2026-09-15 01:00:00,Atlanta,92.0,3.0,,,,,92.0,3.0
2026-09-15 01:00:00,Minneapolis,70.0,0.0,,,,,70.0,0.0
2026-09-15 01:00:00,Dallas,102.0,1.0,,,,,102.0,1.0
2026-09-15 01:00:00,San Antonio,100.0,2.0,,,,,100.0,2.0
2026-09-15 01:00:00,Houston,94.0,19.0,,,,,94.0,19.0
2026-09-15 01:00:00,Oklahoma City,101.0,0.0,,,,,101.0,0.0
2026-09-15 01:00:00,Newark,73.0,0.0,77.1,1.0,,,75.0,0.5
2026-09-15 01:00:00,Trenton,76.0,0.0,73.5,4.0,,,74.8,2.0
2026-09-15 02:00:00,New York City,72.0,0.0,77.7,2.0,,,74.8,1.0
2026-09-15 02:00:00,Chicago,80.0,75.0,69.7,4.0,,,74.8,39.5
2026-09-15 02:00:00,Austin,102.0,1.0,100.9,2.0,,,101.5,1.5
2026-09-15 02:00:00,Miami,90.0,36.0,87.4,16.0,,,88.7,26.0
2026-09-15 02:00:00,Denver,78.0,26.0,86.8,19.0,,,82.4,22.5
2026-09-15 02:00:00,Philadelphia,77.0,0.0,77.2,4.0,,,77.1,2.0
2026-09-15 02:00:00,Los Angeles,82.0,3.0,85.4,0.0,,,83.7,1.5
2026-09-15 02:00:00,Las Vegas,100.0,1.0,100.2,0.0,,,100.1,0.5
2026-09-15 02:00:00,New Orleans,93.0,13.0,95.2,43.0,,,94.1,28.0
2026-09-15 02:00:00,San Francisco,69.0,1.0,78.3,0.0,,,73.7,0.5
2026-09-15 02:00:00,Washington DC,78.0,0.0,81.2,7.0,,,79.6,3.5
2026-09-15 02:00:00,Seattle,66.0,23.0,64.5,2.0,,,65.2,12.5
2026-09-15 02:00:00,Boston,68.0,0.0,72.1,8.0,,,70.0,4.0
2026-09-15 02:00:00,Phoenix,99.0,25.0,104.9,13.0,,,102.0,19.0
2026-09-15 02:00:00,Atlanta,92.0,3.0,92.6,0.0,,,92.3,1.5
2026-09-15 02:00:00,Minneapolis,70.0,0.0,63.4,97.0,,,66.7,48.5
2026-09-15 02:00:00,Dallas,102.0,1.0,100.8,1.0,,,101.4,1.0
2026-09-15 02:00:00,San Antonio,100.0,2.0,101.5,3.0,,,100.8,2.5
2026-09-15 02:00:00,Houston,94.0,19.0,,,,,94.0,19.0
2026-09-15 02:00:00,Oklahoma City,101.0,0.0,,,,,101.0,0.0
2026-09-15 02:00:00,Newark,73.0,0.0,,,,,73.0,0.0
2026-09-15 02:00:00,Trenton,76.0,0.0,,,,,76.0,0.0
2026-09-15 03:00:00,New York City,72.0,0.0,77.7,2.0,,,74.8,1.0
2026-09-15 03:00:00,Chicago,80.0,75.0,69.7,4.0,,,74.8,39.5
2026-09-15 03:00:00,Austin,102.0,1.0,100.9,2.0,,,101.5,1.5
2026-09-15 03:00:00,Miami,90.0,36.0,87.4,16.0,,,88.7,26.0
2026-09-15 03:00:00,Denver,78.0,26.0,86.8,19.0,,,82.4,22.5
2026-09-15 03:00:00,Philadelphia,77.0,0.0,77.2,4.0,,,77.1,2.0
2026-09-15 03:00:00,Los Angeles,82.0,3.0,85.4,0.0,,,83.7,1.5
2026-09-15 03:00:00,Las Vegas,100.0,1.0,100.2,0.0,,,100.1,0.5
2026-09-15 03:00:00,New Orleans,93.0,13.0,,,,,93.0,13.0
2026-09-15 03:00:00,San Francisco,69.0,1.0,,,,,69.0,1.0
2026-09-15 03:00:00,Washington DC,78.0,0.0,,,,,78.0,0.0
2026-09-15 03:00:00,Seattle,66.0,23.0,,,,,66.0,23.0
2026-09-15 03:00:00,Boston,68.0,0.0,,,,,68.0,0.0
2026-09-15 03:00:00,Phoenix,99.0,25.0,,,,,99.0,25.0
2026-09-15 03:00:00,Atlanta,92.0,3.0,,,,,92.0,3.0
2026-09-15 03:00:00,Minneapolis,70.0,0.0,63.4,97.0,,,66.7,48.5
2026-09-15 03:00:00,Dallas,102.0,1.0,100.8,1.0,,,101.4,1.0
2026-09-15 03:00:00,San Antonio,100.0,2.0,101.5,3.0,,,100.8,2.5
2026-09-15 03:00:00,Houston,94.0,19.0,92.4,21.0,,,93.2,20.0
2026-09-15 03:00:00,Oklahoma City,101.0,0.0,101.9,1.0,,,101.5,0.5
2026-09-15 03:00:00,Newark,73.0,0.0,77.1,1.0,,,75.0,0.5
2026-09-15 03:00:00,Trenton,76.0,0.0,73.5,4.0,,,74.8,2.0
2026-09-15 04:00:00,New York City,72.0,0.0,73.9,1.0,,,73.0,0.5
2026-09-15 04:00:00,Chicago,80.0,75.0,69.7,4.0,,,74.8,39.5
2026-09-15 04:00:00,Austin,102.0,1.0,100.9,2.0,,,101.5,1.5
2026-09-15 04:00:00,Miami,90.0,36.0,86.9,20.0,,,88.5,28.0
2026-09-15 04:00:00,Denver,78.0,26.0,86.8,19.0,,,82.4,22.5
2026-09-15 04:00:00,Philadelphia,77.0,0.0,74.7,1.0,,,75.8,0.5
2026-09-15 04:00:00,Los Angeles,82.0,8.0,85.4,0.0,,,83.7,4.0
2026-09-15 04:00:00,Las Vegas,100.0,1.0,100.2,0.0,,,100.1,0.5
2026-09-15 04:00:00,New Orleans,92.0,13.0,95.2,43.0,,,93.6,28.0
2026-09-15 04:00:00,San Francisco,69.0,1.0,78.3,0.0,,,73.7,0.5
2026-09-15 04:00:00,Washington DC,78.0,0.0,,,,,78.0,0.0
2026-09-15 04:00:00,Seattle,66.0,23.0,,,,,66.0,23.0
2026-09-15 04:00:00,Boston,68.0,0.0,,,,,68.0,0.0
2026-09-15 04:00:00,Phoenix,99.0,25.0,,,,,99.0,25.0
2026-09-15 04:00:00,Atlanta,92.0,3.0,,,,,92.0,3.0
2026-09-15 04:00:00,Minneapolis,70.0,0.0,,,,,70.0,0.0
2026-09-15 04:00:00,Dallas,102.0,1.0,,,,,102.0,1.0
2026-09-15 04:00:00,San Antonio,100.0,2.0,,,,,100.0,2.0
2026-09-15 04:00:00,Houston,94.0,19.0,,,,,94.0,19.0
2026-09-15 04:00:00,Oklahoma City,101.0,0.0,,,,,101.0,0.0
2026-09-15 04:00:00,Newark,73.0,0.0,74.6,1.0,,,73.8,0.5
2026-09-15 04:00:00,Trenton,76.0,0.0,72.6,1.0,,,74.3,0.5
2026-09-15 05:00:00,New York City,72.0,0.0,73.6,1.0,,,72.8,0.5
2026-09-15 05:00:00,Chicago,80.0,75.0,75.4,54.0,,,77.7,64.5
2026-09-15 05:00:00,Austin,102.0,1.0,100.3,1.0,,,101.2,1.0
2026-09-15 05:00:00,Miami,90.0,36.0,86.9,18.0,,,88.5,27.0
2026-09-15 05:00:00,Denver,78.0,26.0,86.8,19.0,,,82.4,22.5
2026-09-15 05:00:00,Philadelphia,77.0,0.0,74.2,1.0,,,75.6,0.5
2026-09-15 05:00:00,Los Angeles,82.0,8.0,85.4,0.0,,,83.7,4.0
2026-09-15 05:00:00,Las Vegas,100.0,1.0,100.2,0.0,,,100.1,0.5
2026-09-15 05:00:00,New Orleans,92.0,13.0,93.5,8.0,,,92.8,10.5
2026-09-15 05:00:00,San Francisco,69.0,1.0,78.3,0.0,,,73.7,0.5
2026-09-15 05:00:00,Washington DC,78.0,0.0,79.9,1.0,,,79.0,0.5
2026-09-15 05:00:00,Seattle,66.0,23.0,64.5,2.0,,,65.2,12.5
2026-09-15 05:00:00,Boston,68.0,0.0,,,,,68.0,0.0
2026-09-15 05:00:00,Phoenix,99.0,25.0,,,,,99.0,25.0
2026-09-15 05:00:00,Atlanta,92.0,3.0,,,,,92.0,3.0
2026-09-15 05:00:00,Minneapolis,70.0,0.0,,,,,70.0,0.0
2026-09-15 05:00:00,Dallas,102.0,1.0,,,,,102.0,1.0
2026-09-15 05:00:00,San Antonio,100.0,2.0,,,,,100.0,2.0
2026-09-15 05:00:00,Houston,94.0,19.0,,,,,94.0,19.0
2026-09-15 05:00:00,Oklahoma City,101.0,0.0,,,,,101.0,0.0
2026-09-15 05:00:00,Newark,73.0,0.0,,,,,73.0,0.0
2026-09-15 05:00:00,Trenton,76.0,0.0,,,,,76.0,0.0
2026-09-15 06:00:00,New York City,72.0,0.0,73.4,1.0,,,72.7,0.5
2026-09-15 06:00:00,Chicago,80.0,75.0,78.2,51.0,,,79.1,63.0
2026-09-15 06:00:00,Austin,102.0,1.0,100.2,1.0,,,101.1,1.0
2026-09-15 06:00:00,Miami,90.0,36.0,86.9,17.0,,,88.5,26.5
2026-09-15 06:00:00,Denver,78.0,26.0,77.9,6.0,,,78.0,16.0
2026-09-15 06:00:00,Philadelphia,77.0,0.0,74.6,1.0,,,75.8,0.5
2026-09-15 06:00:00,Los Angeles,82.0,8.0,85.4,0.0,,,83.7,4.0
2026-09-15 06:00:00,Las Vegas,100.0,1.0,100.2,0.0,,,100.1,0.5
2026-09-15 06:00:00,New Orleans,92.0,13.0,93.2,8.0,,,92.6,10.5
2026-09-15 06:00:00,San Francisco,69.0,1.0,,,,,69.0,1.0
2026-09-15 06:00:00,Washington DC,78.0,0.0,,,,,78.0,0.0
2026-09-15 06:00:00,Seattle,66.0,23.0,,,,,66.0,23.0
2026-09-15 06:00:00,Boston,68.0,0.0,,,,,68.0,0.0
2026-09-15 06:00:00,Phoenix,99.0,25.0,,,,,99.0,25.0
2026-09-15 06:00:00,Atlanta,92.0,4.0,,,,,92.0,4.0
2026-09-15 06:00:00,Minneapolis,70.0,0.0,,,,,70.0,0.0
2026-09-15 06:00:00,Dallas,102.0,1.0,,,,,102.0,1.0
2026-09-15 06:00:00,San Antonio,100.0,2.0,99.7,1.0,,,99.8,1.5
2026-09-15 06:00:00,Houston,94.0,19.0,94.8,19.0,,,94.4,19.0
2026-09-15 06:00:00,Oklahoma City,101.0,0.0,99.9,1.0,,,100.5,0.5
2026-09-15 06:00:00,Newark,72.0,0.0,74.5,1.0,,,73.2,0.5
2026-09-15 06:00:00,Trenton,76.0,0.0,71.9,1.0,,,74.0,0.5
2026-09-15 07:00:00,New York City,72.0,0.0,73.1,1.0,,,72.5,0.5
2026-09-15 07:00:00,Chicago,83.0,67.0,75.2,51.0,,,79.1,59.0
2026-09-15 07:00:00,Austin,102.0,1.0,100.1,1.0,,,101.0,1.0
2026-09-15 07:00:00,Miami,89.0,39.0,86.2,19.0,,,87.6,29.0
2026-09-15 07:00:00,Denver,78.0,26.0,78.8,8.0,,,78.4,17.0
2026-09-15 07:00:00,Philadelphia,77.0,0.0,75.2,1.0,,,76.1,0.5
2026-09-15 07:00:00,Los Angeles,83.0,8.0,80.8,1.0,,,81.9,4.5
2026-09-15 07:00:00,Las Vegas,99.0,3.0,97.3,4.0,,,98.2,3.5
2026-09-15 07:00:00,New Orleans,92.0,13.0,92.4,7.0,,,92.2,10.0
2026-09-15 07:00:00,San Francisco,69.0,1.0,69.5,2.0,,,69.2,1.5
2026-09-15 07:00:00,Washington DC,80.0,0.0,,,,,80.0,0.0
2026-09-15 07:00:00,Seattle,66.0,18.0,,,,,66.0,18.0
2026-09-15 07:00:00,Boston,68.0,0.0,,,,,68.0,0.0
2026-09-15 07:00:00,Phoenix,99.0,25.0,,,,,99.0,25.0
2026-09-15 07:00:00,Atlanta,92.0,4.0,,,,,92.0,4.0
2026-09-15 07:00:00,Minneapolis,70.0,0.0,70.2,4.0,,,70.1,2.0
2026-09-15 07:00:00,Dallas,101.0,1.0,99.3,1.0,,,100.2,1.0
2026-09-15 07:00:00,San Antonio,100.0,2.0,99.4,1.0,,,99.7,1.5
2026-09-15 07:00:00,Houston,95.0,18.0,96.0,18.0,,,95.5,18.0
2026-09-15 07:00:00,Oklahoma City,101.0,0.0,99.8,1.0,,,100.4,0.5
2026-09-15 07:00:00,Newark,72.0,0.0,74.2,1.0,,,73.1,0.5
2026-09-15 07:00:00,Trenton,76.0,0.0,72.2,1.0,,,74.1,0.5
2026-09-15 08:00:00,New York City,72.0,0.0,73.1,1.0,,,72.5,0.5
2026-09-15 08:00:00,Chicago,83.0,67.0,77.6,51.0,,,80.3,59.0
2026-09-15 08:00:00,Austin,102.0,1.0,100.0,1.0,,,101.0,1.0
2026-09-15 08:00:00,Miami,89.0,39.0,86.2,19.0,,,87.6,29.0
2026-09-15 08:00:00,Denver,75.0,20.0,79.6,8.0,,,77.3,14.0
2026-09-15 08:00:00,Philadelphia,77.0,0.0,75.1,1.0,,,76.0,0.5
2026-09-15 08:00:00,Los Angeles,83.0,8.0,81.4,1.0,,,82.2,4.5
2026-09-15 08:00:00,Las Vegas,99.0,3.0,97.5,4.0,,,98.2,3.5
2026-09-15 08:00:00,New Orleans,92.0,13.0,92.8,7.0,,,92.4,10.0
2026-09-15 08:00:00,San Francisco,69.0,1.0,70.5,2.0,,,69.8,1.5
2026-09-15 08:00:00,Washington DC,80.0,0.0,79.5,1.0,,,79.8,0.5
2026-09-15 08:00:00,Seattle,66.0,18.0,64.7,13.0,,,65.3,15.5
2026-09-15 08:00:00,Boston,68.0,0.0,,,,,68.0,0.0
2026-09-15 08:00:00,Phoenix,99.0,39.0,,,,,99.0,39.0
2026-09-15 08:00:00,Atlanta,92.0,4.0,,,,,92.0,4.0
2026-09-15 08:00:00,Minneapolis,70.0,0.0,,,,,70.0,0.0
2026-09-15 08:00:00,Dallas,101.0,1.0,,,,,101.0,1.0
2026-09-15 08:00:00,San Antonio,100.0,2.0,,,,,100.0,2.0
2026-09-15 08:00:00,Houston,95.0,18.0,,,,,95.0,18.0
2026-09-15 08:00:00,Oklahoma City,101.0,0.0,,,,,101.0,0.0
2026-09-15 08:00:00,Newark,72.0,0.0,,,,,72.0,0.0
2026-09-15 08:00:00,Trenton,76.0,0.0,72.0,1.0,,,74.0,0.5
2026-09-15 09:00:00,New York City,72.0,0.0,72.6,1.0,,,72.3,0.5
2026-09-15 09:00:00,Chicago,80.0,67.0,80.9,56.0,,,80.5,61.5
2026-09-15 09:00:00,Austin,102.0,1.0,99.8,1.0,,,100.9,1.0
2026-09-15 09:00:00,Miami,89.0,39.0,86.3,19.0,,,87.7,29.0
2026-09-15 09:00:00,Denver,75.0,20.0,77.0,6.0,,,76.0,13.0
2026-09-15 09:00:00,Philadelphia,77.0,0.0,74.4,1.0,,,75.7,0.5
2026-09-15 09:00:00,Los Angeles,83.0,8.0,80.8,1.0,,,81.9,4.5
2026-09-15 09:00:00,Las Vegas,99.0,3.0,97.8,4.0,,,98.4,3.5
2026-09-15 09:00:00,New Orleans,92.0,13.0,92.3,7.0,,,92.2,10.0
2026-09-15 09:00:00,San Francisco,69.0,1.0,70.3,2.0,,,69.7,1.5
2026-09-15 09:00:00,Washington DC,80.0,0.0,79.5,1.0,,,79.8,0.5
2026-09-15 09:00:00,Seattle,66.0,18.0,65.0,17.0,,,65.5,17.5
2026-09-15 09:00:00,Boston,68.0,0.0,65.5,1.0,,,66.8,0.5
2026-09-15 09:00:00,Phoenix,99.0,39.0,,,,,99.0,39.0
2026-09-15 09:00:00,Atlanta,92.0,4.0,,,,,92.0,4.0
2026-09-15 09:00:00,Minneapolis,70.0,0.0,,,,,70.0,0.0
2026-09-15 09:00:00,Dallas,101.0,1.0,,,,,101.0,1.0
2026-09-15 09:00:00,San Antonio,100.0,2.0,,,,,100.0,2.0
2026-09-15 09:00:00,Houston,95.0,18.0,,,,,95.0,18.0
2026-09-15 09:00:00,Oklahoma City,101.0,0.0,,,,,101.0,0.0
2026-09-15 09:00:00,Newark,72.0,0.0,,,,,72.0,0.0
2026-09-15 09:00:00,Trenton,76.0,0.0,,,,,76.0,0.0
2026-09-15 10:00:00,New York City,72.0,0.0,72.8,1.0,,,72.4,0.5
2026-09-15 10:00:00,Chicago,80.0,67.0,77.2,46.0,,,78.6,56.5
2026-09-15 10:00:00,Austin,102.0,1.0,99.8,1.0,,,100.9,1.0
2026-09-15 10:00:00,Miami,89.0,39.0,86.3,17.0,,,87.7,28.0
2026-09-15 10:00:00,Denver,72.0,20.0,76.1,11.0,,,74.0,15.5
2026-09-15 10:00:00,Philadelphia,77.0,0.0,75.1,1.0,,,76.0,0.5
2026-09-15 10:00:00,Los Angeles,83.0,8.0,81.6,0.0,,,82.3,4.0
2026-09-15 10:00:00,Las Vegas,99.0,3.0,97.6,4.0,,,98.3,3.5
2026-09-15 10:00:00,New Orleans,92.0,13.0,92.4,7.0,,,92.2,10.0
2026-09-15 10:00:00,San Francisco,69.0,1.0,70.9,2.0,,,70.0,1.5
2026-09-15 10:00:00,Washington DC,80.0,0.0,79.1,1.0,,,79.5,0.5
2026-09-15 10:00:00,Seattle,66.0,18.0,65.1,15.0,,,65.5,16.5
2026-09-15 10:00:00,Boston,68.0,0.0,65.6,1.0,,,66.8,0.5
2026-09-15 10:00:00,Phoenix,99.0,39.0,100.0,20.0,,,99.5,29.5
2026-09-15 10:00:00,Atlanta,92.0,4.0,,,,,92.0,4.0
2026-09-15 10:00:00,Minneapolis,70.0,0.0,,,,,70.0,0.0
2026-09-15 10:00:00,Dallas,101.0,1.0,,,,,101.0,1.0
2026-09-15 10:00:00,San Antonio,100.0,2.0,,,,,100.0,2.0
2026-09-15 10:00:00,Houston,95.0,18.0,,,,,95.0,18.0
2026-09-15 10:00:00,Oklahoma City,101.0,0.0,,,,,101.0,0.0
2026-09-15 10:00:00,Newark,72.0,0.0,,,,,72.0,0.0
2026-09-15 10:00:00,Trenton,75.0,0.0,,,,,75.0,0.0
2026-09-15 11:00:00,New York City,72.0,0.0,72.8,2.0,,,72.4,1.0
2026-09-15 11:00:00,Chicago,80.0,71.0,77.6,52.0,,,78.8,61.5
2026-09-15 11:00:00,Austin,102.0,1.0,99.7,1.0,,,100.8,1.0
2026-09-15 11:00:00,Miami,89.0,39.0,86.6,18.0,,,87.8,28.5
2026-09-15 11:00:00,Denver,72.0,20.0,76.8,20.0,,,74.4,20.0
2026-09-15 11:00:00,Philadelphia,77.0,0.0,75.1,1.0,,,76.0,0.5
2026-09-15 11:00:00,Los Angeles,83.0,8.0,81.2,1.0,,,82.1,4.5
2026-09-15 11:00:00,Las Vegas,99.0,3.0,97.6,3.0,,,98.3,3.0
2026-09-15 11:00:00,New Orleans,92.0,13.0,92.6,9.0,,,92.3,11.0
2026-09-15 11:00:00,San Francisco,69.0,1.0,69.5,2.0,,,69.2,1.5
2026-09-15 11:00:00,Washington DC,80.0,0.0,,,,,80.0,0.0
2026-09-15 11:00:00,Seattle,66.0,18.0,,,,,66.0,18.0
2026-09-15 11:00:00,Boston,68.0,0.0,,,,,68.0,0.0
2026-09-15 11:00:00,Phoenix,99.0,39.0,,,,,99.0,39.0
2026-09-15 11:00:00,Atlanta,92.0,4.0,,,,,92.0,4.0
2026-09-15 11:00:00,Minneapolis,70.0,0.0,,,,,70.0,0.0
2026-09-15 11:00:00,Dallas,101.0,1.0,99.5,1.0,,,100.2,1.0
2026-09-15 11:00:00,San Antonio,100.0,2.0,99.8,0.0,,,99.9,1.0
2026-09-15 11:00:00,Houston,95.0,18.0,95.4,14.0,,,95.2,16.0
2026-09-15 11:00:00,Oklahoma City,101.0,0.0,99.2,0.0,,,100.1,0.0
2026-09-15 11:00:00,Newark,72.0,0.0,73.9,2.0,,,73.0,1.0
2026-09-15 11:00:00,Trenton,75.0,0.0,72.1,2.0,,,73.5,1.0
2026-09-15 12:00:00,New York City,72.0,0.0,72.9,1.0,,,72.5,0.5
2026-09-15 12:00:00,Chicago,80.0,71.0,79.4,45.0,,,79.7,58.0
2026-09-15 12:00:00,Austin,102.0,1.0,100.1,1.0,,,101.0,1.0
2026-09-15 12:00:00,Miami,89.0,39.0,86.6,16.0,,,87.8,27.5
2026-09-15 12:00:00,Denver,72.0,20.0,76.3,20.0,,,74.2,20.0
2026-09-15 12:00:00,Philadelphia,77.0,0.0,75.3,1.0,,,76.2,0.5
2026-09-15 12:00:00,Los Angeles,83.0,8.0,79.4,0.0,,,81.2,4.0
2026-09-15 12:00:00,Las Vegas,99.0,3.0,97.7,3.0,,,98.3,3.0
2026-09-15 12:00:00,New Orleans,92.0,13.0,,,,,92.0,13.0
2026-09-15 12:00:00,San Francisco,69.0,1.0,,,,,69.0,1.0
2026-09-15 12:00:00,Washington DC,80.0,0.0,,,,,80.0,0.0
2026-09-15 12:00:00,Seattle,66.0,18.0,65.4,16.0,,,65.7,17.0
2026-09-15 12:00:00,Boston,68.0,0.0,,,,,68.0,0.0
2026-09-15 12:00:00,Phoenix,99.0,39.0,,,,,99.0,39.0
2026-09-15 12:00:00,Atlanta,92.0,4.0,,,,,92.0,4.0
2026-09-15 12:00:00,Minneapolis,70.0,0.0,,,,,70.0,0.0
2026-09-15 12:00:00,Dallas,101.0,1.0,,,,,101.0,1.0
2026-09-15 12:00:00,San Antonio,100.0,2.0,,,,,100.0,2.0
2026-09-15 12:00:00,Houston,95.0,18.0,95.5,13.0,,,95.2,15.5
2026-09-15 12:00:00,Oklahoma City,101.0,0.0,99.2,0.0,,,100.1,0.0
2026-09-15 12:00:00,Newark,72.0,0.0,74.0,1.0,,,73.0,0.5
2026-09-15 12:00:00,Trenton,75.0,0.0,72.7,1.0,,,73.8,0.5
2026-09-15 13:00:00,New York City,72.0,0.0,73.3,1.0,,,72.7,0.5
2026-09-15 13:00:00,Chicago,80.0,71.0,87.3,45.0,,,83.7,58.0
2026-09-15 13:00:00,Austin,102.0,1.0,100.7,1.0,,,101.3,1.0
2026-09-15 13:00:00,Miami,89.0,39.0,86.7,16.0,,,87.8,27.5
2026-09-15 13:00:00,Denver,72.0,20.0,74.2,20.0,,,73.1,20.0
2026-09-15 13:00:00,Philadelphia,77.0,0.0,74.4,1.0,,,75.7,0.5
2026-09-15 13:00:00,Los Angeles,83.0,8.0,80.3,0.0,,,81.7,4.0
2026-09-15 13:00:00,Las Vegas,99.0,3.0,97.5,3.0,,,98.2,3.0
2026-09-15 13:00:00,New Orleans,92.0,13.0,93.9,8.0,,,93.0,10.5
2026-09-15 13:00:00,San Francisco,69.0,1.0,,,,,69.0,1.0
2026-09-15 13:00:00,Washington DC,80.0,0.0,,,,,80.0,0.0
2026-09-15 13:00:00,Seattle,66.0,18.0,,,,,66.0,18.0
2026-09-15 13:00:00,Boston,68.0,0.0,,,,,68.0,0.0
2026-09-15 13:00:00,Phoenix,99.0,39.0,,,,,99.0,39.0
2026-09-15 13:00:00,Atlanta,92.0,4.0,,,,,92.0,4.0
2026-09-15 13:00:00,Minneapolis,70.0,0.0,,,,,70.0,0.0
2026-09-15 13:00:00,Dallas,101.0,1.0,,,,,101.0,1.0
2026-09-15 13:00:00,San Antonio,100.0,2.0,,,,,100.0,2.0
2026-09-15 13:00:00,Houston,95.0,18.0,96.2,13.0,,,95.6,15.5
2026-09-15 13:00:00,Oklahoma City,101.0,0.0,99.2,0.0,,,100.1,0.0
2026-09-15 13:00:00,Newark,72.0,0.0,73.9,1.0,,,73.0,0.5
2026-09-15 13:00:00,Trenton,75.0,0.0,71.7,1.0,,,73.3,0.5
2026-09-15 14:00:00,New York City,72.0,0.0,73.3,1.0,,,72.7,0.5
2026-09-15 14:00:00,Chicago,80.0,71.0,85.0,47.0,,,82.5,59.0
2026-09-15 14:00:00,Austin,102.0,1.0,100.8,1.0,,,101.4,1.0
2026-09-15 14:00:00,Miami,89.0,39.0,86.7,18.0,,,87.8,28.5
2026-09-15 14:00:00,Denver,72.0,20.0,75.9,20.0,,,74.0,20.0
2026-09-15 14:00:00,Philadelphia,77.0,0.0,73.8,1.0,,,75.4,0.5
2026-09-15 14:00:00,Los Angeles,83.0,8.0,80.3,0.0,,,81.7,4.0
2026-09-15 14:00:00,Las Vegas,99.0,3.0,98.2,3.0,,,98.6,3.0
2026-09-15 14:00:00,New Orleans,92.0,13.0,94.1,7.0,,,93.0,10.0
2026-09-15 14:00:00,San Francisco,69.0,1.0,,,,,69.0,1.0
2026-09-15 14:00:00,Washington DC,80.0,0.0,,,,,80.0,0.0
2026-09-15 14:00:00,Seattle,66.0,18.0,,,,,66.0,18.0
2026-09-15 14:00:00,Boston,68.0,0.0,,,,,68.0,0.0
2026-09-15 14:00:00,Phoenix,99.0,39.0,,,,,99.0,39.0
2026-09-15 14:00:00,Atlanta,92.0,4.0,,,,,92.0,4.0
2026-09-15 14:00:00,Minneapolis,70.0,0.0,,,,,70.0,0.0
2026-09-15 14:00:00,Dallas,101.0,1.0,,,,,101.0,1.0
2026-09-15 14:00:00,San Antonio,100.0,2.0,,,,,100.0,2.0
2026-09-15 14:00:00,Houston,95.0,18.0,93.5,11.0,,,94.2,14.5
2026-09-15 14:00:00,Oklahoma City,101.0,0.0,99.4,0.0,,,100.2,0.0
2026-09-15 14:00:00,Newark,72.0,0.0,74.2,1.0,,,73.1,0.5
2026-09-15 14:00:00,Trenton,75.0,0.0,71.5,1.0,,,73.2,0.5
2026-09-15 15:00:00,New York City,72.0,0.0,73.6,1.0,,,72.8,0.5
2026-09-15 15:00:00,Chicago,78.0,55.0,82.4,47.0,,,80.2,51.0
2026-09-15 15:00:00,Austin,102.0,1.0,100.8,1.0,,,101.4,1.0
2026-09-15 15:00:00,Miami,89.0,39.0,86.9,21.0,,,88.0,30.0
2026-09-15 15:00:00,Denver,72.0,20.0,76.0,20.0,,,74.0,20.0
2026-09-15 15:00:00,Philadelphia,77.0,0.0,74.0,1.0,,,75.5,0.5
2026-09-15 15:00:00,Los Angeles,83.0,8.0,79.5,0.0,,,81.2,4.0
2026-09-15 15:00:00,Las Vegas,99.0,3.0,98.0,3.0,,,98.5,3.0
2026-09-15 15:00:00,New Orleans,92.0,13.0,93.4,6.0,,,92.7,9.5
2026-09-15 15:00:00,San Francisco,69.0,1.0,,,,,69.0,1.0
2026-09-15 15:00:00,Washington DC,80.0,0.0,,,,,80.0,0.0
2026-09-15 15:00:00,Seattle,66.0,18.0,,,,,66.0,18.0
2026-09-15 15:00:00,Boston,68.0,0.0,,,,,68.0,0.0
2026-09-15 15:00:00,Phoenix,99.0,39.0,,,,,99.0,39.0
2026-09-15 15:00:00,Atlanta,92.0,4.0,,,,,92.0,4.0
2026-09-15 15:00:00,Minneapolis,70.0,0.0,,,,,70.0,0.0
2026-09-15 15:00:00,Dallas,101.0,1.0,,,,,101.0,1.0
2026-09-15 15:00:00,San Antonio,100.0,2.0,,,,,100.0,2.0
2026-09-15 15:00:00,Houston,95.0,18.0,93.6,16.0,,,94.3,17.0
2026-09-15 15:00:00,Oklahoma City,101.0,0.0,99.2,0.0,,,100.1,0.0
2026-09-15 15:00:00,Newark,72.0,0.0,74.4,1.0,,,73.2,0.5
2026-09-15 15:00:00,Trenton,75.0,0.0,71.7,1.0,,,73.3,0.5
2026-09-15 16:00:00,New York City,72.0,0.0,74.1,1.0,,,73.0,0.5
2026-09-15 16:00:00,Chicago,78.0,55.0,88.0,47.0,,,83.0,51.0
2026-09-15 16:00:00,Austin,102.0,1.0,100.7,0.0,,,101.3,0.5
2026-09-15 16:00:00,Miami,89.0,39.0,87.4,23.0,,,88.2,31.0
2026-09-15 16:00:00,Denver,72.0,20.0,77.7,20.0,,,74.8,20.0
2026-09-15 16:00:00,Philadelphia,77.0,0.0,74.2,1.0,,,75.6,0.5
2026-09-15 16:00:00,Los Angeles,83.0,8.0,79.9,1.0,,,81.5,4.5
2026-09-15 16:00:00,Las Vegas,99.0,3.0,98.1,3.0,,,98.5,3.0
2026-09-15 16:00:00,New Orleans,92.0,13.0,94.0,7.0,,,93.0,10.0
2026-09-15 16:00:00,San Francisco,69.0,1.0,,,,,69.0,1.0
2026-09-15 16:00:00,Washington DC,80.0,0.0,,,,,80.0,0.0
2026-09-15 16:00:00,Seattle,66.0,18.0,,,,,66.0,18.0
2026-09-15 16:00:00,Boston,68.0,0.0,,,,,68.0,0.0
2026-09-15 16:00:00,Phoenix,99.0,39.0,,,,,99.0,39.0
2026-09-15 16:00:00,Atlanta,92.0,4.0,,,,,92.0,4.0
2026-09-15 16:00:00,Minneapolis,70.0,0.0,,,,,70.0,0.0
2026-09-15 16:00:00,Dallas,101.0,1.0,,,,,101.0,1.0
2026-09-15 16:00:00,San Antonio,100.0,2.0,,,,,100.0,2.0
2026-09-15 16:00:00,Houston,95.0,18.0,97.0,19.0,,,96.0,18.5
2026-09-15 16:00:00,Oklahoma City,101.0,0.0,99.2,0.0,,,100.1,0.0
2026-09-15 16:00:00,Newark,72.0,0.0,74.5,1.0,,,73.2,0.5
2026-09-15 16:00:00,Trenton,75.0,0.0,71.5,1.0,,,73.2,0.5
2026-09-15 17:00:00,New York City,72.0,0.0,74.2,1.0,,,73.1,0.5
2026-09-15 17:00:00,Chicago,78.0,55.0,86.7,47.0,,,82.3,51.0
2026-09-15 17:00:00,Austin,102.0,1.0,100.8,0.0,,,101.4,0.5
2026-09-15 17:00:00,Miami,89.0,39.0,88.4,21.0,,,88.7,30.0
2026-09-15 17:00:00,Denver,72.0,20.0,76.0,20.0,,,74.0,20.0
2026-09-15 17:00:00,Philadelphia,77.0,0.0,74.4,0.0,,,75.7,0.0
2026-09-15 17:00:00,Los Angeles,83.0,8.0,80.5,1.0,,,81.8,4.5
2026-09-15 17:00:00,Las Vegas,99.0,3.0,98.1,3.0,,,98.5,3.0
2026-09-15 17:00:00,New Orleans,92.0,11.0,94.3,5.0,,,93.2,8.0
2026-09-15 17:00:00,San Francisco,69.0,1.0,,,,,69.0,1.0
2026-09-15 17:00:00,Washington DC,80.0,0.0,,,,,80.0,0.0
2026-09-15 17:00:00,Seattle,66.0,18.0,,,,,66.0,18.0
2026-09-15 17:00:00,Boston,68.0,0.0,,,,,68.0,0.0
2026-09-15 17:00:00,Phoenix,99.0,39.0,,,,,99.0,39.0
2026-09-15 17:00:00,Atlanta,92.0,4.0,,,,,92.0,4.0
2026-09-15 17:00:00,Minneapolis,70.0,0.0,,,,,70.0,0.0
2026-09-15 17:00:00,Dallas,101.0,1.0,,,,,101.0,1.0
2026-09-15 17:00:00,San Antonio,100.0,2.0,99.6,0.0,,,99.8,1.0
2026-09-15 17:00:00,Houston,95.0,18.0,94.7,10.0,,,94.8,14.0
2026-09-15 17:00:00,Oklahoma City,101.0,0.0,99.4,0.0,,,100.2,0.0
2026-09-15 17:00:00,Newark,72.0,0.0,74.9,0.0,,,73.5,0.0
2026-09-15 17:00:00,Trenton,75.0,0.0,71.9,0.0,,,73.5,0.0
2026-09-15 18:00:00,New York City,72.0,0.0,73.5,1.0,,,72.8,0.5
2026-09-15 18:00:00,Chicago,78.0,55.0,87.2,47.0,,,82.6,51.0
2026-09-15 18:00:00,Austin,102.0,0.0,100.9,0.0,,,101.5,0.0
2026-09-15 18:00:00,Miami,89.0,39.0,88.4,19.0,,,88.7,29.0
2026-09-15 18:00:00,Denver,72.0,20.0,74.7,20.0,,,73.3,20.0
2026-09-15 18:00:00,Philadelphia,77.0,0.0,74.9,0.0,,,76.0,0.0
2026-09-15 18:00:00,Los Angeles,83.0,8.0,81.2,1.0,,,82.1,4.5
2026-09-15 18:00:00,Las Vegas,99.0,3.0,97.9,3.0,,,98.5,3.0
2026-09-15 18:00:00,New Orleans,92.0,11.0,94.3,4.0,,,93.2,7.5
2026-09-15 18:00:00,San Francisco,69.0,1.0,68.4,2.0,,,68.7,1.5
2026-09-15 18:00:00,Washington DC,80.0,0.0,,,,,80.0,0.0
2026-09-15 18:00:00,Seattle,66.0,18.0,,,,,66.0,18.0
2026-09-15 18:00:00,Boston,68.0,0.0,,,,,68.0,0.0
2026-09-15 18:00:00,Phoenix,99.0,39.0,,,,,99.0,39.0
2026-09-15 18:00:00,Atlanta,92.0,7.0,,,,,92.0,7.0
2026-09-15 18:00:00,Minneapolis,70.0,0.0,,,,,70.0,0.0
2026-09-15 18:00:00,Dallas,101.0,0.0,,,,,101.0,0.0
2026-09-15 18:00:00,San Antonio,100.0,0.0,99.7,0.0,,,99.8,0.0
2026-09-15 18:00:00,Houston,95.0,20.0,,,,,95.0,20.0
2026-09-15 18:00:00,Oklahoma City,101.0,0.0,99.5,0.0,,,100.2,0.0
2026-09-15 18:00:00,Newark,72.0,0.0,74.4,0.0,,,73.2,0.0
2026-09-15 18:00:00,Trenton,75.0,0.0,71.7,0.0,,,73.3,0.0
2026-09-15 19:00:00,New York City,72.0,0.0,74.0,0.0,,,73.0,0.0
2026-09-15 19:00:00,Chicago,78.0,55.0,86.3,47.0,,,82.2,51.0
2026-09-15 19:00:00,Austin,102.0,0.0,101.4,0.0,,,101.7,0.0
2026-09-15 19:00:00,Miami,89.0,22.0,88.4,19.0,,,88.7,20.5
2026-09-15 19:00:00,Denver,72.0,20.0,74.9,20.0,,,73.5,20.0
2026-09-15 19:00:00,Philadelphia,77.0,0.0,75.4,0.0,,,76.2,0.0
2026-09-15 19:00:00,Los Angeles,82.0,3.0,82.0,1.0,,,82.0,2.0
2026-09-15 19:00:00,Las Vegas,99.0,3.0,98.3,3.0,,,98.7,3.0
2026-09-15 19:00:00,New Orleans,92.0,11.0,93.8,3.0,,,92.9,7.0
2026-09-15 19:00:00,San Francisco,69.0,1.0,69.2,2.0,,,69.1,1.5
2026-09-15 19:00:00,Washington DC,80.0,0.0,,,,,80.0,0.0
2026-09-15 19:00:00,Seattle,66.0,18.0,,,,,66.0,18.0
2026-09-15 19:00:00,Boston,68.0,0.0,,,,,68.0,0.0
2026-09-15 19:00:00,Phoenix,99.0,39.0,,,,,99.0,39.0
2026-09-15 19:00:00,Atlanta,92.0,7.0,,,,,92.0,7.0
2026-09-15 19:00:00,Minneapolis,71.0,0.0,,,,,71.0,0.0
2026-09-15 19:00:00,Dallas,101.0,0.0,,,,,101.0,0.0
2026-09-15 19:00:00,San Antonio,100.0,0.0,,,,,100.0,0.0
2026-09-15 19:00:00,Houston,95.0,20.0,,,,,95.0,20.0
2026-09-15 19:00:00,Oklahoma City,101.0,0.0,99.9,0.0,,,100.5,0.0
2026-09-15 19:00:00,Newark,72.0,0.0,74.9,0.0,,,73.5,0.0
2026-09-15 19:00:00,Trenton,75.0,0.0,72.4,0.0,,,73.7,0.0
2026-09-15 20:00:00,New York City,72.0,0.0,73.5,0.0,,,72.8,0.0
2026-09-15 20:00:00,Chicago,80.0,29.0,84.1,47.0,,,82.0,38.0
2026-09-15 20:00:00,Austin,102.0,0.0,100.4,0.0,,,101.2,0.0
2026-09-15 20:00:00,Miami,89.0,22.0,88.4,19.0,,,88.7,20.5
2026-09-15 20:00:00,Denver,75.0,19.0,73.9,20.0,,,74.5,19.5
2026-09-15 20:00:00,Philadelphia,77.0,0.0,76.4,0.0,,,76.7,0.0
2026-09-15 20:00:00,Los Angeles,82.0,3.0,82.0,1.0,,,82.0,2.0
2026-09-15 20:00:00,Las Vegas,99.0,3.0,97.9,3.0,,,98.5,3.0
2026-09-15 20:00:00,New Orleans,92.0,11.0,93.2,3.0,,,92.6,7.0
2026-09-15 20:00:00,San Francisco,69.0,1.0,67.8,2.0,,,68.4,1.5
2026-09-15 20:00:00,Washington DC,80.0,0.0,79.1,0.0,,,79.5,0.0
2026-09-15 20:00:00,Seattle,66.0,3.0,65.0,14.0,,,65.5,8.5
2026-09-15 20:00:00,Boston,68.0,0.0,67.1,0.0,,,67.5,0.0
2026-09-15 20:00:00,Phoenix,99.0,32.0,99.8,16.0,,,99.4,24.0
2026-09-15 20:00:00,Atlanta,92.0,5.0,88.8,0.0,,,90.4,2.5
2026-09-15 20:00:00,Minneapolis,71.0,0.0,,,,,71.0,0.0
2026-09-15 20:00:00,Dallas,101.0,0.0,,,,,101.0,0.0
2026-09-15 20:00:00,San Antonio,100.0,0.0,,,,,100.0,0.0
2026-09-15 20:00:00,Houston,95.0,20.0,,,,,95.0,20.0
2026-09-15 20:00:00,Oklahoma City,100.0,0.0,,,,,100.0,0.0
2026-09-15 20:00:00,Newark,72.0,0.0,,,,,72.0,0.0
2026-09-15 20:00:00,Trenton,75.0,0.0,,,,,75.0,0.0
2026-09-15 21:00:00,New York City,72.0,0.0,73.5,0.0,,,72.8,0.0
2026-09-15 21:00:00,Chicago,80.0,19.0,82.6,47.0,,,81.3,33.0
2026-09-15 21:00:00,Austin,102.0,0.0,100.7,0.0,,,101.3,0.0
2026-09-15 21:00:00,Miami,89.0,22.0,88.4,19.0,,,88.7,20.5
2026-09-15 21:00:00,Denver,75.0,19.0,73.7,20.0,,,74.3,19.5
2026-09-15 21:00:00,Philadelphia,77.0,0.0,77.3,0.0,,,77.2,0.0
2026-09-15 21:00:00,Los Angeles,82.0,3.0,82.6,1.0,,,82.3,2.0
2026-09-15 21:00:00,Las Vegas,99.0,3.0,96.7,3.0,,,97.8,3.0
2026-09-15 21:00:00,New Orleans,92.0,11.0,93.1,2.0,,,92.5,6.5
2026-09-15 21:00:00,San Francisco,69.0,1.0,,,,,69.0,1.0
2026-09-15 21:00:00,Washington DC,80.0,0.0,,,,,80.0,0.0
2026-09-15 21:00:00,Seattle,66.0,3.0,,,,,66.0,3.0
2026-09-15 21:00:00,Boston,67.0,0.0,,,,,67.0,0.0
2026-09-15 21:00:00,Phoenix,99.0,32.0,,,,,99.0,32.0
2026-09-15 21:00:00,Atlanta,92.0,7.0,,,,,92.0,7.0
2026-09-15 21:00:00,Minneapolis,71.0,0.0,,,,,71.0,0.0
2026-09-15 21:00:00,Dallas,101.0,0.0,99.3,0.0,,,100.2,0.0
2026-09-15 21:00:00,San Antonio,100.0,0.0,100.0,0.0,,,100.0,0.0
2026-09-15 21:00:00,Houston,95.0,20.0,94.7,9.0,,,94.8,14.5
2026-09-15 21:00:00,Oklahoma City,100.0,6.0,100.1,0.0,,,100.0,3.0
2026-09-15 21:00:00,Newark,72.0,0.0,74.4,0.0,,,73.2,0.0
2026-09-15 21:00:00,Trenton,75.0,0.0,73.3,0.0,,,74.2,0.0
2026-09-15 22:00:00,New York City,72.0,0.0,73.5,0.0,,,72.8,0.0
2026-09-15 22:00:00,Chicago,80.0,19.0,82.9,47.0,,,81.5,33.0
2026-09-15 22:00:00,Austin,102.0,0.0,100.9,0.0,,,101.5,0.0
2026-09-15 22:00:00,Miami,89.0,20.0,88.4,17.0,,,88.7,18.5
2026-09-15 22:00:00,Denver,75.0,19.0,74.6,20.0,,,74.8,19.5
2026-09-15 22:00:00,Philadelphia,77.0,0.0,77.6,0.0,,,77.3,0.0
2026-09-15 22:00:00,Los Angeles,82.0,3.0,82.2,0.0,,,82.1,1.5
2026-09-15 22:00:00,Las Vegas,99.0,3.0,97.2,3.0,,,98.1,3.0
2026-09-15 22:00:00,New Orleans,92.0,11.0,94.0,2.0,,,93.0,6.5
2026-09-15 22:00:00,San Francisco,69.0,1.0,,,,,69.0,1.0
2026-09-15 22:00:00,Washington DC,80.0,0.0,,,,,80.0,0.0
2026-09-15 22:00:00,Seattle,66.0,3.0,,,,,66.0,3.0
2026-09-15 22:00:00,Boston,67.0,0.0,,,,,67.0,0.0
2026-09-15 22:00:00,Phoenix,99.0,32.0,,,,,99.0,32.0
2026-09-15 22:00:00,Atlanta,92.0,7.0,,,,,92.0,7.0
2026-09-15 22:00:00,Minneapolis,71.0,0.0,,,,,71.0,0.0
2026-09-15 22:00:00,Dallas,101.0,0.0,,,,,101.0,0.0
2026-09-15 22:00:00,San Antonio,100.0,0.0,,,,,100.0,0.0
2026-09-15 22:00:00,Houston,95.0,20.0,94.2,25.0,,,94.6,22.5
2026-09-15 22:00:00,Oklahoma City,100.0,6.0,100.1,0.0,,,100.0,3.0
2026-09-15 22:00:00,Newark,72.0,0.0,75.0,0.0,,,73.5,0.0
2026-09-15 22:00:00,Trenton,75.0,0.0,73.9,0.0,,,74.5,0.0
2026-09-15 23:00:00,New York City,79.0,3.0,73.5,0.0,,,76.2,1.5
2026-09-15 23:00:00,Chicago,80.0,30.0,84.0,47.0,,,82.0,38.5
2026-09-15 23:00:00,Austin,101.0,3.0,101.5,0.0,,,101.2,1.5
2026-09-15 23:00:00,Miami,89.0,38.0,88.4,18.0,,,88.7,28.0
2026-09-15 23:00:00,Denver,75.0,19.0,74.2,20.0,,,74.6,19.5
2026-09-15 23:00:00,Philadelphia,84.0,3.0,77.6,0.0,,,80.8,1.5
2026-09-15 23:00:00,Los Angeles,82.0,3.0,82.3,0.0,,,82.2,1.5
2026-09-15 23:00:00,Las Vegas,99.0,3.0,96.6,2.0,,,97.8,2.5
2026-09-15 23:00:00,New Orleans,92.0,11.0,92.6,2.0,,,92.3,6.5
2026-09-15 23:00:00,San Francisco,69.0,1.0,,,,,69.0,1.0
2026-09-15 23:00:00,Washington DC,87.0,2.0,,,,,87.0,2.0
2026-09-15 23:00:00,Seattle,66.0,3.0,,,,,66.0,3.0
2026-09-15 23:00:00,Boston,78.0,4.0,,,,,78.0,4.0
2026-09-15 23:00:00,Phoenix,99.0,32.0,,,,,99.0,32.0
2026-09-15 23:00:00,Atlanta,91.0,0.0,,,,,91.0,0.0
2026-09-15 23:00:00,Minneapolis,71.0,0.0,,,,,71.0,0.0
2026-09-15 23:00:00,Dallas,101.0,0.0,,,,,101.0,0.0
2026-09-15 23:00:00,San Antonio,100.0,0.0,101.8,0.0,,,100.9,0.0
2026-09-15 23:00:00,Houston,95.0,20.0,94.2,25.0,,,94.6,22.5
2026-09-15 23:00:00,Oklahoma City,100.0,6.0,101.0,0.0,,,100.5,3.0
2026-09-15 23:00:00,Newark,81.0,3.0,75.0,0.0,,,78.0,1.5
2026-09-15 23:00:00,Trenton,83.0,3.0,73.9,0.0,,,78.5,1.5
2026-09-16 00:00:00,New York City,79.0,3.0,73.5,0.0,,,76.2,1.5
2026-09-16 00:00:00,Chicago,72.0,40.0,84.0,47.0,,,78.0,43.5
2026-09-16 00:00:00,Austin,101.0,3.0,102.5,0.0,,,101.8,1.5
2026-09-16 00:00:00,Miami,89.0,38.0,88.4,17.0,,,88.7,27.5
2026-09-16 00:00:00,Denver,84.0,34.0,74.2,20.0,,,79.1,27.0
2026-09-16 00:00:00,Philadelphia,84.0,3.0,77.6,0.0,,,80.8,1.5
2026-09-16 00:00:00,Los Angeles,82.0,3.0,82.3,0.0,,,82.2,1.5
2026-09-16 00:00:00,Las Vegas,99.0,3.0,97.6,1.0,,,98.3,2.0
2026-09-16 00:00:00,New Orleans,89.0,33.0,92.6,2.0,,,90.8,17.5
2026-09-16 00:00:00,San Francisco,69.0,1.0,69.5,2.0,,,69.2,1.5
2026-09-16 00:00:00,Washington DC,87.0,2.0,80.9,0.0,,,84.0,1.0
2026-09-16 00:00:00,Seattle,66.0,3.0,65.4,14.0,,,65.7,8.5
2026-09-16 00:00:00,Boston,78.0,4.0,67.1,0.0,,,72.5,2.0
2026-09-16 00:00:00,Phoenix,99.0,32.0,99.1,16.0,,,99.0,24.0
2026-09-16 00:00:00,Atlanta,91.0,0.0,88.3,2.0,,,89.7,1.0
2026-09-16 00:00:00,Minneapolis,74.0,12.0,72.2,4.0,,,73.1,8.0
2026-09-16 00:00:00,Dallas,100.0,2.0,101.0,0.0,,,100.5,1.0
2026-09-16 00:00:00,San Antonio,99.0,3.0,102.0,0.0,,,100.5,1.5
2026-09-16 00:00:00,Houston,94.0,20.0,94.2,25.0,,,94.1,22.5
2026-09-16 00:00:00,Oklahoma City,100.0,3.0,101.0,0.0,,,100.5,1.5
2026-09-16 00:00:00,Newark,81.0,3.0,75.0,0.0,,,78.0,1.5
2026-09-16 00:00:00,Trenton,83.0,3.0,73.9,0.0,,,78.5,1.5
2026-09-16 01:00:00,New York City,79.0,3.0,73.5,0.0,,,76.2,1.5
2026-09-16 01:00:00,Chicago,72.0,40.0,84.0,47.0,,,78.0,43.5
2026-09-16 01:00:00,Austin,101.0,3.0,102.5,0.0,,,101.8,1.5
2026-09-16 01:00:00,Miami,89.0,38.0,88.4,17.0,,,88.7,27.5
2026-09-16 01:00:00,Denver,84.0,34.0,75.0,20.0,,,79.5,27.0
2026-09-16 01:00:00,Philadelphia,84.0,3.0,77.6,0.0,,,80.8,1.5
2026-09-16 01:00:00,Los Angeles,82.0,3.0,82.3,0.0,,,82.2,1.5
2026-09-16 01:00:00,Las Vegas,99.0,3.0,97.7,1.0,,,98.3,2.0
2026-09-16 01:00:00,New Orleans,89.0,33.0,,,,,89.0,33.0
2026-09-16 01:00:00,San Francisco,69.0,1.0,,,,,69.0,1.0
2026-09-16 01:00:00,Washington DC,87.0,2.0,,,,,87.0,2.0
2026-09-16 01:00:00,Seattle,66.0,3.0,,,,,66.0,3.0
2026-09-16 01:00:00,Boston,78.0,4.0,,,,,78.0,4.0
2026-09-16 01:00:00,Phoenix,99.0,32.0,,,,,99.0,32.0
2026-09-16 01:00:00,Atlanta,91.0,0.0,,,,,91.0,0.0
2026-09-16 01:00:00,Minneapolis,74.0,12.0,72.2,4.0,,,73.1,8.0
2026-09-16 01:00:00,Dallas,100.0,2.0,101.7,0.0,,,100.8,1.0
2026-09-16 01:00:00,San Antonio,99.0,3.0,102.0,0.0,,,100.5,1.5
2026-09-16 01:00:00,Houston,94.0,20.0,94.2,25.0,,,94.1,22.5
2026-09-16 01:00:00,Oklahoma City,100.0,3.0,101.0,0.0,,,100.5,1.5
2026-09-16 01:00:00,Newark,81.0,3.0,75.0,0.0,,,78.0,1.5
2026-09-16 01:00:00,Trenton,83.0,3.0,73.9,0.0,,,78.5,1.5
2026-09-16 02:00:00,New York City,79.0,3.0,73.5,0.0,,,76.2,1.5
2026-09-16 02:00:00,Chicago,72.0,40.0,84.0,47.0,,,78.0,43.5
2026-09-16 02:00:00,Austin,101.0,3.0,102.5,0.0,,,101.8,1.5
2026-09-16 02:00:00,Miami,89.0,38.0,88.4,16.0,,,88.7,27.0
2026-09-16 02:00:00,Denver,84.0,34.0,75.0,20.0,,,79.5,27.0
2026-09-16 02:00:00,Philadelphia,84.0,3.0,77.6,0.0,,,80.8,1.5
2026-09-16 02:00:00,Los Angeles,80.0,10.0,82.3,0.0,,,81.2,5.0
2026-09-16 02:00:00,Las Vegas,97.0,9.0,97.7,1.0,,,97.3,5.0
2026-09-16 02:00:00,New Orleans,89.0,33.0,92.6,2.0,,,90.8,17.5
2026-09-16 02:00:00,San Francisco,66.0,3.0,69.5,2.0,,,67.8,2.5
2026-09-16 02:00:00,Washington DC,87.0,2.0,80.9,0.0,,,84.0,1.0
2026-09-16 02:00:00,Seattle,72.0,0.0,65.2,14.0,,,68.6,7.0
2026-09-16 02:00:00,Boston,78.0,4.0,67.1,0.0,,,72.5,2.0
2026-09-16 02:00:00,Phoenix,90.0,69.0,100.0,16.0,,,95.0,42.5
2026-09-16 02:00:00,Atlanta,91.0,0.0,88.3,2.0,,,89.7,1.0
2026-09-16 02:00:00,Minneapolis,74.0,12.0,72.2,4.0,,,73.1,8.0
2026-09-16 02:00:00,Dallas,100.0,2.0,101.7,0.0,,,100.8,1.0
2026-09-16 02:00:00,San Antonio,99.0,3.0,102.0,0.0,,,100.5,1.5
2026-09-16 02:00:00,Houston,94.0,20.0,94.2,25.0,,,94.1,22.5
2026-09-16 02:00:00,Oklahoma City,100.0,3.0,101.0,0.0,,,100.5,1.5
2026-09-16 02:00:00,Newark,81.0,3.0,75.0,0.0,,,78.0,1.5
2026-09-16 02:00:00,Trenton,83.0,3.0,73.9,0.0,,,78.5,1.5
2026-09-16 03:00:00,New York City,79.0,3.0,73.5,0.0,,,76.2,1.5
2026-09-16 03:00:00,Chicago,72.0,27.0,84.0,47.0,,,78.0,37.0
2026-09-16 03:00:00,Austin,101.0,3.0,102.5,0.0,,,101.8,1.5
2026-09-16 03:00:00,Miami,89.0,38.0,88.4,20.0,,,88.7,29.0
2026-09-16 03:00:00,Denver,84.0,34.0,75.0,20.0,,,79.5,27.0
2026-09-16 03:00:00,Philadelphia,84.0,3.0,77.6,0.0,,,80.8,1.5
2026-09-16 03:00:00,Los Angeles,80.0,10.0,82.3,0.0,,,81.2,5.0
2026-09-16 03:00:00,Las Vegas,97.0,9.0,97.7,1.0,,,97.3,5.0
2026-09-16 03:00:00,New Orleans,89.0,33.0,92.6,2.0,,,90.8,17.5
2026-09-16 03:00:00,San Francisco,66.0,3.0,,,,,66.0,3.0
2026-09-16 03:00:00,Washington DC,87.0,2.0,,,,,87.0,2.0
2026-09-16 03:00:00,Seattle,72.0,0.0,,,,,72.0,0.0
2026-09-16 03:00:00,Boston,78.0,4.0,,,,,78.0,4.0
2026-09-16 03:00:00,Phoenix,90.0,69.0,,,,,90.0,69.0
2026-09-16 03:00:00,Atlanta,91.0,0.0,,,,,91.0,0.0
2026-09-16 03:00:00,Minneapolis,75.0,12.0,,,,,75.0,12.0
2026-09-16 03:00:00,Dallas,100.0,2.0,,,,,100.0,2.0
2026-09-16 03:00:00,San Antonio,99.0,3.0,102.0,0.0,,,100.5,1.5
2026-09-16 03:00:00,Houston,94.0,20.0,94.2,25.0,,,94.1,22.5
2026-09-16 03:00:00,Oklahoma City,100.0,3.0,101.0,0.0,,,100.5,1.5
2026-09-16 03:00:00,Newark,81.0,3.0,75.0,0.0,,,78.0,1.5
2026-09-16 03:00:00,Trenton,83.0,3.0,73.9,0.0,,,78.5,1.5
2026-09-16 04:00:00,New York City,79.0,3.0,79.0,3.0,,,79.0,3.0
2026-09-16 04:00:00,Chicago,72.0,27.0,84.0,47.0,,,78.0,37.0
2026-09-16 04:00:00,Austin,101.0,3.0,102.5,0.0,,,101.8,1.5
2026-09-16 04:00:00,Miami,89.0,38.0,84.7,38.0,,,86.8,38.0
2026-09-16 04:00:00,Denver,84.0,34.0,75.0,20.0,,,79.5,27.0
2026-09-16 04:00:00,Philadelphia,84.0,3.0,82.5,4.0,,,83.2,3.5
2026-09-16 04:00:00,Los Angeles,80.0,10.0,82.3,0.0,,,81.2,5.0
2026-09-16 04:00:00,Las Vegas,97.0,9.0,97.7,1.0,,,97.3,5.0
2026-09-16 04:00:00,New Orleans,89.0,33.0,92.6,2.0,,,90.8,17.5
2026-09-16 04:00:00,San Francisco,66.0,3.0,69.5,2.0,,,67.8,2.5
2026-09-16 04:00:00,Washington DC,87.0,2.0,86.7,3.0,,,86.8,2.5
2026-09-16 04:00:00,Seattle,72.0,0.0,65.2,14.0,,,68.6,7.0
2026-09-16 04:00:00,Boston,78.0,4.0,80.8,2.0,,,79.4,3.0
2026-09-16 04:00:00,Phoenix,90.0,69.0,100.0,16.0,,,95.0,42.5
2026-09-16 04:00:00,Atlanta,91.0,0.0,,,,,91.0,0.0
2026-09-16 04:00:00,Minneapolis,75.0,12.0,,,,,75.0,12.0
2026-09-16 04:00:00,Dallas,100.0,2.0,,,,,100.0,2.0
2026-09-16 04:00:00,San Antonio,99.0,3.0,,,,,99.0,3.0
2026-09-16 04:00:00,Houston,94.0,20.0,,,,,94.0,20.0
2026-09-16 04:00:00,Oklahoma City,100.0,3.0,,,,,100.0,3.0
2026-09-16 04:00:00,Newark,81.0,3.0,,,,,81.0,3.0
2026-09-16 04:00:00,Trenton,83.0,3.0,,,,,83.0,3.0
2026-09-16 05:00:00,New York City,79.0,3.0,79.7,3.0,,,79.3,3.0
2026-09-16 05:00:00,Chicago,72.0,27.0,72.7,44.0,,,72.3,35.5
2026-09-16 05:00:00,Austin,101.0,3.0,98.6,2.0,,,99.8,2.5
2026-09-16 05:00:00,Miami,89.0,38.0,86.5,38.0,,,87.8,38.0
2026-09-16 05:00:00,Denver,84.0,34.0,75.0,20.0,,,79.5,27.0
2026-09-16 05:00:00,Philadelphia,84.0,3.0,81.9,4.0,,,83.0,3.5
2026-09-16 05:00:00,Los Angeles,80.0,10.0,,,,,80.0,10.0
2026-09-16 05:00:00,Las Vegas,97.0,9.0,,,,,97.0,9.0
2026-09-16 05:00:00,New Orleans,89.0,33.0,,,,,89.0,33.0
2026-09-16 05:00:00,San Francisco,66.0,3.0,,,,,66.0,3.0
2026-09-16 05:00:00,Washington DC,87.0,2.0,,,,,87.0,2.0
2026-09-16 05:00:00,Seattle,72.0,0.0,,,,,72.0,0.0
2026-09-16 05:00:00,Boston,78.0,4.0,80.2,2.0,,,79.1,3.0
2026-09-16 05:00:00,Phoenix,90.0,69.0,100.0,16.0,,,95.0,42.5
2026-09-16 05:00:00,Atlanta,91.0,0.0,89.6,1.0,,,90.3,0.5
2026-09-16 05:00:00,Minneapolis,75.0,12.0,75.4,31.0,,,75.2,21.5
2026-09-16 05:00:00,Dallas,100.0,2.0,98.8,1.0,,,99.4,1.5
2026-09-16 05:00:00,San Antonio,99.0,3.0,98.5,8.0,,,98.8,5.5
2026-09-16 05:00:00,Houston,94.0,20.0,93.9,13.0,,,94.0,16.5
2026-09-16 05:00:00,Oklahoma City,100.0,3.0,100.2,1.0,,,100.1,2.0
2026-09-16 05:00:00,Newark,81.0,3.0,,,,,81.0,3.0
2026-09-16 05:00:00,Trenton,83.0,3.0,,,,,83.0,3.0
2026-09-16 06:00:00,New York City,79.0,3.0,79.9,4.0,,,79.5,3.5
2026-09-16 06:00:00,Chicago,72.0,27.0,73.2,36.0,,,72.6,31.5
2026-09-16 06:00:00,Austin,101.0,3.0,98.2,2.0,,,99.6,2.5
2026-09-16 06:00:00,Miami,89.0,38.0,85.9,22.0,,,87.5,30.0
2026-09-16 06:00:00,Denver,84.0,34.0,84.8,14.0,,,84.4,24.0
2026-09-16 06:00:00,Philadelphia,84.0,3.0,81.9,4.0,,,83.0,3.5
2026-09-16 06:00:00,Los Angeles,80.0,10.0,82.3,0.0,,,81.2,5.0
2026-09-16 06:00:00,Las Vegas,97.0,9.0,97.7,1.0,,,97.3,5.0
2026-09-16 06:00:00,New Orleans,89.0,33.0,88.6,15.0,,,88.8,24.0
2026-09-16 06:00:00,San Francisco,66.0,3.0,69.5,2.0,,,67.8,2.5
2026-09-16 06:00:00,Washington DC,87.0,2.0,85.4,2.0,,,86.2,2.0
2026-09-16 06:00:00,Seattle,72.0,0.0,65.2,14.0,,,68.6,7.0
2026-09-16 06:00:00,Boston,78.0,2.0,79.9,2.0,,,79.0,2.0
2026-09-16 06:00:00,Phoenix,88.0,89.0,,,,,88.0,89.0
2026-09-16 06:00:00,Atlanta,91.0,0.0,,,,,91.0,0.0
2026-09-16 06:00:00,Minneapolis,75.0,2.0,,,,,75.0,2.0
2026-09-16 06:00:00,Dallas,100.0,2.0,,,,,100.0,2.0
2026-09-16 06:00:00,San Antonio,99.0,3.0,,,,,99.0,3.0
2026-09-16 06:00:00,Houston,94.0,20.0,,,,,94.0,20.0
2026-09-16 06:00:00,Oklahoma City,100.0,3.0,,,,,100.0,3.0
2026-09-16 06:00:00,Newark,81.0,3.0,,,,,81.0,3.0
2026-09-16 06:00:00,Trenton,83.0,3.0,,,,,83.0,3.0
2026-09-16 07:00:00,New York City,78.0,3.0,78.6,4.0,,,78.3,3.5
2026-09-16 07:00:00,Chicago,72.0,42.0,73.6,38.0,,,72.8,40.0
2026-09-16 07:00:00,Austin,101.0,3.0,98.3,2.0,,,99.7,2.5
2026-09-16 07:00:00,Miami,88.0,52.0,85.5,22.0,,,86.8,37.0
2026-09-16 07:00:00,Denver,84.0,20.0,86.1,16.0,,,85.0,18.0
2026-09-16 07:00:00,Philadelphia,84.0,3.0,81.5,4.0,,,82.8,3.5
2026-09-16 07:00:00,Los Angeles,78.0,10.0,79.9,1.0,,,79.0,5.5
2026-09-16 07:00:00,Las Vegas,96.0,4.0,98.1,4.0,,,97.0,4.0
2026-09-16 07:00:00,New Orleans,88.0,52.0,87.5,15.0,,,87.8,33.5
2026-09-16 07:00:00,San Francisco,66.0,3.0,64.1,2.0,,,65.0,2.5
2026-09-16 07:00:00,Washington DC,86.0,1.0,85.5,2.0,,,85.8,1.5
2026-09-16 07:00:00,Seattle,72.0,0.0,72.5,1.0,,,72.2,0.5
2026-09-16 07:00:00,Boston,77.0,2.0,79.5,3.0,,,78.2,2.5
2026-09-16 07:00:00,Phoenix,88.0,89.0,96.8,32.0,,,92.4,60.5
2026-09-16 07:00:00,Atlanta,91.0,0.0,90.0,2.0,,,90.5,1.0
2026-09-16 07:00:00,Minneapolis,75.0,2.0,74.8,39.0,,,74.9,20.5
2026-09-16 07:00:00,Dallas,100.0,2.0,98.7,1.0,,,99.3,1.5
2026-09-16 07:00:00,San Antonio,99.0,3.0,,,,,99.0,3.0
2026-09-16 07:00:00,Houston,94.0,20.0,,,,,94.0,20.0
2026-09-16 07:00:00,Oklahoma City,100.0,3.0,,,,,100.0,3.0
2026-09-16 07:00:00,Newark,80.0,3.0,,,,,80.0,3.0
2026-09-16 07:00:00,Trenton,83.0,3.0,,,,,83.0,3.0
2026-09-16 08:00:00,New York City,78.0,3.0,80.1,4.0,,,79.0,3.5
2026-09-16 08:00:00,Chicago,72.0,42.0,72.2,38.0,,,72.1,40.0
2026-09-16 08:00:00,Austin,101.0,3.0,98.6,2.0,,,99.8,2.5
2026-09-16 08:00:00,Miami,88.0,52.0,86.0,22.0,,,87.0,37.0
2026-09-16 08:00:00,Denver,84.0,20.0,87.4,16.0,,,85.7,18.0
2026-09-16 08:00:00,Philadelphia,84.0,3.0,81.5,4.0,,,82.8,3.5
2026-09-16 08:00:00,Los Angeles,78.0,10.0,80.6,1.0,,,79.3,5.5
2026-09-16 08:00:00,Las Vegas,96.0,4.0,98.1,4.0,,,97.0,4.0
2026-09-16 08:00:00,New Orleans,88.0,52.0,88.2,15.0,,,88.1,33.5
2026-09-16 08:00:00,San Francisco,66.0,3.0,64.0,2.0,,,65.0,2.5
2026-09-16 08:00:00,Washington DC,86.0,1.0,,,,,86.0,1.0
2026-09-16 08:00:00,Seattle,72.0,0.0,,,,,72.0,0.0
2026-09-16 08:00:00,Boston,77.0,2.0,,,,,77.0,2.0
2026-09-16 08:00:00,Phoenix,88.0,89.0,,,,,88.0,89.0
2026-09-16 08:00:00,Atlanta,91.0,0.0,,,,,91.0,0.0
2026-09-16 08:00:00,Minneapolis,75.0,2.0,,,,,75.0,2.0
2026-09-16 08:00:00,Dallas,100.0,2.0,,,,,100.0,2.0
2026-09-16 08:00:00,San Antonio,99.0,3.0,,,,,99.0,3.0
2026-09-16 08:00:00,Houston,95.0,18.0,,,,,95.0,18.0
2026-09-16 08:00:00,Oklahoma City,100.0,15.0,,,,,100.0,15.0
2026-09-16 08:00:00,Newark,80.0,3.0,81.2,4.0,,,80.6,3.5
2026-09-16 08:00:00,Trenton,83.0,3.0,80.0,4.0,,,81.5,3.5
2026-09-16 09:00:00,New York City,78.0,3.0,79.9,3.0,,,79.0,3.0
2026-09-16 09:00:00,Chicago,72.0,42.0,70.2,38.0,,,71.1,40.0
2026-09-16 09:00:00,Austin,101.0,3.0,98.9,2.0,,,100.0,2.5
2026-09-16 09:00:00,Miami,88.0,52.0,86.0,31.0,,,87.0,41.5
2026-09-16 09:00:00,Denver,84.0,20.0,87.1,16.0,,,85.5,18.0
2026-09-16 09:00:00,Philadelphia,83.0,2.0,81.6,4.0,,,82.3,3.0
2026-09-16 09:00:00,Los Angeles,78.0,10.0,79.7,1.0,,,78.8,5.5
2026-09-16 09:00:00,Las Vegas,96.0,4.0,98.2,4.0,,,97.1,4.0
2026-09-16 09:00:00,New Orleans,88.0,52.0,87.7,15.0,,,87.8,33.5
2026-09-16 09:00:00,San Francisco,66.0,3.0,63.9,2.0,,,65.0,2.5
2026-09-16 09:00:00,Washington DC,86.0,1.0,85.3,2.0,,,85.7,1.5
2026-09-16 09:00:00,Seattle,72.0,0.0,71.8,1.0,,,71.9,0.5
2026-09-16 09:00:00,Boston,77.0,2.0,79.9,2.0,,,78.5,2.0
2026-09-16 09:00:00,Phoenix,88.0,89.0,94.2,29.0,,,91.1,59.0
2026-09-16 09:00:00,Atlanta,91.0,0.0,90.0,2.0,,,90.5,1.0
2026-09-16 09:00:00,Minneapolis,75.0,2.0,,,,,75.0,2.0
2026-09-16 09:00:00,Dallas,100.0,2.0,,,,,100.0,2.0
2026-09-16 09:00:00,San Antonio,99.0,3.0,,,,,99.0,3.0
2026-09-16 09:00:00,Houston,95.0,18.0,,,,,95.0,18.0
2026-09-16 09:00:00,Oklahoma City,100.0,15.0,,,,,100.0,15.0
2026-09-16 09:00:00,Newark,80.0,3.0,,,,,80.0,3.0
2026-09-16 09:00:00,Trenton,83.0,3.0,,,,,83.0,3.0
2026-09-16 10:00:00,New York City,78.0,3.0,79.1,4.0,,,78.5,3.5
2026-09-16 10:00:00,Chicago,72.0,42.0,70.2,47.0,,,71.1,44.5
2026-09-16 10:00:00,Austin,101.0,3.0,98.3,2.0,,,99.7,2.5
2026-09-16 10:00:00,Miami,88.0,52.0,86.9,37.0,,,87.5,44.5
2026-09-16 10:00:00,Denver,84.0,20.0,86.8,13.0,,,85.4,16.5
2026-09-16 10:00:00,Philadelphia,83.0,2.0,81.6,3.0,,,82.3,2.5
2026-09-16 10:00:00,Los Angeles,78.0,10.0,80.5,4.0,,,79.2,7.0
2026-09-16 10:00:00,Las Vegas,96.0,4.0,98.8,4.0,,,97.4,4.0
2026-09-16 10:00:00,New Orleans,88.0,52.0,88.0,19.0,,,88.0,35.5
2026-09-16 10:00:00,San Francisco,66.0,3.0,,,,,66.0,3.0
2026-09-16 10:00:00,Washington DC,86.0,1.0,,,,,86.0,1.0
2026-09-16 10:00:00,Seattle,72.0,0.0,,,,,72.0,0.0
2026-09-16 10:00:00,Boston,77.0,2.0,,,,,77.0,2.0
2026-09-16 10:00:00,Phoenix,88.0,89.0,,,,,88.0,89.0
2026-09-16 10:00:00,Atlanta,91.0,0.0,90.3,5.0,,,90.7,2.5
2026-09-16 10:00:00,Minneapolis,75.0,2.0,,,,,75.0,2.0
2026-09-16 10:00:00,Dallas,100.0,2.0,98.9,1.0,,,99.5,1.5
2026-09-16 10:00:00,San Antonio,99.0,3.0,,,,,99.0,3.0
2026-09-16 10:00:00,Houston,95.0,18.0,93.4,11.0,,,94.2,14.5
2026-09-16 10:00:00,Oklahoma City,100.0,15.0,99.6,1.0,,,99.8,8.0
2026-09-16 10:00:00,Newark,80.0,3.0,81.4,4.0,,,80.7,3.5
2026-09-16 10:00:00,Trenton,83.0,3.0,79.8,3.0,,,81.4,3.0
2026-09-16 11:00:00,New York City,78.0,3.0,79.8,5.0,,,78.9,4.0
2026-09-16 11:00:00,Chicago,72.0,70.0,70.2,48.0,,,71.1,59.0
2026-09-16 11:00:00,Austin,101.0,3.0,98.0,1.0,,,99.5,2.0
2026-09-16 11:00:00,Miami,88.0,52.0,86.0,36.0,,,87.0,44.0
2026-09-16 11:00:00,Denver,84.0,20.0,86.9,14.0,,,85.5,17.0
2026-09-16 11:00:00,Philadelphia,83.0,2.0,81.6,3.0,,,82.3,2.5
2026-09-16 11:00:00,Los Angeles,78.0,10.0,80.5,4.0,,,79.2,7.0
2026-09-16 11:00:00,Las Vegas,96.0,4.0,98.7,3.0,,,97.3,3.5
2026-09-16 11:00:00,New Orleans,88.0,52.0,89.1,21.0,,,88.5,36.5
2026-09-16 11:00:00,San Francisco,66.0,3.0,,,,,66.0,3.0
2026-09-16 11:00:00,Washington DC,86.0,1.0,,,,,86.0,1.0
2026-09-16 11:00:00,Seattle,72.0,0.0,,,,,72.0,0.0
2026-09-16 11:00:00,Boston,77.0,2.0,,,,,77.0,2.0
2026-09-16 11:00:00,Phoenix,88.0,89.0,,,,,88.0,89.0
2026-09-16 11:00:00,Atlanta,91.0,0.0,,,,,91.0,0.0
2026-09-16 11:00:00,Minneapolis,75.0,2.0,,,,,75.0,2.0
2026-09-16 11:00:00,Dallas,100.0,2.0,,,,,100.0,2.0
2026-09-16 11:00:00,San Antonio,99.0,3.0,,,,,99.0,3.0
2026-09-16 11:00:00,Houston,95.0,18.0,93.1,11.0,,,94.0,14.5
2026-09-16 11:00:00,Oklahoma City,100.0,15.0,99.8,2.0,,,99.9,8.5
2026-09-16 11:00:00,Newark,80.0,3.0,81.6,5.0,,,80.8,4.0
2026-09-16 11:00:00,Trenton,83.0,3.0,80.0,2.0,,,81.5,2.5
2026-09-16 12:00:00,New York City,78.0,3.0,79.7,8.0,,,78.8,5.5
2026-09-16 12:00:00,Chicago,72.0,70.0,71.3,47.0,,,71.7,58.5
2026-09-16 12:00:00,Austin,101.0,3.0,97.9,1.0,,,99.5,2.0
2026-09-16 12:00:00,Miami,88.0,52.0,86.5,28.0,,,87.2,40.0
2026-09-16 12:00:00,Denver,84.0,20.0,85.7,20.0,,,84.8,20.0
2026-09-16 12:00:00,Philadelphia,83.0,2.0,81.8,2.0,,,82.4,2.0
2026-09-16 12:00:00,Los Angeles,78.0,10.0,80.3,4.0,,,79.2,7.0
2026-09-16 12:00:00,Las Vegas,96.0,4.0,98.2,3.0,,,97.1,3.5
2026-09-16 12:00:00,New Orleans,88.0,52.0,88.0,19.0,,,88.0,35.5
2026-09-16 12:00:00,San Francisco,66.0,3.0,64.7,2.0,,,65.3,2.5
2026-09-16 12:00:00,Washington DC,86.0,1.0,85.6,2.0,,,85.8,1.5
2026-09-16 12:00:00,Seattle,72.0,0.0,71.5,1.0,,,71.8,0.5
2026-09-16 12:00:00,Boston,77.0,2.0,79.9,1.0,,,78.5,1.5
2026-09-16 12:00:00,Phoenix,88.0,89.0,92.5,32.0,,,90.2,60.5
2026-09-16 12:00:00,Atlanta,91.0,0.0,,,,,91.0,0.0
2026-09-16 12:00:00,Minneapolis,75.0,2.0,,,,,75.0,2.0
2026-09-16 12:00:00,Dallas,100.0,2.0,,,,,100.0,2.0
2026-09-16 12:00:00,San Antonio,99.0,3.0,,,,,99.0,3.0
2026-09-16 12:00:00,Houston,95.0,18.0,,,,,95.0,18.0
2026-09-16 12:00:00,Oklahoma City,100.0,15.0,,,,,100.0,15.0
2026-09-16 12:00:00,Newark,80.0,3.0,,,,,80.0,3.0
2026-09-16 12:00:00,Trenton,83.0,3.0,,,,,83.0,3.0
2026-09-16 13:00:00,New York City,78.0,3.0,79.5,8.0,,,78.8,5.5
2026-09-16 13:00:00,Chicago,72.0,54.0,70.2,47.0,,,71.1,50.5
2026-09-16 13:00:00,Austin,101.0,3.0,98.5,1.0,,,99.8,2.0
2026-09-16 13:00:00,Miami,88.0,52.0,86.2,28.0,,,87.1,40.0
2026-09-16 13:00:00,Denver,84.0,20.0,85.6,20.0,,,84.8,20.0
2026-09-16 13:00:00,Philadelphia,83.0,2.0,81.4,2.0,,,82.2,2.0
2026-09-16 13:00:00,Los Angeles,78.0,10.0,79.6,4.0,,,78.8,7.0
2026-09-16 13:00:00,Las Vegas,96.0,4.0,98.0,3.0,,,97.0,3.5
2026-09-16 13:00:00,New Orleans,88.0,52.0,87.1,19.0,,,87.5,35.5
2026-09-16 13:00:00,San Francisco,66.0,3.0,64.1,2.0,,,65.0,2.5
2026-09-16 13:00:00,Washington DC,86.0,1.0,,,,,86.0,1.0
2026-09-16 13:00:00,Seattle,72.0,0.0,,,,,72.0,0.0
2026-09-16 13:00:00,Boston,77.0,2.0,,,,,77.0,2.0
2026-09-16 13:00:00,Phoenix,88.0,89.0,,,,,88.0,89.0
2026-09-16 13:00:00,Atlanta,91.0,0.0,,,,,91.0,0.0
2026-09-16 13:00:00,Minneapolis,75.0,2.0,,,,,75.0,2.0
2026-09-16 13:00:00,Dallas,100.0,2.0,,,,,100.0,2.0
2026-09-16 13:00:00,San Antonio,99.0,3.0,,,,,99.0,3.0
2026-09-16 13:00:00,Houston,95.0,18.0,,,,,95.0,18.0
2026-09-16 13:00:00,Oklahoma City,100.0,15.0,,,,,100.0,15.0
2026-09-16 13:00:00,Newark,80.0,3.0,81.6,8.0,,,80.8,5.5
2026-09-16 13:00:00,Trenton,83.0,3.0,79.7,2.0,,,81.3,2.5
2026-09-16 14:00:00,New York City,78.0,3.0,79.4,10.0,,,78.7,6.5
2026-09-16 14:00:00,Chicago,72.0,54.0,70.2,47.0,,,71.1,50.5
2026-09-16 14:00:00,Austin,101.0,3.0,98.4,1.0,,,99.7,2.0
2026-09-16 14:00:00,Miami,88.0,52.0,86.4,37.0,,,87.2,44.5
2026-09-16 14:00:00,Denver,84.0,20.0,85.0,17.0,,,84.5,18.5
2026-09-16 14:00:00,Philadelphia,83.0,2.0,81.5,2.0,,,82.2,2.0
2026-09-16 14:00:00,Los Angeles,78.0,10.0,79.7,4.0,,,78.8,7.0
2026-09-16 14:00:00,Las Vegas,96.0,4.0,97.9,2.0,,,97.0,3.0
2026-09-16 14:00:00,New Orleans,88.0,52.0,88.4,19.0,,,88.2,35.5
2026-09-16 14:00:00,San Francisco,66.0,3.0,63.6,2.0,,,64.8,2.5
2026-09-16 14:00:00,Washington DC,86.0,1.0,,,,,86.0,1.0
2026-09-16 14:00:00,Seattle,72.0,0.0,,,,,72.0,0.0
2026-09-16 14:00:00,Boston,77.0,2.0,,,,,77.0,2.0
2026-09-16 14:00:00,Phoenix,88.0,89.0,,,,,88.0,89.0
2026-09-16 14:00:00,Atlanta,91.0,0.0,,,,,91.0,0.0
2026-09-16 14:00:00,Minneapolis,75.0,2.0,,,,,75.0,2.0
2026-09-16 14:00:00,Dallas,100.0,2.0,,,,,100.0,2.0
2026-09-16 14:00:00,San Antonio,99.0,3.0,,,,,99.0,3.0
2026-09-16 14:00:00,Houston,95.0,18.0,,,,,95.0,18.0
2026-09-16 14:00:00,Oklahoma City,100.0,15.0,99.4,2.0,,,99.7,8.5
2026-09-16 14:00:00,Newark,80.0,3.0,80.4,11.0,,,80.2,7.0
2026-09-16 14:00:00,Trenton,83.0,3.0,79.6,2.0,,,81.3,2.5
2026-09-16 15:00:00,New York City,78.0,3.0,79.6,17.0,,,78.8,10.0
2026-09-16 15:00:00,Chicago,72.0,70.0,70.2,47.0,,,71.1,58.5
2026-09-16 15:00:00,Austin,101.0,3.0,98.4,1.0,,,99.7,2.0
2026-09-16 15:00:00,Miami,88.0,52.0,86.7,35.0,,,87.3,43.5
2026-09-16 15:00:00,Denver,84.0,20.0,85.0,21.0,,,84.5,20.5
2026-09-16 15:00:00,Philadelphia,83.0,2.0,81.9,2.0,,,82.5,2.0
2026-09-16 15:00:00,Los Angeles,78.0,10.0,80.5,4.0,,,79.2,7.0
2026-09-16 15:00:00,Las Vegas,96.0,4.0,97.8,2.0,,,96.9,3.0
2026-09-16 15:00:00,New Orleans,88.0,52.0,87.2,29.0,,,87.6,40.5
2026-09-16 15:00:00,San Francisco,66.0,3.0,63.6,2.0,,,64.8,2.5
2026-09-16 15:00:00,Washington DC,86.0,1.0,86.2,1.0,,,86.1,1.0
2026-09-16 15:00:00,Seattle,72.0,0.0,71.3,1.0,,,71.7,0.5
2026-09-16 15:00:00,Boston,77.0,2.0,80.8,1.0,,,78.9,1.5
2026-09-16 15:00:00,Phoenix,88.0,89.0,95.2,54.0,,,91.6,71.5
2026-09-16 15:00:00,Atlanta,91.0,0.0,89.9,5.0,,,90.5,2.5
2026-09-16 15:00:00,Minneapolis,75.0,2.0,74.1,38.0,,,74.5,20.0
2026-09-16 15:00:00,Dallas,100.0,2.0,98.9,0.0,,,99.5,1.0
2026-09-16 15:00:00,San Antonio,99.0,3.0,98.8,3.0,,,98.9,3.0
2026-09-16 15:00:00,Houston,95.0,18.0,,,,,95.0,18.0
2026-09-16 15:00:00,Oklahoma City,100.0,15.0,,,,,100.0,15.0
2026-09-16 15:00:00,Newark,80.0,3.0,,,,,80.0,3.0
2026-09-16 15:00:00,Trenton,83.0,3.0,,,,,83.0,3.0
2026-09-16 16:00:00,New York City,78.0,3.0,79.5,17.0,,,78.8,10.0
2026-09-16 16:00:00,Chicago,70.0,42.0,70.2,47.0,,,70.1,44.5
2026-09-16 16:00:00,Austin,101.0,3.0,97.8,1.0,,,99.4,2.0
2026-09-16 16:00:00,Miami,88.0,52.0,86.9,31.0,,,87.5,41.5
2026-09-16 16:00:00,Denver,84.0,20.0,85.4,30.0,,,84.7,25.0
2026-09-16 16:00:00,Philadelphia,83.0,2.0,82.3,2.0,,,82.7,2.0
2026-09-16 16:00:00,Los Angeles,78.0,10.0,78.4,4.0,,,78.2,7.0
2026-09-16 16:00:00,Las Vegas,96.0,4.0,97.9,2.0,,,97.0,3.0
2026-09-16 16:00:00,New Orleans,88.0,52.0,88.1,28.0,,,88.0,40.0
2026-09-16 16:00:00,San Francisco,66.0,3.0,62.8,2.0,,,64.4,2.5
2026-09-16 16:00:00,Washington DC,86.0,0.0,,,,,86.0,0.0
2026-09-16 16:00:00,Seattle,72.0,0.0,,,,,72.0,0.0
2026-09-16 16:00:00,Boston,77.0,2.0,,,,,77.0,2.0
2026-09-16 16:00:00,Phoenix,88.0,89.0,,,,,88.0,89.0
2026-09-16 16:00:00,Atlanta,91.0,0.0,,,,,91.0,0.0
2026-09-16 16:00:00,Minneapolis,75.0,2.0,,,,,75.0,2.0
2026-09-16 16:00:00,Dallas,100.0,2.0,,,,,100.0,2.0
2026-09-16 16:00:00,San Antonio,99.0,3.0,,,,,99.0,3.0
2026-09-16 16:00:00,Houston,95.0,18.0,93.4,12.0,,,94.2,15.0
2026-09-16 16:00:00,Oklahoma City,100.0,15.0,98.8,2.0,,,99.4,8.5
2026-09-16 16:00:00,Newark,80.0,3.0,81.2,17.0,,,80.6,10.0
2026-09-16 16:00:00,Trenton,83.0,3.0,79.8,4.0,,,81.4,3.5
2026-09-16 17:00:00,New York City,78.0,3.0,78.4,17.0,,,78.2,10.0
2026-09-16 17:00:00,Chicago,70.0,42.0,71.8,47.0,,,70.9,44.5
2026-09-16 17:00:00,Austin,101.0,3.0,98.5,1.0,,,99.8,2.0
2026-09-16 17:00:00,Miami,88.0,52.0,87.0,30.0,,,87.5,41.0
2026-09-16 17:00:00,Denver,84.0,20.0,84.4,34.0,,,84.2,27.0
2026-09-16 17:00:00,Philadelphia,83.0,2.0,82.4,1.0,,,82.7,1.5
2026-09-16 17:00:00,Los Angeles,78.0,10.0,80.7,4.0,,,79.3,7.0
2026-09-16 17:00:00,Las Vegas,96.0,0.0,97.8,3.0,,,96.9,1.5
2026-09-16 17:00:00,New Orleans,88.0,52.0,,,,,88.0,52.0
2026-09-16 17:00:00,San Francisco,66.0,3.0,,,,,66.0,3.0
2026-09-16 17:00:00,Washington DC,86.0,0.0,,,,,86.0,0.0
2026-09-16 17:00:00,Seattle,72.0,0.0,,,,,72.0,0.0
2026-09-16 17:00:00,Boston,77.0,2.0,,,,,77.0,2.0
2026-09-16 17:00:00,Phoenix,88.0,89.0,,,,,88.0,89.0
2026-09-16 17:00:00,Atlanta,91.0,0.0,,,,,91.0,0.0
2026-09-16 17:00:00,Minneapolis,75.0,2.0,74.0,23.0,,,74.5,12.5
2026-09-16 17:00:00,Dallas,100.0,2.0,98.7,1.0,,,99.3,1.5
2026-09-16 17:00:00,San Antonio,99.0,3.0,99.4,14.0,,,99.2,8.5
2026-09-16 17:00:00,Houston,95.0,18.0,92.8,9.0,,,93.9,13.5
2026-09-16 17:00:00,Oklahoma City,100.0,15.0,99.3,2.0,,,99.7,8.5
2026-09-16 17:00:00,Newark,80.0,3.0,81.6,17.0,,,80.8,10.0
2026-09-16 17:00:00,Trenton,83.0,3.0,80.1,3.0,,,81.5,3.0
2026-09-16 18:00:00,New York City,78.0,3.0,78.9,17.0,,,78.5,10.0
2026-09-16 18:00:00,Chicago,70.0,42.0,70.8,47.0,,,70.4,44.5
2026-09-16 18:00:00,Austin,101.0,3.0,98.1,1.0,,,99.5,2.0
2026-09-16 18:00:00,Miami,88.0,52.0,87.0,30.0,,,87.5,41.0
2026-09-16 18:00:00,Denver,84.0,20.0,84.6,22.0,,,84.3,21.0
2026-09-16 18:00:00,Philadelphia,83.0,2.0,82.9,1.0,,,83.0,1.5
2026-09-16 18:00:00,Los Angeles,78.0,10.0,81.3,4.0,,,79.7,7.0
2026-09-16 18:00:00,Las Vegas,96.0,0.0,98.4,3.0,,,97.2,1.5
2026-09-16 18:00:00,New Orleans,88.0,52.0,89.3,28.0,,,88.7,40.0
2026-09-16 18:00:00,San Francisco,66.0,3.0,62.3,2.0,,,64.2,2.5
2026-09-16 18:00:00,Washington DC,86.0,0.0,86.0,0.0,,,86.0,0.0
2026-09-16 18:00:00,Seattle,72.0,0.0,70.2,1.0,,,71.1,0.5
2026-09-16 18:00:00,Boston,77.0,2.0,,,,,77.0,2.0
2026-09-16 18:00:00,Phoenix,88.0,86.0,,,,,88.0,86.0
2026-09-16 18:00:00,Atlanta,91.0,0.0,,,,,91.0,0.0
2026-09-16 18:00:00,Minneapolis,75.0,2.0,,,,,75.0,2.0
2026-09-16 18:00:00,Dallas,100.0,2.0,,,,,100.0,2.0
2026-09-16 18:00:00,San Antonio,99.0,3.0,,,,,99.0,3.0
2026-09-16 18:00:00,Houston,95.0,9.0,,,,,95.0,9.0
2026-09-16 18:00:00,Oklahoma City,100.0,15.0,,,,,100.0,15.0
2026-09-16 18:00:00,Newark,80.0,3.0,,,,,80.0,3.0
2026-09-16 18:00:00,Trenton,83.0,3.0,,,,,83.0,3.0
2026-09-16 19:00:00,New York City,78.0,2.0,78.0,17.0,,,78.0,9.5
2026-09-16 19:00:00,Chicago,69.0,30.0,70.8,47.0,,,69.9,38.5
2026-09-16 19:00:00,Austin,101.0,1.0,98.5,1.0,,,99.8,1.0
2026-09-16 19:00:00,Miami,88.0,52.0,87.9,30.0,,,88.0,41.0
2026-09-16 19:00:00,Denver,84.0,20.0,84.1,22.0,,,84.0,21.0
2026-09-16 19:00:00,Philadelphia,82.0,0.0,82.4,1.0,,,82.2,0.5
2026-09-16 19:00:00,Los Angeles,78.0,2.0,80.9,4.0,,,79.5,3.0
2026-09-16 19:00:00,Las Vegas,96.0,0.0,98.6,3.0,,,97.3,1.5
2026-09-16 19:00:00,New Orleans,88.0,21.0,90.0,28.0,,,89.0,24.5
2026-09-16 19:00:00,San Francisco,66.0,4.0,62.1,2.0,,,64.0,3.0
2026-09-16 19:00:00,Washington DC,86.0,0.0,,,,,86.0,0.0
2026-09-16 19:00:00,Seattle,72.0,0.0,,,,,72.0,0.0
2026-09-16 19:00:00,Boston,77.0,2.0,,,,,77.0,2.0
2026-09-16 19:00:00,Phoenix,88.0,86.0,,,,,88.0,86.0
2026-09-16 19:00:00,Atlanta,91.0,0.0,,,,,91.0,0.0
2026-09-16 19:00:00,Minneapolis,75.0,2.0,,,,,75.0,2.0
2026-09-16 19:00:00,Dallas,101.0,4.0,,,,,101.0,4.0
2026-09-16 19:00:00,San Antonio,99.0,5.0,,,,,99.0,5.0
2026-09-16 19:00:00,Houston,95.0,9.0,,,,,95.0,9.0
2026-09-16 19:00:00,Oklahoma City,100.0,15.0,,,,,100.0,15.0
2026-09-16 19:00:00,Newark,80.0,2.0,81.3,17.0,,,80.7,9.5
2026-09-16 19:00:00,Trenton,82.0,0.0,80.1,2.0,,,81.0,1.0
2026-09-16 20:00:00,New York City,78.0,2.0,78.9,17.0,,,78.5,9.5
2026-09-16 20:00:00,Chicago,69.0,30.0,70.8,47.0,,,69.9,38.5
2026-09-16 20:00:00,Austin,101.0,1.0,98.1,1.0,,,99.5,1.0
2026-09-16 20:00:00,Miami,88.0,45.0,88.3,30.0,,,88.2,37.5
2026-09-16 20:00:00,Denver,84.0,27.0,85.0,18.0,,,84.5,22.5
2026-09-16 20:00:00,Philadelphia,82.0,0.0,82.2,1.0,,,82.1,0.5
2026-09-16 20:00:00,Los Angeles,78.0,2.0,81.0,4.0,,,79.5,3.0
2026-09-16 20:00:00,Las Vegas,96.0,0.0,98.4,3.0,,,97.2,1.5
2026-09-16 20:00:00,New Orleans,88.0,18.0,,,,,88.0,18.0
2026-09-16 20:00:00,San Francisco,66.0,4.0,,,,,66.0,4.0
2026-09-16 20:00:00,Washington DC,87.0,1.0,,,,,87.0,1.0
2026-09-16 20:00:00,Seattle,72.0,0.0,,,,,72.0,0.0
2026-09-16 20:00:00,Boston,78.0,1.0,80.9,1.0,,,79.5,1.0
2026-09-16 20:00:00,Phoenix,88.0,86.0,94.0,44.0,,,91.0,65.0
2026-09-16 20:00:00,Atlanta,91.0,0.0,89.6,5.0,,,90.3,2.5
2026-09-16 20:00:00,Minneapolis,75.0,2.0,75.2,21.0,,,75.1,11.5
2026-09-16 20:00:00,Dallas,101.0,4.0,99.3,1.0,,,100.2,2.5
2026-09-16 20:00:00,San Antonio,99.0,5.0,98.5,10.0,,,98.8,7.5
2026-09-16 20:00:00,Houston,95.0,9.0,91.3,7.0,,,93.2,8.0
2026-09-16 20:00:00,Oklahoma City,100.0,15.0,99.5,2.0,,,99.8,8.5
2026-09-16 20:00:00,Newark,80.0,2.0,,,,,80.0,2.0
2026-09-16 20:00:00,Trenton,82.0,0.0,,,,,82.0,0.0
2026-09-16 21:00:00,New York City,78.0,2.0,78.9,17.0,,,78.5,9.5
2026-09-16 21:00:00,Chicago,69.0,30.0,70.8,47.0,,,69.9,38.5
2026-09-16 21:00:00,Austin,101.0,1.0,98.4,0.0,,,99.7,0.5
2026-09-16 21:00:00,Miami,88.0,45.0,88.3,30.0,,,88.2,37.5
2026-09-16 21:00:00,Denver,84.0,27.0,83.2,27.0,,,83.6,27.0
2026-09-16 21:00:00,Philadelphia,82.0,0.0,82.4,1.0,,,82.2,0.5
2026-09-16 21:00:00,Los Angeles,78.0,2.0,79.9,4.0,,,79.0,3.0
2026-09-16 21:00:00,Las Vegas,96.0,0.0,98.2,3.0,,,97.1,1.5
2026-09-16 21:00:00,New Orleans,88.0,18.0,89.5,28.0,,,88.8,23.0
2026-09-16 21:00:00,San Francisco,66.0,4.0,64.7,2.0,,,65.3,3.0
2026-09-16 21:00:00,Washington DC,87.0,1.0,,,,,87.0,1.0
2026-09-16 21:00:00,Seattle,72.0,0.0,,,,,72.0,0.0
2026-09-16 21:00:00,Boston,78.0,1.0,,,,,78.0,1.0
2026-09-16 21:00:00,Phoenix,88.0,86.0,,,,,88.0,86.0
2026-09-16 21:00:00,Atlanta,91.0,0.0,,,,,91.0,0.0
2026-09-16 21:00:00,Minneapolis,75.0,3.0,,,,,75.0,3.0
2026-09-16 21:00:00,Dallas,101.0,4.0,,,,,101.0,4.0
2026-09-16 21:00:00,San Antonio,99.0,5.0,,,,,99.0,5.0
2026-09-16 21:00:00,Houston,95.0,9.0,,,,,95.0,9.0
2026-09-16 21:00:00,Oklahoma City,100.0,15.0,,,,,100.0,15.0
2026-09-16 21:00:00,Newark,80.0,2.0,82.1,17.0,,,81.0,9.5
2026-09-16 21:00:00,Trenton,82.0,0.0,81.5,1.0,,,81.8,0.5
2026-09-16 22:00:00,New York City,78.0,2.0,78.9,17.0,,,78.5,9.5
2026-09-16 22:00:00,Chicago,69.0,30.0,70.8,47.0,,,69.9,38.5
2026-09-16 22:00:00,Austin,101.0,1.0,98.4,0.0,,,99.7,0.5
2026-09-16 22:00:00,Miami,88.0,45.0,88.3,30.0,,,88.2,37.5
2026-09-16 22:00:00,Denver,84.0,27.0,83.2,27.0,,,83.6,27.0
2026-09-16 22:00:00,Philadelphia,82.0,0.0,82.8,1.0,,,82.4,0.5
2026-09-16 22:00:00,Los Angeles,78.0,2.0,81.2,4.0,,,79.6,3.0
2026-09-16 22:00:00,Las Vegas,96.0,0.0,98.1,3.0,,,97.0,1.5
2026-09-16 22:00:00,New Orleans,88.0,21.0,89.5,28.0,,,88.8,24.5
2026-09-16 22:00:00,San Francisco,66.0,4.0,63.0,2.0,,,64.5,3.0
2026-09-16 22:00:00,Washington DC,87.0,1.0,84.0,0.0,,,85.5,0.5
2026-09-16 22:00:00,Seattle,72.0,0.0,70.2,1.0,,,71.1,0.5
2026-09-16 22:00:00,Boston,78.0,1.0,80.8,1.0,,,79.4,1.0
2026-09-16 22:00:00,Phoenix,88.0,86.0,,,,,88.0,86.0
2026-09-16 22:00:00,Atlanta,91.0,0.0,,,,,91.0,0.0
2026-09-16 22:00:00,Minneapolis,75.0,3.0,,,,,75.0,3.0
2026-09-16 22:00:00,Dallas,101.0,4.0,,,,,101.0,4.0
2026-09-16 22:00:00,San Antonio,99.0,5.0,,,,,99.0,5.0
2026-09-16 22:00:00,Houston,95.0,9.0,,,,,95.0,9.0
2026-09-16 22:00:00,Oklahoma City,100.0,15.0,,,,,100.0,15.0
2026-09-16 22:00:00,Newark,80.0,2.0,,,,,80.0,2.0
2026-09-16 22:00:00,Trenton,82.0,0.0,,,,,82.0,0.0
2026-09-16 23:00:00,New York City,82.0,10.0,78.9,17.0,,,80.5,13.5
2026-09-16 23:00:00,Chicago,71.0,30.0,70.8,47.0,,,70.9,38.5
2026-09-16 23:00:00,Austin,101.0,1.0,97.8,0.0,,,99.4,0.5
2026-09-16 23:00:00,Miami,88.0,66.0,88.3,30.0,,,88.2,48.0
2026-09-16 23:00:00,Denver,84.0,27.0,83.2,37.0,,,83.6,32.0
2026-09-16 23:00:00,Philadelphia,86.0,8.0,82.8,1.0,,,84.4,4.5
2026-09-16 23:00:00,Los Angeles,78.0,2.0,80.8,4.0,,,79.4,3.0
2026-09-16 23:00:00,Las Vegas,96.0,0.0,98.1,2.0,,,97.0,1.0
2026-09-16 23:00:00,New Orleans,88.0,15.0,89.5,28.0,,,88.8,21.5
2026-09-16 23:00:00,San Francisco,66.0,4.0,64.2,2.0,,,65.1,3.0
2026-09-16 23:00:00,Washington DC,90.0,28.0,84.4,1.0,,,87.2,14.5
2026-09-16 23:00:00,Seattle,72.0,0.0,,,,,72.0,0.0
2026-09-16 23:00:00,Boston,79.0,19.0,,,,,79.0,19.0
2026-09-16 23:00:00,Phoenix,88.0,86.0,,,,,88.0,86.0
2026-09-16 23:00:00,Atlanta,92.0,1.0,,,,,92.0,1.0
2026-09-16 23:00:00,Minneapolis,75.0,3.0,,,,,75.0,3.0
2026-09-16 23:00:00,Dallas,101.0,4.0,,,,,101.0,4.0
2026-09-16 23:00:00,San Antonio,98.0,17.0,,,,,98.0,17.0
2026-09-16 23:00:00,Houston,95.0,9.0,,,,,95.0,9.0
2026-09-16 23:00:00,Oklahoma City,100.0,15.0,,,,,100.0,15.0
2026-09-16 23:00:00,Newark,85.0,12.0,,,,,85.0,12.0
2026-09-16 23:00:00,Trenton,85.0,7.0,,,,,85.0,7.0
2026-09-17 00:00:00,New York City,82.0,10.0,78.9,17.0,,,80.5,13.5
2026-09-17 00:00:00,Chicago,73.0,77.0,70.8,47.0,,,71.9,62.0
2026-09-17 00:00:00,Austin,100.0,17.0,97.8,0.0,,,98.9,8.5
2026-09-17 00:00:00,Miami,88.0,66.0,88.3,30.0,,,88.2,48.0
2026-09-17 00:00:00,Denver,84.0,27.0,83.2,39.0,,,83.6,33.0
2026-09-17 00:00:00,Philadelphia,86.0,8.0,82.8,1.0,,,84.4,4.5
2026-09-17 00:00:00,Los Angeles,78.0,2.0,82.2,4.0,,,80.1,3.0
2026-09-17 00:00:00,Las Vegas,96.0,0.0,98.0,1.0,,,97.0,0.5
2026-09-17 00:00:00,New Orleans,88.0,0.0,89.5,28.0,,,88.8,14.0
2026-09-17 00:00:00,San Francisco,66.0,4.0,,,,,66.0,4.0
2026-09-17 00:00:00,Washington DC,90.0,28.0,,,,,90.0,28.0
2026-09-17 00:00:00,Seattle,72.0,0.0,,,,,72.0,0.0
2026-09-17 00:00:00,Boston,79.0,19.0,,,,,79.0,19.0
2026-09-17 00:00:00,Phoenix,88.0,86.0,,,,,88.0,86.0
2026-09-17 00:00:00,Atlanta,92.0,1.0,,,,,92.0,1.0
2026-09-17 00:00:00,Minneapolis,77.0,4.0,,,,,77.0,4.0
2026-09-17 00:00:00,Dallas,100.0,12.0,100.3,1.0,,,100.2,6.5
2026-09-17 00:00:00,San Antonio,98.0,17.0,99.2,4.0,,,98.6,10.5
2026-09-17 00:00:00,Houston,92.0,38.0,93.0,7.0,,,92.5,22.5
2026-09-17 00:00:00,Oklahoma City,99.0,3.0,100.8,1.0,,,99.9,2.0
2026-09-17 00:00:00,Newark,85.0,12.0,80.9,17.0,,,83.0,14.5
2026-09-17 00:00:00,Trenton,85.0,7.0,81.9,1.0,,,83.5,4.0
2026-09-17 01:00:00,New York City,82.0,10.0,78.9,17.0,,,80.5,13.5
2026-09-17 01:00:00,Chicago,73.0,77.0,70.8,47.0,,,71.9,62.0
2026-09-17 01:00:00,Austin,100.0,17.0,97.8,0.0,,,98.9,8.5
2026-09-17 01:00:00,Miami,88.0,66.0,88.3,30.0,,,88.2,48.0
2026-09-17 01:00:00,Denver,82.0,39.0,83.2,39.0,,,82.6,39.0
2026-09-17 01:00:00,Philadelphia,86.0,8.0,82.8,1.0,,,84.4,4.5
2026-09-17 01:00:00,Los Angeles,78.0,8.0,82.2,4.0,,,80.1,6.0
2026-09-17 01:00:00,Las Vegas,95.0,14.0,98.0,1.0,,,96.5,7.5
2026-09-17 01:00:00,New Orleans,88.0,0.0,89.5,28.0,,,88.8,14.0
2026-09-17 01:00:00,San Francisco,70.0,15.0,64.1,2.0,,,67.0,8.5
2026-09-17 01:00:00,Washington DC,90.0,28.0,84.4,1.0,,,87.2,14.5
2026-09-17 01:00:00,Seattle,72.0,0.0,,,,,72.0,0.0
2026-09-17 01:00:00,Boston,79.0,19.0,,,,,79.0,19.0
2026-09-17 01:00:00,Phoenix,88.0,86.0,,,,,88.0,86.0
2026-09-17 01:00:00,Atlanta,92.0,1.0,,,,,92.0,1.0
2026-09-17 01:00:00,Minneapolis,77.0,4.0,,,,,77.0,4.0
2026-09-17 01:00:00,Dallas,100.0,12.0,,,,,100.0,12.0
2026-09-17 01:00:00,San Antonio,98.0,17.0,,,,,98.0,17.0
2026-09-17 01:00:00,Houston,92.0,38.0,,,,,92.0,38.0
2026-09-17 01:00:00,Oklahoma City,99.0,3.0,,,,,99.0,3.0
2026-09-17 01:00:00,Newark,85.0,12.0,,,,,85.0,12.0
2026-09-17 01:00:00,Trenton,85.0,7.0,,,,,85.0,7.0
2026-09-17 02:00:00,New York City,82.0,10.0,78.9,17.0,,,80.5,13.5
2026-09-17 02:00:00,Chicago,73.0,77.0,70.8,47.0,,,71.9,62.0
2026-09-17 02:00:00,Austin,100.0,17.0,97.8,0.0,,,98.9,8.5
2026-09-17 02:00:00,Miami,88.0,66.0,88.3,30.0,,,88.2,48.0
2026-09-17 02:00:00,Denver,82.0,39.0,83.2,37.0,,,82.6,38.0
2026-09-17 02:00:00,Philadelphia,86.0,8.0,82.8,1.0,,,84.4,4.5
2026-09-17 02:00:00,Los Angeles,78.0,8.0,82.2,4.0,,,80.1,6.0
2026-09-17 02:00:00,Las Vegas,95.0,14.0,98.0,1.0,,,96.5,7.5
2026-09-17 02:00:00,New Orleans,88.0,0.0,89.5,28.0,,,88.8,14.0
2026-09-17 02:00:00,San Francisco,70.0,15.0,64.6,2.0,,,67.3,8.5
2026-09-17 02:00:00,Washington DC,90.0,28.0,84.4,1.0,,,87.2,14.5
2026-09-17 02:00:00,Seattle,73.0,0.0,70.9,1.0,,,72.0,0.5
2026-09-17 02:00:00,Boston,79.0,19.0,80.8,1.0,,,79.9,10.0
2026-09-17 02:00:00,Phoenix,93.0,6.0,92.4,57.0,,,92.7,31.5
2026-09-17 02:00:00,Atlanta,92.0,1.0,,,,,92.0,1.0
2026-09-17 02:00:00,Minneapolis,77.0,4.0,,,,,77.0,4.0
2026-09-17 02:00:00,Dallas,100.0,12.0,,,,,100.0,12.0
2026-09-17 02:00:00,San Antonio,98.0,17.0,,,,,98.0,17.0
2026-09-17 02:00:00,Houston,92.0,38.0,,,,,92.0,38.0
2026-09-17 02:00:00,Oklahoma City,99.0,3.0,,,,,99.0,3.0
2026-09-17 02:00:00,Newark,85.0,12.0,,,,,85.0,12.0
2026-09-17 02:00:00,Trenton,85.0,7.0,81.9,1.0,,,83.5,4.0
